electrode,theta_mean,theta_std,interpolated,participant_id,condition,task,n_epochs_used,n_bad_channels
Fp1,0.2978531039186644,0.11714955127741129,False,sub-01,NS,eyesclosed,75,0
AF3,0.29330725832957666,0.13059181544509485,False,sub-01,NS,eyesclosed,75,0
AF7,0.2812745664262522,0.10339661793157863,False,sub-01,NS,eyesclosed,75,0
Fz,0.2500200604295503,0.10571965130673953,False,sub-01,NS,eyesclosed,75,0
F1,0.28276459419313704,0.12120451577295632,False,sub-01,NS,eyesclosed,75,0
F3,0.29776145551242045,0.11673402495124222,False,sub-01,NS,eyesclosed,75,0
F5,0.30102010194256223,0.10134277062723736,False,sub-01,NS,eyesclosed,75,0
F7,0.27621598691621374,0.08287978122075754,False,sub-01,NS,eyesclosed,75,0
FC1,0.24809243332270264,0.08082497354950938,False,sub-01,NS,eyesclosed,75,0
FC3,0.2792009292928802,0.08452893464439629,False,sub-01,NS,eyesclosed,75,0
FC5,0.27835250046709964,0.08076397353117906,False,sub-01,NS,eyesclosed,75,0
FT7,0.25386496411598986,0.08312763993359891,False,sub-01,NS,eyesclosed,75,0
Cz,0.18050956703151658,0.07277474425796357,False,sub-01,NS,eyesclosed,75,0
C1,0.21782104349647088,0.0713146081142039,False,sub-01,NS,eyesclosed,75,0
C3,0.22751876079036318,0.0782559604950209,False,sub-01,NS,eyesclosed,75,0
C5,0.25644599877519153,0.08660598190326815,False,sub-01,NS,eyesclosed,75,0
T7,0.24487724332271224,0.08295248415765988,False,sub-01,NS,eyesclosed,75,0
CP1,0.19008475731916394,0.07485379815217644,False,sub-01,NS,eyesclosed,75,0
CP3,0.2128880631301176,0.08273902636844792,False,sub-01,NS,eyesclosed,75,0
CP5,0.2405340017660212,0.09177483701239625,False,sub-01,NS,eyesclosed,75,0
TP7,0.24490039971829133,0.09325568071120864,False,sub-01,NS,eyesclosed,75,0
TP9,0.1634036201565362,0.0650162490111659,False,sub-01,NS,eyesclosed,75,0
Pz,0.15197623801062468,0.0689810056011515,False,sub-01,NS,eyesclosed,75,0
P1,0.16833595042854013,0.07602529943068817,False,sub-01,NS,eyesclosed,75,0
P3,0.1846525022081759,0.08484139343226413,False,sub-01,NS,eyesclosed,75,0
P5,0.21857934006860225,0.09268592042882971,False,sub-01,NS,eyesclosed,75,0
P7,0.2394132192417477,0.09324218022831364,False,sub-01,NS,eyesclosed,75,0
PO3,0.1756403976022743,0.08508656073892681,False,sub-01,NS,eyesclosed,75,0
PO7,0.22279397111122579,0.09464618297225531,False,sub-01,NS,eyesclosed,75,0
Oz,0.18468893703542036,0.0812485609602069,False,sub-01,NS,eyesclosed,75,0
O1,0.19140455201616988,0.08849921231560114,False,sub-01,NS,eyesclosed,75,0
Fpz,0.2710341702919582,0.11377193634739265,False,sub-01,NS,eyesclosed,75,0
Fp2,0.24540750225327596,0.0976031542970777,False,sub-01,NS,eyesclosed,75,0
AF4,0.2570464635992123,0.10494246430428263,False,sub-01,NS,eyesclosed,75,0
AF8,0.22774904399842474,0.08516057178810373,False,sub-01,NS,eyesclosed,75,0
F2,0.22367613948225198,0.08578884143964938,False,sub-01,NS,eyesclosed,75,0
F4,0.224203847697689,0.08607179193908748,False,sub-01,NS,eyesclosed,75,0
F6,0.22851090871732613,0.0853764771392842,False,sub-01,NS,eyesclosed,75,0
F8,0.23273764206882183,0.08237459343048134,False,sub-01,NS,eyesclosed,75,0
FC2,0.20732626478144398,0.07434406942392063,False,sub-01,NS,eyesclosed,75,0
FC4,0.21557215647664185,0.08089614608093587,False,sub-01,NS,eyesclosed,75,0
FC6,0.21783048953582967,0.07510512660627384,False,sub-01,NS,eyesclosed,75,0
FT8,0.2338092160926891,0.08420590588379417,False,sub-01,NS,eyesclosed,75,0
C2,0.18906941544222258,0.07863630846803144,False,sub-01,NS,eyesclosed,75,0
C4,0.16489176484743492,0.060920027019717424,False,sub-01,NS,eyesclosed,75,0
C6,0.21651688029743654,0.08232228367797088,False,sub-01,NS,eyesclosed,75,0
T8,0.2439176231638531,0.09008095996586968,False,sub-01,NS,eyesclosed,75,0
CPz,0.1657572704453102,0.07014826987203897,False,sub-01,NS,eyesclosed,75,0
CP2,0.1589071516425196,0.07020080194378835,False,sub-01,NS,eyesclosed,75,0
CP4,0.18435322089201908,0.07625638305222641,False,sub-01,NS,eyesclosed,75,0
CP6,0.2084474480179904,0.09416112205706252,False,sub-01,NS,eyesclosed,75,0
TP8,0.24680345211822033,0.10739156104675082,False,sub-01,NS,eyesclosed,75,0
TP10,0.2766580825381979,0.11273299562382723,False,sub-01,NS,eyesclosed,75,0
P2,0.1513069265954898,0.06534541564255106,False,sub-01,NS,eyesclosed,75,0
P4,0.17813048176774104,0.08040997448431295,False,sub-01,NS,eyesclosed,75,0
P6,0.18972286049733128,0.08602914240672527,False,sub-01,NS,eyesclosed,75,0
P8,0.21819262248757607,0.0998458970253109,False,sub-01,NS,eyesclosed,75,0
POz,0.17227140942721333,0.08304297912280435,False,sub-01,NS,eyesclosed,75,0
PO4,0.2062660468510013,0.08441323824903599,False,sub-01,NS,eyesclosed,75,0
PO8,0.22698559405955085,0.10242587066805259,False,sub-01,NS,eyesclosed,75,0
O2,0.21765013207149073,0.09109837241073723,False,sub-01,NS,eyesclosed,75,0
Fp1,0.29697180182117683,0.1464918967462918,False,sub-01,NS,eyesopen,75,1
AF3,0.30877234739252174,0.12311815096627331,False,sub-01,NS,eyesopen,75,1
AF7,0.29072076150136317,0.1470412896450767,False,sub-01,NS,eyesopen,75,1
Fz,0.29620289588713805,0.09616117648465063,False,sub-01,NS,eyesopen,75,1
F1,0.3034432867760834,0.09068650730797863,False,sub-01,NS,eyesopen,75,1
F3,0.3104206010004477,0.11443345773938446,False,sub-01,NS,eyesopen,75,1
F5,0.30707613148804075,0.13393699550648513,False,sub-01,NS,eyesopen,75,1
F7,0.2844300694475089,0.13084231896002774,False,sub-01,NS,eyesopen,75,1
FC1,0.2657546100935645,0.08393239104769763,False,sub-01,NS,eyesopen,75,1
FC3,0.2686610160243366,0.09018143828840491,False,sub-01,NS,eyesopen,75,1
FC5,0.26734341774812154,0.10427713642607321,False,sub-01,NS,eyesopen,75,1
FT7,0.22545689537774796,0.10230912959803388,False,sub-01,NS,eyesopen,75,1
Cz,0.21630670606794808,0.068417498590126,False,sub-01,NS,eyesopen,75,1
C1,0.2059674926602345,0.061723673745693514,False,sub-01,NS,eyesopen,75,1
C3,0.20029697746501107,0.06772181117464814,False,sub-01,NS,eyesopen,75,1
C5,0.20484331502247344,0.0718009259119215,False,sub-01,NS,eyesopen,75,1
T7,0.142222978992487,0.05645075867737874,False,sub-01,NS,eyesopen,75,1
CP1,0.1828611787115587,0.0627734564345476,False,sub-01,NS,eyesopen,75,1
CP3,0.19565903701637236,0.0697841683320358,False,sub-01,NS,eyesopen,75,1
CP5,0.2111557145443056,0.07430056733647485,False,sub-01,NS,eyesopen,75,1
TP7,0.14643887416767812,0.08138541281035298,False,sub-01,NS,eyesopen,75,1
TP9,0.14469065389736177,0.0585587148854367,True,sub-01,NS,eyesopen,75,1
Pz,0.1863378211514032,0.060379731460743324,False,sub-01,NS,eyesopen,75,1
P1,0.19737107312005875,0.06643003173506841,False,sub-01,NS,eyesopen,75,1
P3,0.2328206491500561,0.08850028449430705,False,sub-01,NS,eyesopen,75,1
P5,0.2302675255447621,0.09333412268180015,False,sub-01,NS,eyesopen,75,1
P7,0.19709003557319993,0.07922856334892045,False,sub-01,NS,eyesopen,75,1
PO3,0.2417787820679942,0.08562227362622954,False,sub-01,NS,eyesopen,75,1
PO7,0.16398393644049786,0.06550409863382711,False,sub-01,NS,eyesopen,75,1
Oz,0.19109988994566693,0.06785507096432816,False,sub-01,NS,eyesopen,75,1
O1,0.19226654233030904,0.06805604620713754,False,sub-01,NS,eyesopen,75,1
Fpz,0.2591274958521092,0.10899297215979523,False,sub-01,NS,eyesopen,75,1
Fp2,0.20912727315163407,0.0827601764178718,False,sub-01,NS,eyesopen,75,1
AF4,0.25396559304894656,0.08331277423705045,False,sub-01,NS,eyesopen,75,1
AF8,0.22259564967930204,0.07933172493779966,False,sub-01,NS,eyesopen,75,1
F2,0.2863655539139983,0.10182299829020755,False,sub-01,NS,eyesopen,75,1
F4,0.24967883660556708,0.08095063222443215,False,sub-01,NS,eyesopen,75,1
F6,0.2226248744485957,0.07625674514653695,False,sub-01,NS,eyesopen,75,1
F8,0.1914581697465578,0.06850044821795157,False,sub-01,NS,eyesopen,75,1
FC2,0.2499206773860699,0.07751209249816977,False,sub-01,NS,eyesopen,75,1
FC4,0.23073974679401302,0.08598168175770061,False,sub-01,NS,eyesopen,75,1
FC6,0.17759080297057406,0.06698498371537341,False,sub-01,NS,eyesopen,75,1
FT8,0.12317400726641625,0.05196701821056797,False,sub-01,NS,eyesopen,75,1
C2,0.20539005456744705,0.07671970028130579,False,sub-01,NS,eyesopen,75,1
C4,0.15735318231965167,0.06389596729714786,False,sub-01,NS,eyesopen,75,1
C6,0.2016567556910129,0.07059672393468613,False,sub-01,NS,eyesopen,75,1
T8,0.13567191723919345,0.08289710188123192,False,sub-01,NS,eyesopen,75,1
CPz,0.1900643404049682,0.0667508581730497,False,sub-01,NS,eyesopen,75,1
CP2,0.16975516999905765,0.06560872117983019,False,sub-01,NS,eyesopen,75,1
CP4,0.1914626260131312,0.0716741837601489,False,sub-01,NS,eyesopen,75,1
CP6,0.15330250998813444,0.0623814392003828,False,sub-01,NS,eyesopen,75,1
TP8,0.1909096272242136,0.07016308603953988,False,sub-01,NS,eyesopen,75,1
TP10,0.1346119159236159,0.048658255842320405,False,sub-01,NS,eyesopen,75,1
P2,0.1925503665506339,0.0712396684966408,False,sub-01,NS,eyesopen,75,1
P4,0.18690646225400567,0.060061998176065154,False,sub-01,NS,eyesopen,75,1
P6,0.17384839885384226,0.05745390951750805,False,sub-01,NS,eyesopen,75,1
P8,0.16343832939170555,0.0521154736877355,False,sub-01,NS,eyesopen,75,1
POz,0.22614091366449918,0.07664418799832363,False,sub-01,NS,eyesopen,75,1
PO4,0.17757712962233,0.060150654946835816,False,sub-01,NS,eyesopen,75,1
PO8,0.13129027867362925,0.04392882087375423,False,sub-01,NS,eyesopen,75,1
O2,0.1273353306915708,0.04380845142137213,False,sub-01,NS,eyesopen,75,1
Fp1,0.27061798065785414,0.10409924957698166,False,sub-01,SD,eyesclosed,75,0
AF3,0.29220265747172164,0.11906001987946915,False,sub-01,SD,eyesclosed,75,0
AF7,0.2491290980931177,0.09409672382105787,False,sub-01,SD,eyesclosed,75,0
Fz,0.2967924256939108,0.13667527793088982,False,sub-01,SD,eyesclosed,75,0
F1,0.2951666177670671,0.12081095618172108,False,sub-01,SD,eyesclosed,75,0
F3,0.28321450976053586,0.10572223379309828,False,sub-01,SD,eyesclosed,75,0
F5,0.26055091070868824,0.09977780442276388,False,sub-01,SD,eyesclosed,75,0
F7,0.23759064133314917,0.0894612830662069,False,sub-01,SD,eyesclosed,75,0
FC1,0.2706854358813216,0.09794408835339634,False,sub-01,SD,eyesclosed,75,0
FC3,0.2720809423788595,0.09714404741118059,False,sub-01,SD,eyesclosed,75,0
FC5,0.2561752574628379,0.08210887989460443,False,sub-01,SD,eyesclosed,75,0
FT7,0.25304059025107933,0.09337257216604931,False,sub-01,SD,eyesclosed,75,0
Cz,0.22846942659923608,0.11245636630287636,False,sub-01,SD,eyesclosed,75,0
C1,0.2471137563409685,0.10793772563485331,False,sub-01,SD,eyesclosed,75,0
C3,0.2547088361913604,0.08992623215224615,False,sub-01,SD,eyesclosed,75,0
C5,0.2699984967230248,0.0936400110402571,False,sub-01,SD,eyesclosed,75,0
T7,0.2746796152126085,0.0968136623872671,False,sub-01,SD,eyesclosed,75,0
CP1,0.2378335341708772,0.12040863718453572,False,sub-01,SD,eyesclosed,75,0
CP3,0.25992361146737325,0.11115412185526323,False,sub-01,SD,eyesclosed,75,0
CP5,0.27558541833674915,0.10744396290678694,False,sub-01,SD,eyesclosed,75,0
TP7,0.26548683263293904,0.09805567242515498,False,sub-01,SD,eyesclosed,75,0
TP9,0.21196718412150026,0.08934226046998925,False,sub-01,SD,eyesclosed,75,0
Pz,0.20378779688329002,0.11087779560297387,False,sub-01,SD,eyesclosed,75,0
P1,0.21560098037753278,0.12032012354315202,False,sub-01,SD,eyesclosed,75,0
P3,0.23572101078038074,0.12553155597515198,False,sub-01,SD,eyesclosed,75,0
P5,0.2637091884667507,0.11750197781927571,False,sub-01,SD,eyesclosed,75,0
P7,0.261427236618537,0.10142677338895659,False,sub-01,SD,eyesclosed,75,0
PO3,0.223755373651954,0.12667243051857482,False,sub-01,SD,eyesclosed,75,0
PO7,0.24074151119963985,0.10593622416821283,False,sub-01,SD,eyesclosed,75,0
Oz,0.18340709492831916,0.07869524138391096,False,sub-01,SD,eyesclosed,75,0
O1,0.1911955996731249,0.08722834368861888,False,sub-01,SD,eyesclosed,75,0
Fpz,0.2653415836162082,0.11545284552412748,False,sub-01,SD,eyesclosed,75,0
Fp2,0.2338106713747076,0.08872758211536735,False,sub-01,SD,eyesclosed,75,0
AF4,0.2701480827723973,0.11493856222139762,False,sub-01,SD,eyesclosed,75,0
AF8,0.19881458448032846,0.07331063636882867,False,sub-01,SD,eyesclosed,75,0
F2,0.2719838334052721,0.09964813245887168,False,sub-01,SD,eyesclosed,75,0
F4,0.24814771376571523,0.08412572327195264,False,sub-01,SD,eyesclosed,75,0
F6,0.2327157386234984,0.08405400850159028,False,sub-01,SD,eyesclosed,75,0
F8,0.21737318209640624,0.0806875822661578,False,sub-01,SD,eyesclosed,75,0
FC2,0.24292922859718086,0.08380941768409395,False,sub-01,SD,eyesclosed,75,0
FC4,0.24310879297100277,0.08359185865704878,False,sub-01,SD,eyesclosed,75,0
FC6,0.24918204163109056,0.08912198290027172,False,sub-01,SD,eyesclosed,75,0
FT8,0.25044442846657367,0.09184418407163236,False,sub-01,SD,eyesclosed,75,0
C2,0.239505323572134,0.10802290790993062,False,sub-01,SD,eyesclosed,75,0
C4,0.24046994988505366,0.09266698468416543,False,sub-01,SD,eyesclosed,75,0
C6,0.25427507407493843,0.09180256372914077,False,sub-01,SD,eyesclosed,75,0
T8,0.26071011438155206,0.09264660011593928,False,sub-01,SD,eyesclosed,75,0
CPz,0.2171738483035255,0.11040763018750623,False,sub-01,SD,eyesclosed,75,0
CP2,0.2133893163611307,0.0985555378466385,False,sub-01,SD,eyesclosed,75,0
CP4,0.23481158958016754,0.10451104672805966,False,sub-01,SD,eyesclosed,75,0
CP6,0.2354801627252274,0.09598771054023256,False,sub-01,SD,eyesclosed,75,0
TP8,0.2703600825549332,0.10516753846348102,False,sub-01,SD,eyesclosed,75,0
TP10,0.2558670807964788,0.09573282193373099,False,sub-01,SD,eyesclosed,75,0
P2,0.21712531105657581,0.1102318559481243,False,sub-01,SD,eyesclosed,75,0
P4,0.20505310723192952,0.09579621267534072,False,sub-01,SD,eyesclosed,75,0
P6,0.23232650945029154,0.10742481017144814,False,sub-01,SD,eyesclosed,75,0
P8,0.2537698058879528,0.10755871296813733,False,sub-01,SD,eyesclosed,75,0
POz,0.21687872745992215,0.11466711301313139,False,sub-01,SD,eyesclosed,75,0
PO4,0.22763350705599308,0.104748801245013,False,sub-01,SD,eyesclosed,75,0
PO8,0.22527447127037614,0.10161073563894918,False,sub-01,SD,eyesclosed,75,0
O2,0.22577291024703305,0.10105403176221121,False,sub-01,SD,eyesclosed,75,0
Fp1,0.14853626479022733,0.059095111825541224,False,sub-02,NS,eyesclosed,75,0
AF3,0.14313348457692604,0.05850193438933145,False,sub-02,NS,eyesclosed,75,0
AF7,0.09165538397574763,0.032959584336797576,False,sub-02,NS,eyesclosed,75,0
Fz,0.14070351613566545,0.057059866239758374,False,sub-02,NS,eyesclosed,75,0
F1,0.1618237507712309,0.06417606896178525,False,sub-02,NS,eyesclosed,75,0
F3,0.15973979003811803,0.06110307849927154,False,sub-02,NS,eyesclosed,75,0
F5,0.15889191221197255,0.06714147385093495,False,sub-02,NS,eyesclosed,75,0
F7,0.15645100663783626,0.06187943225124401,False,sub-02,NS,eyesclosed,75,0
FC1,0.10987981734767673,0.04870358572236129,False,sub-02,NS,eyesclosed,75,0
FC3,0.15851608665744854,0.06662530589986934,False,sub-02,NS,eyesclosed,75,0
FC5,0.15941904909167084,0.06782421036826448,False,sub-02,NS,eyesclosed,75,0
FT7,0.16264353105390533,0.06073185434722132,False,sub-02,NS,eyesclosed,75,0
Cz,0.12033249856627179,0.0419088041255865,False,sub-02,NS,eyesclosed,75,0
C1,0.12390655479526295,0.04947758478985607,False,sub-02,NS,eyesclosed,75,0
C3,0.13593021866930816,0.059830404849660686,False,sub-02,NS,eyesclosed,75,0
C5,0.13073731148957687,0.051721129814254835,False,sub-02,NS,eyesclosed,75,0
T7,0.1163301119059634,0.044640125765823546,False,sub-02,NS,eyesclosed,75,0
CP1,0.10044715101735884,0.04306546152541925,False,sub-02,NS,eyesclosed,75,0
CP3,0.09424384243536024,0.04248775296385367,False,sub-02,NS,eyesclosed,75,0
CP5,0.08310119580881023,0.040627615553932336,False,sub-02,NS,eyesclosed,75,0
TP7,0.09073877822389374,0.03678213476553279,False,sub-02,NS,eyesclosed,75,0
TP9,0.109766174400717,0.038965051087267825,False,sub-02,NS,eyesclosed,75,0
Pz,0.08690329019569726,0.037067749709838,False,sub-02,NS,eyesclosed,75,0
P1,0.06950716520851867,0.033599812739813655,False,sub-02,NS,eyesclosed,75,0
P3,0.05387150903250185,0.03132938467171241,False,sub-02,NS,eyesclosed,75,0
P5,0.05829344807792186,0.03291150913076933,False,sub-02,NS,eyesclosed,75,0
P7,0.07848628298753417,0.03608256802385723,False,sub-02,NS,eyesclosed,75,0
PO3,0.0644004679291623,0.03349316263494144,False,sub-02,NS,eyesclosed,75,0
PO7,0.05929155174654054,0.0329747347490695,False,sub-02,NS,eyesclosed,75,0
Oz,0.07722618572282695,0.03513782331428603,False,sub-02,NS,eyesclosed,75,0
O1,0.09328245540122734,0.041056809856651375,False,sub-02,NS,eyesclosed,75,0
Fpz,0.14960281017991084,0.05980423049652137,False,sub-02,NS,eyesclosed,75,0
Fp2,0.15853542428105497,0.06393761511131893,False,sub-02,NS,eyesclosed,75,0
AF4,0.15474932339554706,0.05993618224270424,False,sub-02,NS,eyesclosed,75,0
AF8,0.16764795973315053,0.06257196236908465,False,sub-02,NS,eyesclosed,75,0
F2,0.16880508581007897,0.058739540353536485,False,sub-02,NS,eyesclosed,75,0
F4,0.16289324328542626,0.06026138795679129,False,sub-02,NS,eyesclosed,75,0
F6,0.160082461179506,0.062212573408112745,False,sub-02,NS,eyesclosed,75,0
F8,0.16498077504272998,0.06363201086924446,False,sub-02,NS,eyesclosed,75,0
FC2,0.14882625858004797,0.047195398018190164,False,sub-02,NS,eyesclosed,75,0
FC4,0.15784974966920615,0.05278002668739753,False,sub-02,NS,eyesclosed,75,0
FC6,0.16500359062792747,0.06027104188285357,False,sub-02,NS,eyesclosed,75,0
FT8,0.16816302073925146,0.061992316453796326,False,sub-02,NS,eyesclosed,75,0
C2,0.149512778164505,0.04749364137931695,False,sub-02,NS,eyesclosed,75,0
C4,0.11548612132152772,0.04197032173660594,False,sub-02,NS,eyesclosed,75,0
C6,0.1112588791725338,0.04157679289325046,False,sub-02,NS,eyesclosed,75,0
T8,0.1367597578458123,0.04812617582916578,False,sub-02,NS,eyesclosed,75,0
CPz,0.14609853136713405,0.055359196073448434,False,sub-02,NS,eyesclosed,75,0
CP2,0.09830732151793464,0.03472022771263751,False,sub-02,NS,eyesclosed,75,0
CP4,0.10021057108816785,0.038608513305113085,False,sub-02,NS,eyesclosed,75,0
CP6,0.1109288151484981,0.04305175878750242,False,sub-02,NS,eyesclosed,75,0
TP8,0.12328415565924339,0.04593315308953983,False,sub-02,NS,eyesclosed,75,0
TP10,0.12481056810958432,0.0417688580048676,False,sub-02,NS,eyesclosed,75,0
P2,0.09601924001350777,0.03869546391575709,False,sub-02,NS,eyesclosed,75,0
P4,0.08761773890355015,0.03573664357627437,False,sub-02,NS,eyesclosed,75,0
P6,0.0799216680417488,0.03617030226281866,False,sub-02,NS,eyesclosed,75,0
P8,0.07439810243954892,0.03276216037248363,False,sub-02,NS,eyesclosed,75,0
POz,0.08379598382619441,0.03581734564782086,False,sub-02,NS,eyesclosed,75,0
PO4,0.05921271233642768,0.02932251364477973,False,sub-02,NS,eyesclosed,75,0
PO8,0.05117289102907021,0.023664789934811102,False,sub-02,NS,eyesclosed,75,0
O2,0.07450115187202742,0.032875985030699,False,sub-02,NS,eyesclosed,75,0
Fp1,0.19763507393641225,0.06323353151575321,False,sub-02,NS,eyesopen,75,1
AF3,0.1941207030107182,0.06681948721426753,False,sub-02,NS,eyesopen,75,1
AF7,0.14464799953510935,0.05538189902603315,False,sub-02,NS,eyesopen,75,1
Fz,0.1923646292279889,0.0691012320942526,False,sub-02,NS,eyesopen,75,1
F1,0.1748533378718051,0.07064187536954374,False,sub-02,NS,eyesopen,75,1
F3,0.18106333184576762,0.07812603970130678,False,sub-02,NS,eyesopen,75,1
F5,0.18422182635892018,0.07945839214104,False,sub-02,NS,eyesopen,75,1
F7,0.18251978923831055,0.07802762550543857,False,sub-02,NS,eyesopen,75,1
FC1,0.11206050726795738,0.050704710016774616,False,sub-02,NS,eyesopen,75,1
FC3,0.15144949843623756,0.06580158203183188,False,sub-02,NS,eyesopen,75,1
FC5,0.16199958170558018,0.0728090350763891,False,sub-02,NS,eyesopen,75,1
FT7,0.1796136288448773,0.078835236897338,False,sub-02,NS,eyesopen,75,1
Cz,0.12875777627460464,0.06191662141482159,False,sub-02,NS,eyesopen,75,1
C1,0.1344458284873542,0.060943874433292855,False,sub-02,NS,eyesopen,75,1
C3,0.15289840862222195,0.06572958708390483,False,sub-02,NS,eyesopen,75,1
C5,0.1701902701962473,0.07020616021156446,False,sub-02,NS,eyesopen,75,1
T7,0.14237050503322174,0.06636693955089193,False,sub-02,NS,eyesopen,75,1
CP1,0.12985572045128743,0.06851200573515469,False,sub-02,NS,eyesopen,75,1
CP3,0.13026066429478506,0.06527918868064346,False,sub-02,NS,eyesopen,75,1
CP5,0.1388283721301658,0.06415365764264107,False,sub-02,NS,eyesopen,75,1
TP7,0.15676135547089262,0.06506406182444012,False,sub-02,NS,eyesopen,75,1
TP9,0.1690269313340309,0.0656838653565109,False,sub-02,NS,eyesopen,75,1
Pz,0.12270574720175782,0.06886869546075125,False,sub-02,NS,eyesopen,75,1
P1,0.11441489629882907,0.06173315747982496,False,sub-02,NS,eyesopen,75,1
P3,0.11214319715899798,0.060163687671607374,False,sub-02,NS,eyesopen,75,1
P5,0.12475540090823416,0.0656292197268103,False,sub-02,NS,eyesopen,75,1
P7,0.12280818805174773,0.05723092317169454,False,sub-02,NS,eyesopen,75,1
PO3,0.1151910414955947,0.062271026714797034,False,sub-02,NS,eyesopen,75,1
PO7,0.12789497740985462,0.06127745229317332,False,sub-02,NS,eyesopen,75,1
Oz,0.14284640190811837,0.05634709953966428,False,sub-02,NS,eyesopen,75,1
O1,0.13326507870075016,0.05825275761943525,True,sub-02,NS,eyesopen,75,1
Fpz,0.19395786608060786,0.066505413025455,False,sub-02,NS,eyesopen,75,1
Fp2,0.19605819719848308,0.0637959578373838,False,sub-02,NS,eyesopen,75,1
AF4,0.19802836474271404,0.06411770942626577,False,sub-02,NS,eyesopen,75,1
AF8,0.19025360385692336,0.0687763325351763,False,sub-02,NS,eyesopen,75,1
F2,0.19104992505608012,0.06627580728607145,False,sub-02,NS,eyesopen,75,1
F4,0.1920575596257123,0.06619646205447535,False,sub-02,NS,eyesopen,75,1
F6,0.19816777127570107,0.06737619915003608,False,sub-02,NS,eyesopen,75,1
F8,0.20386604881556844,0.06781120194511119,False,sub-02,NS,eyesopen,75,1
FC2,0.14206841553569927,0.05170021090317001,False,sub-02,NS,eyesopen,75,1
FC4,0.17151546676024806,0.06246821193532918,False,sub-02,NS,eyesopen,75,1
FC6,0.19148853472986946,0.07227658692159772,False,sub-02,NS,eyesopen,75,1
FT8,0.18956722325966988,0.069661689074964,False,sub-02,NS,eyesopen,75,1
C2,0.15883833376229675,0.0644086110154826,False,sub-02,NS,eyesopen,75,1
C4,0.13919418181363888,0.052777691055414876,False,sub-02,NS,eyesopen,75,1
C6,0.13196214925739091,0.05191522330730302,False,sub-02,NS,eyesopen,75,1
T8,0.1708137532556315,0.06135071989442281,False,sub-02,NS,eyesopen,75,1
CPz,0.18347613852346256,0.0632821729216966,False,sub-02,NS,eyesopen,75,1
CP2,0.1330705202153424,0.05655015112359657,False,sub-02,NS,eyesopen,75,1
CP4,0.13114774167527168,0.054062740745453634,False,sub-02,NS,eyesopen,75,1
CP6,0.16447272287974607,0.056876568840974584,False,sub-02,NS,eyesopen,75,1
TP8,0.16025758962779793,0.05804274053645978,False,sub-02,NS,eyesopen,75,1
TP10,0.13710943466604283,0.04563591234176692,False,sub-02,NS,eyesopen,75,1
P2,0.1316818902585109,0.07190084418802681,False,sub-02,NS,eyesopen,75,1
P4,0.12370900611833296,0.05645751691609395,False,sub-02,NS,eyesopen,75,1
P6,0.13525001893232616,0.06029525915661659,False,sub-02,NS,eyesopen,75,1
P8,0.14829885616902955,0.06516982142968983,False,sub-02,NS,eyesopen,75,1
POz,0.16329969346518788,0.05917338747671164,False,sub-02,NS,eyesopen,75,1
PO4,0.1251980312235782,0.06118744068165597,False,sub-02,NS,eyesopen,75,1
PO8,0.13466182047433864,0.060323616403791344,False,sub-02,NS,eyesopen,75,1
O2,0.1363829315012961,0.049383287589440515,False,sub-02,NS,eyesopen,75,1
Fp1,0.1864113737698753,0.07811955526528136,False,sub-02,SD,eyesclosed,75,0
AF3,0.18967495176523255,0.0875576843773815,False,sub-02,SD,eyesclosed,75,0
AF7,0.18696302001775356,0.07836053596235462,False,sub-02,SD,eyesclosed,75,0
Fz,0.18913393962848285,0.08959341425677735,False,sub-02,SD,eyesclosed,75,0
F1,0.18967170671215722,0.09079500832485896,False,sub-02,SD,eyesclosed,75,0
F3,0.16943038860810214,0.07680486746806969,False,sub-02,SD,eyesclosed,75,0
F5,0.20281907472401878,0.08182966297818117,False,sub-02,SD,eyesclosed,75,0
F7,0.20574772014478693,0.07884445623081247,False,sub-02,SD,eyesclosed,75,0
FC1,0.184786156135472,0.07422665315908461,False,sub-02,SD,eyesclosed,75,0
FC3,0.20348447572024225,0.08036220338272203,False,sub-02,SD,eyesclosed,75,0
FC5,0.21567029330885415,0.08342267855794867,False,sub-02,SD,eyesclosed,75,0
FT7,0.2243535327040829,0.08768363677241192,False,sub-02,SD,eyesclosed,75,0
Cz,0.18755872239991486,0.08142716434938432,False,sub-02,SD,eyesclosed,75,0
C1,0.19006593869681715,0.08243470751052098,False,sub-02,SD,eyesclosed,75,0
C3,0.19964239752485222,0.08514230950331152,False,sub-02,SD,eyesclosed,75,0
C5,0.20692662697113898,0.07995049765619262,False,sub-02,SD,eyesclosed,75,0
T7,0.20826609373799918,0.08093467659119014,False,sub-02,SD,eyesclosed,75,0
CP1,0.20089882292711836,0.08341251002609083,False,sub-02,SD,eyesclosed,75,0
CP3,0.20528335753744764,0.09580522184785506,False,sub-02,SD,eyesclosed,75,0
CP5,0.21629469058921733,0.09110430903252652,False,sub-02,SD,eyesclosed,75,0
TP7,0.22154385838355523,0.08544257324910405,False,sub-02,SD,eyesclosed,75,0
TP9,0.20181192876803192,0.08248398273785801,False,sub-02,SD,eyesclosed,75,0
Pz,0.21109510906025997,0.0810286910447594,False,sub-02,SD,eyesclosed,75,0
P1,0.208268870590833,0.08628478483017285,False,sub-02,SD,eyesclosed,75,0
P3,0.22017818692531188,0.09302518987032704,False,sub-02,SD,eyesclosed,75,0
P5,0.2211288408861148,0.0872550122588566,False,sub-02,SD,eyesclosed,75,0
P7,0.22206297617531356,0.08865690466336136,False,sub-02,SD,eyesclosed,75,0
PO3,0.22596849948741016,0.09275923248891116,False,sub-02,SD,eyesclosed,75,0
PO7,0.22447713345991901,0.08912064364432055,False,sub-02,SD,eyesclosed,75,0
Oz,0.21689427838448272,0.08459750072399783,False,sub-02,SD,eyesclosed,75,0
O1,0.21699209164902356,0.08779732995330386,False,sub-02,SD,eyesclosed,75,0
Fpz,0.19377092109442348,0.08294157410232879,False,sub-02,SD,eyesclosed,75,0
Fp2,0.187587163219729,0.07577128040676773,False,sub-02,SD,eyesclosed,75,0
AF4,0.1906081266755868,0.08253279238536766,False,sub-02,SD,eyesclosed,75,0
AF8,0.18466906415510287,0.07682205587836785,False,sub-02,SD,eyesclosed,75,0
F2,0.19896277464996856,0.08798765011903925,False,sub-02,SD,eyesclosed,75,0
F4,0.19539484642547586,0.07738013645243819,False,sub-02,SD,eyesclosed,75,0
F6,0.19377364588959048,0.07855088142007462,False,sub-02,SD,eyesclosed,75,0
F8,0.20012099579824286,0.08135811016029211,False,sub-02,SD,eyesclosed,75,0
FC2,0.16087878099559755,0.07533299089008647,False,sub-02,SD,eyesclosed,75,0
FC4,0.19021507298949022,0.07358900933501053,False,sub-02,SD,eyesclosed,75,0
FC6,0.19098838989522957,0.07061644434538843,False,sub-02,SD,eyesclosed,75,0
FT8,0.19564114347861916,0.06898007150065649,False,sub-02,SD,eyesclosed,75,0
C2,0.16722113405153347,0.08276646407313881,False,sub-02,SD,eyesclosed,75,0
C4,0.182038266526977,0.08163371229213282,False,sub-02,SD,eyesclosed,75,0
C6,0.18810211609040445,0.07124904981973813,False,sub-02,SD,eyesclosed,75,0
T8,0.19637781861084683,0.07076951470136432,False,sub-02,SD,eyesclosed,75,0
CPz,0.2007059223357557,0.08325843019202857,False,sub-02,SD,eyesclosed,75,0
CP2,0.19030963532591802,0.08239315555210223,False,sub-02,SD,eyesclosed,75,0
CP4,0.19430685759446614,0.08211328691990652,False,sub-02,SD,eyesclosed,75,0
CP6,0.18902454082120626,0.07044952525623126,False,sub-02,SD,eyesclosed,75,0
TP8,0.19971345522128708,0.07175582131373144,False,sub-02,SD,eyesclosed,75,0
TP10,0.19588120165977219,0.07011297142759657,False,sub-02,SD,eyesclosed,75,0
P2,0.21033567259285246,0.08469439987372442,False,sub-02,SD,eyesclosed,75,0
P4,0.20555241369551802,0.08394373265194383,False,sub-02,SD,eyesclosed,75,0
P6,0.21160031084343064,0.08569761020639576,False,sub-02,SD,eyesclosed,75,0
P8,0.2098541280848342,0.0774209895198653,False,sub-02,SD,eyesclosed,75,0
POz,0.23316467523805443,0.09064589245907938,False,sub-02,SD,eyesclosed,75,0
PO4,0.23269662297380317,0.09374553985789053,False,sub-02,SD,eyesclosed,75,0
PO8,0.2169515996485642,0.08177469493259314,False,sub-02,SD,eyesclosed,75,0
O2,0.21013342333632565,0.08048580286488408,False,sub-02,SD,eyesclosed,75,0
Fp1,0.14413626340928182,0.0792850691956167,True,sub-02,SD,eyesopen,75,1
AF3,0.14456310371800388,0.07181218782884946,False,sub-02,SD,eyesopen,75,1
AF7,0.14587723364833874,0.07321342044637312,False,sub-02,SD,eyesopen,75,1
Fz,0.1571862707525309,0.07766007390613795,False,sub-02,SD,eyesopen,75,1
F1,0.15630155655397496,0.07183773813459018,False,sub-02,SD,eyesopen,75,1
F3,0.14639810359666158,0.06901151267330782,False,sub-02,SD,eyesopen,75,1
F5,0.16234914224705713,0.06888516712364934,False,sub-02,SD,eyesopen,75,1
F7,0.16833623351162358,0.06977464146777429,False,sub-02,SD,eyesopen,75,1
FC1,0.15962500535969787,0.0562719186108923,False,sub-02,SD,eyesopen,75,1
FC3,0.1755454957092623,0.06306686141757317,False,sub-02,SD,eyesopen,75,1
FC5,0.18533149589359735,0.06768483924650952,False,sub-02,SD,eyesopen,75,1
FT7,0.19172339653639964,0.08278395337758421,False,sub-02,SD,eyesopen,75,1
Cz,0.15379064186779065,0.07175155944699065,False,sub-02,SD,eyesopen,75,1
C1,0.13157653155574064,0.05904142125143776,False,sub-02,SD,eyesopen,75,1
C3,0.13359939190492026,0.059571043168602685,False,sub-02,SD,eyesopen,75,1
C5,0.15044305288262252,0.06368346241580929,False,sub-02,SD,eyesopen,75,1
T7,0.1586929344069473,0.06616573872878387,False,sub-02,SD,eyesopen,75,1
CP1,0.1177091877805012,0.05470561511768551,False,sub-02,SD,eyesopen,75,1
CP3,0.12062166250253867,0.057605128077539564,False,sub-02,SD,eyesopen,75,1
CP5,0.13781997921258324,0.05825832385070131,False,sub-02,SD,eyesopen,75,1
TP7,0.14733212755278208,0.05757361113849305,False,sub-02,SD,eyesopen,75,1
TP9,0.15694628907392588,0.06903572420577793,False,sub-02,SD,eyesopen,75,1
Pz,0.11596219492824948,0.05874888239443933,False,sub-02,SD,eyesopen,75,1
P1,0.1126620467674043,0.05328860471732052,False,sub-02,SD,eyesopen,75,1
P3,0.11049784101342763,0.05373236308896573,False,sub-02,SD,eyesopen,75,1
P5,0.12018865815737396,0.053683843770253994,False,sub-02,SD,eyesopen,75,1
P7,0.12751568588941797,0.05656634014398025,False,sub-02,SD,eyesopen,75,1
PO3,0.09868088651603002,0.05318399895794465,False,sub-02,SD,eyesopen,75,1
PO7,0.11161767263941316,0.05783058873080694,False,sub-02,SD,eyesopen,75,1
Oz,0.11471887360537397,0.06078337080776484,False,sub-02,SD,eyesopen,75,1
O1,0.10926861219054192,0.05563983055199716,False,sub-02,SD,eyesopen,75,1
Fpz,0.14613315851371497,0.08382956839172459,False,sub-02,SD,eyesopen,75,1
Fp2,0.14340957380343688,0.0811551801502704,False,sub-02,SD,eyesopen,75,1
AF4,0.14641169987939173,0.0778856127557113,False,sub-02,SD,eyesopen,75,1
AF8,0.14340630148373984,0.07524587874292264,False,sub-02,SD,eyesopen,75,1
F2,0.1696813847050192,0.07649451668076664,False,sub-02,SD,eyesopen,75,1
F4,0.15963610249707336,0.07248965524519892,False,sub-02,SD,eyesopen,75,1
F6,0.15527652133960865,0.07225985867143486,False,sub-02,SD,eyesopen,75,1
F8,0.1584988292167339,0.06916708213549118,False,sub-02,SD,eyesopen,75,1
FC2,0.14235502011412227,0.05432680209021156,False,sub-02,SD,eyesopen,75,1
FC4,0.17044302503091624,0.06077123828488077,False,sub-02,SD,eyesopen,75,1
FC6,0.1676041764830253,0.06072712365192721,False,sub-02,SD,eyesopen,75,1
FT8,0.1757423027071709,0.07039023428000392,False,sub-02,SD,eyesopen,75,1
C2,0.11740408981154243,0.051090650041550986,False,sub-02,SD,eyesopen,75,1
C4,0.12687690465837448,0.055929099929109403,False,sub-02,SD,eyesopen,75,1
C6,0.14339639802807105,0.061751551184512136,False,sub-02,SD,eyesopen,75,1
T8,0.14978474616230542,0.06253792925967358,False,sub-02,SD,eyesopen,75,1
CPz,0.13006925366587252,0.061960453176468915,False,sub-02,SD,eyesopen,75,1
CP2,0.12161681203409408,0.05748505610304063,False,sub-02,SD,eyesopen,75,1
CP4,0.11715278471809358,0.0517842120918545,False,sub-02,SD,eyesopen,75,1
CP6,0.12805323603715307,0.0603582886954796,False,sub-02,SD,eyesopen,75,1
TP8,0.13534828974303217,0.05392666610802517,False,sub-02,SD,eyesopen,75,1
TP10,0.1459389785318414,0.06375923729268222,False,sub-02,SD,eyesopen,75,1
P2,0.11049709884280441,0.05679448844171561,False,sub-02,SD,eyesopen,75,1
P4,0.11091635667191488,0.056557718749804545,False,sub-02,SD,eyesopen,75,1
P6,0.11340293968485443,0.05422402992703175,False,sub-02,SD,eyesopen,75,1
P8,0.12004409321958749,0.056944121741109514,False,sub-02,SD,eyesopen,75,1
POz,0.10445361275773174,0.055796248743101344,False,sub-02,SD,eyesopen,75,1
PO4,0.09930729053664043,0.05761430426481146,False,sub-02,SD,eyesopen,75,1
PO8,0.10749958905568957,0.05472472841843994,False,sub-02,SD,eyesopen,75,1
O2,0.10891843663214175,0.05894695515939894,False,sub-02,SD,eyesopen,75,1
Fp1,0.18724290738435356,0.06874429093638935,False,sub-03,NS,eyesclosed,75,0
AF3,0.151582508419743,0.07165360720453792,False,sub-03,NS,eyesclosed,75,0
AF7,0.20060745311639389,0.07628968195427972,False,sub-03,NS,eyesclosed,75,0
Fz,0.21634896391466982,0.08350410688356201,False,sub-03,NS,eyesclosed,75,0
F1,0.2153699499725954,0.08434302053664451,False,sub-03,NS,eyesclosed,75,0
F3,0.17760986161786388,0.062445199532035485,False,sub-03,NS,eyesclosed,75,0
F5,0.1985062599768277,0.07370656931298815,False,sub-03,NS,eyesclosed,75,0
F7,0.21080802984890537,0.08128785802335489,False,sub-03,NS,eyesclosed,75,0
FC1,0.14336319301914485,0.052879474901400145,False,sub-03,NS,eyesclosed,75,0
FC3,0.18634396017720703,0.07206328566415258,False,sub-03,NS,eyesclosed,75,0
FC5,0.19866332968858827,0.07346246665339143,False,sub-03,NS,eyesclosed,75,0
FT7,0.16243739695266715,0.05639012141737458,False,sub-03,NS,eyesclosed,75,0
Cz,0.1769166534775633,0.06454388416226549,False,sub-03,NS,eyesclosed,75,0
C1,0.1651743054063103,0.07462188927870612,False,sub-03,NS,eyesclosed,75,0
C3,0.15844383768128487,0.06741309070255866,False,sub-03,NS,eyesclosed,75,0
C5,0.18172455878771873,0.0655040605822095,False,sub-03,NS,eyesclosed,75,0
T7,0.15567589640285795,0.058748514951645264,False,sub-03,NS,eyesclosed,75,0
CP1,0.13738096279539153,0.05737248479472692,False,sub-03,NS,eyesclosed,75,0
CP3,0.1457171390616517,0.0642513017698903,False,sub-03,NS,eyesclosed,75,0
CP5,0.1636285377480521,0.060473998543046636,False,sub-03,NS,eyesclosed,75,0
TP7,0.17038518066878935,0.06779694666036849,False,sub-03,NS,eyesclosed,75,0
TP9,0.2400028140105276,0.0833541486505579,False,sub-03,NS,eyesclosed,75,0
Pz,0.12056717228255598,0.05670756755800673,False,sub-03,NS,eyesclosed,75,0
P1,0.11768200321801804,0.05056003637314232,False,sub-03,NS,eyesclosed,75,0
P3,0.11905422852317336,0.05097078648389567,False,sub-03,NS,eyesclosed,75,0
P5,0.1185329812488884,0.05147989375946493,False,sub-03,NS,eyesclosed,75,0
P7,0.12247502257839883,0.050859282247767215,False,sub-03,NS,eyesclosed,75,0
PO3,0.08493340150450562,0.04061983854554363,False,sub-03,NS,eyesclosed,75,0
PO7,0.08609844126467486,0.039892495224129736,False,sub-03,NS,eyesclosed,75,0
Oz,0.07848659306608764,0.03890528937193592,False,sub-03,NS,eyesclosed,75,0
O1,0.07537667470671393,0.03529074884869213,False,sub-03,NS,eyesclosed,75,0
Fpz,0.21610874612203845,0.08103829082479001,False,sub-03,NS,eyesclosed,75,0
Fp2,0.20970047047995416,0.07757343918227297,False,sub-03,NS,eyesclosed,75,0
AF4,0.19281555866285313,0.07974853779693383,False,sub-03,NS,eyesclosed,75,0
AF8,0.19913657237726676,0.07620935339508433,False,sub-03,NS,eyesclosed,75,0
F2,0.19473997443840615,0.07370443560040851,False,sub-03,NS,eyesclosed,75,0
F4,0.21486620410865057,0.08094132031621362,False,sub-03,NS,eyesclosed,75,0
F6,0.18640436912982597,0.06739921885081772,False,sub-03,NS,eyesclosed,75,0
F8,0.19535515763881997,0.07310415010528075,False,sub-03,NS,eyesclosed,75,0
FC2,0.16840022296491458,0.05783479210018607,False,sub-03,NS,eyesclosed,75,0
FC4,0.18358756303708493,0.06798935029989304,False,sub-03,NS,eyesclosed,75,0
FC6,0.18585225480700324,0.0778437409432852,False,sub-03,NS,eyesclosed,75,0
FT8,0.1721679842548815,0.06624228522382937,False,sub-03,NS,eyesclosed,75,0
C2,0.15819613548946282,0.06250975126311936,False,sub-03,NS,eyesclosed,75,0
C4,0.1417631293917362,0.05648758856944637,False,sub-03,NS,eyesclosed,75,0
C6,0.15976808467033418,0.06588728998587594,False,sub-03,NS,eyesclosed,75,0
T8,0.14550171144269697,0.058776683586956396,False,sub-03,NS,eyesclosed,75,0
CPz,0.15183895618148938,0.06417235450419458,False,sub-03,NS,eyesclosed,75,0
CP2,0.14642882699443688,0.059952042757541145,False,sub-03,NS,eyesclosed,75,0
CP4,0.14023039852543898,0.05688755312847806,False,sub-03,NS,eyesclosed,75,0
CP6,0.13879533845257822,0.05341677682449525,False,sub-03,NS,eyesclosed,75,0
TP8,0.1350757409037275,0.05556018340437676,False,sub-03,NS,eyesclosed,75,0
TP10,0.2618230087658316,0.0898804572986535,False,sub-03,NS,eyesclosed,75,0
P2,0.12251163072289714,0.053716279477050884,False,sub-03,NS,eyesclosed,75,0
P4,0.095529999733812,0.039022630830363524,False,sub-03,NS,eyesclosed,75,0
P6,0.09531082950332918,0.03916492796808879,False,sub-03,NS,eyesclosed,75,0
P8,0.09501869226398994,0.038781153785477786,False,sub-03,NS,eyesclosed,75,0
POz,0.08767229164153613,0.0480218802108041,False,sub-03,NS,eyesclosed,75,0
PO4,0.07776673028364703,0.03824020134636142,False,sub-03,NS,eyesclosed,75,0
PO8,0.056233536749094155,0.02461230669791914,False,sub-03,NS,eyesclosed,75,0
O2,0.061576905684667005,0.028766992820192457,False,sub-03,NS,eyesclosed,75,0
Fp1,0.14513766859556454,0.06772782282966629,False,sub-03,NS,eyesopen,75,0
AF3,0.1673714327584113,0.07183311970265154,False,sub-03,NS,eyesopen,75,0
AF7,0.15933930702375687,0.06028620563039575,False,sub-03,NS,eyesopen,75,0
Fz,0.199966217978974,0.07753170684449275,False,sub-03,NS,eyesopen,75,0
F1,0.19749101843266817,0.07611773669116566,False,sub-03,NS,eyesopen,75,0
F3,0.17668162379395475,0.06267524888806637,False,sub-03,NS,eyesopen,75,0
F5,0.20071070810200187,0.0714122867041742,False,sub-03,NS,eyesopen,75,0
F7,0.177152448874501,0.07581828096300772,False,sub-03,NS,eyesopen,75,0
FC1,0.15164742438923073,0.057544570806640785,False,sub-03,NS,eyesopen,75,0
FC3,0.19710187896564538,0.07686953868454843,False,sub-03,NS,eyesopen,75,0
FC5,0.20059262358528943,0.07070374952178957,False,sub-03,NS,eyesopen,75,0
FT7,0.1614407573724726,0.06195811535618897,False,sub-03,NS,eyesopen,75,0
Cz,0.1861572486954371,0.06403930929736418,False,sub-03,NS,eyesopen,75,0
C1,0.20390800250730856,0.07822884114048097,False,sub-03,NS,eyesopen,75,0
C3,0.19596819310883265,0.08166314136428189,False,sub-03,NS,eyesopen,75,0
C5,0.1838417585663097,0.07462934286878965,False,sub-03,NS,eyesopen,75,0
T7,0.16252264294449034,0.07208236894680328,False,sub-03,NS,eyesopen,75,0
CP1,0.180128814044779,0.07507146290056187,False,sub-03,NS,eyesopen,75,0
CP3,0.1892578018884935,0.0733025604759087,False,sub-03,NS,eyesopen,75,0
CP5,0.20833391836285722,0.08343873937600675,False,sub-03,NS,eyesopen,75,0
TP7,0.19802514097070759,0.08430711602957741,False,sub-03,NS,eyesopen,75,0
TP9,0.18933216202608605,0.08217357836397027,False,sub-03,NS,eyesopen,75,0
Pz,0.16628136844226943,0.06965733866037903,False,sub-03,NS,eyesopen,75,0
P1,0.17066604248294573,0.07352660772316805,False,sub-03,NS,eyesopen,75,0
P3,0.16845510029220812,0.07194552920141747,False,sub-03,NS,eyesopen,75,0
P5,0.1750269412216575,0.07998792552267549,False,sub-03,NS,eyesopen,75,0
P7,0.18164846471016222,0.07464189203699963,False,sub-03,NS,eyesopen,75,0
PO3,0.14886569197972077,0.05985528501595668,False,sub-03,NS,eyesopen,75,0
PO7,0.16102607231108057,0.0642805300650457,False,sub-03,NS,eyesopen,75,0
Oz,0.16449695040543597,0.06654462018885794,False,sub-03,NS,eyesopen,75,0
O1,0.1547994051802688,0.05747654220042291,False,sub-03,NS,eyesopen,75,0
Fpz,0.16263237466728914,0.07819476525562527,False,sub-03,NS,eyesopen,75,0
Fp2,0.146666851381907,0.07182712215149535,False,sub-03,NS,eyesopen,75,0
AF4,0.1501760614252523,0.06730160642920252,False,sub-03,NS,eyesopen,75,0
AF8,0.15956138379961904,0.07981078725757375,False,sub-03,NS,eyesopen,75,0
F2,0.19961535142232353,0.06810037904046388,False,sub-03,NS,eyesopen,75,0
F4,0.1951000560711479,0.07159600915557829,False,sub-03,NS,eyesopen,75,0
F6,0.15503020057630826,0.06446107178752647,False,sub-03,NS,eyesopen,75,0
F8,0.16713528403260142,0.06799367304358044,False,sub-03,NS,eyesopen,75,0
FC2,0.17035475044277848,0.05660472249343707,False,sub-03,NS,eyesopen,75,0
FC4,0.2031422763241797,0.07892970025035512,False,sub-03,NS,eyesopen,75,0
FC6,0.18405329096168987,0.07404124805912128,False,sub-03,NS,eyesopen,75,0
FT8,0.17702917407244756,0.06940205454907875,False,sub-03,NS,eyesopen,75,0
C2,0.19627292564148027,0.06838965783912321,False,sub-03,NS,eyesopen,75,0
C4,0.1802893972925225,0.08036463665330283,False,sub-03,NS,eyesopen,75,0
C6,0.17717813258296516,0.06913496399732397,False,sub-03,NS,eyesopen,75,0
T8,0.1618371015555202,0.06560970524853882,False,sub-03,NS,eyesopen,75,0
CPz,0.18509923864033653,0.06746031005522546,False,sub-03,NS,eyesopen,75,0
CP2,0.19011729829709237,0.06772796977583159,False,sub-03,NS,eyesopen,75,0
CP4,0.19606487785377216,0.0776472333708794,False,sub-03,NS,eyesopen,75,0
CP6,0.1874752015508263,0.06858916464253957,False,sub-03,NS,eyesopen,75,0
TP8,0.17964128928178827,0.07292715684365499,False,sub-03,NS,eyesopen,75,0
TP10,0.20251257915548856,0.07850952733384908,False,sub-03,NS,eyesopen,75,0
P2,0.16848123770240575,0.06378096184722978,False,sub-03,NS,eyesopen,75,0
P4,0.18041132587056805,0.0708350277084268,False,sub-03,NS,eyesopen,75,0
P6,0.1800136953842278,0.07060562810646673,False,sub-03,NS,eyesopen,75,0
P8,0.1805116173993408,0.07055961753937781,False,sub-03,NS,eyesopen,75,0
POz,0.15210173700176052,0.06071468060530285,False,sub-03,NS,eyesopen,75,0
PO4,0.1596912809315706,0.06662852976986584,False,sub-03,NS,eyesopen,75,0
PO8,0.17153320363898827,0.06646266792491948,False,sub-03,NS,eyesopen,75,0
O2,0.16515027649404557,0.06378736880926215,False,sub-03,NS,eyesopen,75,0
Fp1,0.19046502884093472,0.12706875563506767,False,sub-03,SD,eyesopen,75,0
AF3,0.2061308337237418,0.12035906077136924,False,sub-03,SD,eyesopen,75,0
AF7,0.20715028855895984,0.11878272832988508,False,sub-03,SD,eyesopen,75,0
Fz,0.24177057665835627,0.11370902661110839,False,sub-03,SD,eyesopen,75,0
F1,0.23698939895535545,0.11112525806904051,False,sub-03,SD,eyesopen,75,0
F3,0.23094940213058024,0.10052729914096135,False,sub-03,SD,eyesopen,75,0
F5,0.23819985223867315,0.09664745992220955,False,sub-03,SD,eyesopen,75,0
F7,0.24374375841940235,0.0980212522516433,False,sub-03,SD,eyesopen,75,0
FC1,0.22052252582782045,0.09940637440998304,False,sub-03,SD,eyesopen,75,0
FC3,0.2379799921929217,0.09296525468901683,False,sub-03,SD,eyesopen,75,0
FC5,0.25415175965004716,0.09588707434561505,False,sub-03,SD,eyesopen,75,0
FT7,0.2533961268021319,0.09394654900491498,False,sub-03,SD,eyesopen,75,0
Cz,0.24734141722856592,0.11397946590842521,False,sub-03,SD,eyesopen,75,0
C1,0.1957641921092668,0.10404444706671483,False,sub-03,SD,eyesopen,75,0
C3,0.2023545242526543,0.10689695342236749,False,sub-03,SD,eyesopen,75,0
C5,0.23847104035361463,0.10379432426958193,False,sub-03,SD,eyesopen,75,0
T7,0.24834036952137878,0.09918870131768284,False,sub-03,SD,eyesopen,75,0
CP1,0.19252291606898225,0.10240678073837724,False,sub-03,SD,eyesopen,75,0
CP3,0.19525372726925194,0.10642360025724928,False,sub-03,SD,eyesopen,75,0
CP5,0.22479563806076105,0.1036271921642883,False,sub-03,SD,eyesopen,75,0
TP7,0.23978737756168547,0.09643716608453726,False,sub-03,SD,eyesopen,75,0
TP9,0.21088538283086153,0.08966493377411142,False,sub-03,SD,eyesopen,75,0
Pz,0.20896968748225647,0.09721352392251069,False,sub-03,SD,eyesopen,75,0
P1,0.19708907137236603,0.09914648783692316,False,sub-03,SD,eyesopen,75,0
P3,0.2000422910276381,0.10130275702717269,False,sub-03,SD,eyesopen,75,0
P5,0.21065618803936934,0.09968311322514539,False,sub-03,SD,eyesopen,75,0
P7,0.22307700936679314,0.0954812308066822,False,sub-03,SD,eyesopen,75,0
PO3,0.20125875252541264,0.09840134480399086,False,sub-03,SD,eyesopen,75,0
PO7,0.20844805029963745,0.09257097795481803,False,sub-03,SD,eyesopen,75,0
Oz,0.21538461614002102,0.10030825000620816,False,sub-03,SD,eyesopen,75,0
O1,0.2111285313526918,0.10068547379419872,False,sub-03,SD,eyesopen,75,0
Fpz,0.19324924663636162,0.12746783607039205,False,sub-03,SD,eyesopen,75,0
Fp2,0.18343727181963718,0.12328338783131243,False,sub-03,SD,eyesopen,75,0
AF4,0.2102534707017846,0.11615421321705886,False,sub-03,SD,eyesopen,75,0
AF8,0.20827821456679943,0.11740318449900446,False,sub-03,SD,eyesopen,75,0
F2,0.23236365963642774,0.1028519778223718,False,sub-03,SD,eyesopen,75,0
F4,0.22815445441321544,0.10608874552071439,False,sub-03,SD,eyesopen,75,0
F6,0.2371006857132637,0.1048114681164871,False,sub-03,SD,eyesopen,75,0
F8,0.25175790139991555,0.10621271461914415,False,sub-03,SD,eyesopen,75,0
FC2,0.21005018689095792,0.09320859151698269,False,sub-03,SD,eyesopen,75,0
FC4,0.22502251300958367,0.10156854925384969,False,sub-03,SD,eyesopen,75,0
FC6,0.25913445450661726,0.10650548696022973,False,sub-03,SD,eyesopen,75,0
FT8,0.2640916208729107,0.09490032095064266,False,sub-03,SD,eyesopen,75,0
C2,0.23757999540775884,0.10464114265766651,False,sub-03,SD,eyesopen,75,0
C4,0.22103870401604722,0.09860945023692003,False,sub-03,SD,eyesopen,75,0
C6,0.24987109536771285,0.09409257947649115,False,sub-03,SD,eyesopen,75,0
T8,0.21249184366221294,0.08088868562506912,False,sub-03,SD,eyesopen,75,0
CPz,0.21669060413963184,0.09640410378599613,False,sub-03,SD,eyesopen,75,0
CP2,0.22408621664558911,0.09196921398933396,False,sub-03,SD,eyesopen,75,0
CP4,0.2243045357238491,0.09138457130504034,False,sub-03,SD,eyesopen,75,0
CP6,0.2452748730539593,0.09125870260258168,False,sub-03,SD,eyesopen,75,0
TP8,0.25343329782352586,0.09174045322830102,False,sub-03,SD,eyesopen,75,0
TP10,0.25256118159887353,0.09378651168492344,False,sub-03,SD,eyesopen,75,0
P2,0.21446717800158804,0.09279401452691022,False,sub-03,SD,eyesopen,75,0
P4,0.22363812415081366,0.0896822867799048,False,sub-03,SD,eyesopen,75,0
P6,0.22915983965431225,0.08622753777379845,False,sub-03,SD,eyesopen,75,0
P8,0.23653252741614794,0.09207717346784086,False,sub-03,SD,eyesopen,75,0
POz,0.20491661086913515,0.09770832748313227,False,sub-03,SD,eyesopen,75,0
PO4,0.21557503980287127,0.09424345403734231,False,sub-03,SD,eyesopen,75,0
PO8,0.22366896669652622,0.09485353085267988,False,sub-03,SD,eyesopen,75,0
O2,0.2178500012869832,0.09707037535979236,False,sub-03,SD,eyesopen,75,0
Fp1,0.13746043356961068,0.05813335654707784,False,sub-04,NS,eyesclosed,75,0
AF3,0.16720890868125862,0.061382320154155276,False,sub-04,NS,eyesclosed,75,0
AF7,0.11940180928950136,0.04942435864960257,False,sub-04,NS,eyesclosed,75,0
Fz,0.21423674002242227,0.07573208082916419,False,sub-04,NS,eyesclosed,75,0
F1,0.20641193603669308,0.07150649794532274,False,sub-04,NS,eyesclosed,75,0
F3,0.19355350076829414,0.06693579912761312,False,sub-04,NS,eyesclosed,75,0
F5,0.1662159320084812,0.05976899246526,False,sub-04,NS,eyesclosed,75,0
F7,0.14593509200986732,0.05074262014637586,False,sub-04,NS,eyesclosed,75,0
FC1,0.22860469447818996,0.072371786719164,False,sub-04,NS,eyesclosed,75,0
FC3,0.19924360627642404,0.06550538656825633,False,sub-04,NS,eyesclosed,75,0
FC5,0.17621634872843855,0.057610524831728675,False,sub-04,NS,eyesclosed,75,0
FT7,0.14538101874969947,0.04335562537347588,False,sub-04,NS,eyesclosed,75,0
Cz,0.24175505444140877,0.08132342106579717,False,sub-04,NS,eyesclosed,75,0
C1,0.22715695545845374,0.0851179845092248,False,sub-04,NS,eyesclosed,75,0
C3,0.2184998262231045,0.07269948437217007,False,sub-04,NS,eyesclosed,75,0
C5,0.17516659403481588,0.05836306296373176,False,sub-04,NS,eyesclosed,75,0
T7,0.0875744230559013,0.028136486023664708,False,sub-04,NS,eyesclosed,75,0
CP1,0.187602232227746,0.07934012865241451,False,sub-04,NS,eyesclosed,75,0
CP3,0.19154650631429154,0.07649974101712578,False,sub-04,NS,eyesclosed,75,0
CP5,0.18620664376982882,0.06912058928938065,False,sub-04,NS,eyesclosed,75,0
TP7,0.15292890823960772,0.05973829399286699,False,sub-04,NS,eyesclosed,75,0
TP9,0.16046570550607836,0.055984372763521126,False,sub-04,NS,eyesclosed,75,0
Pz,0.16552292672151192,0.06478910371721101,False,sub-04,NS,eyesclosed,75,0
P1,0.17115863666174605,0.06710751523156076,False,sub-04,NS,eyesclosed,75,0
P3,0.16464579183976624,0.06918831176264312,False,sub-04,NS,eyesclosed,75,0
P5,0.16635760757332063,0.066614439370307,False,sub-04,NS,eyesclosed,75,0
P7,0.16246745484040018,0.06789160151267565,False,sub-04,NS,eyesclosed,75,0
PO3,0.14204767382308986,0.06317576098333581,False,sub-04,NS,eyesclosed,75,0
PO7,0.1361983484573301,0.059954407092076153,False,sub-04,NS,eyesclosed,75,0
Oz,0.11986866183356322,0.05001593768531799,False,sub-04,NS,eyesclosed,75,0
O1,0.12562556311402295,0.05999120658293769,False,sub-04,NS,eyesclosed,75,0
Fpz,0.1712615833248117,0.06401657876461955,False,sub-04,NS,eyesclosed,75,0
Fp2,0.16545054047363753,0.06427985096777199,False,sub-04,NS,eyesclosed,75,0
AF4,0.1867939925242845,0.06398750392713859,False,sub-04,NS,eyesclosed,75,0
AF8,0.14378780415029438,0.058138723122645036,False,sub-04,NS,eyesclosed,75,0
F2,0.21447227702911542,0.06964765544939282,False,sub-04,NS,eyesclosed,75,0
F4,0.21123060291921877,0.067722916103137,False,sub-04,NS,eyesclosed,75,0
F6,0.17698865825442678,0.0583726465272342,False,sub-04,NS,eyesclosed,75,0
F8,0.1537850922176951,0.05715943447037301,False,sub-04,NS,eyesclosed,75,0
FC2,0.2188448451805247,0.07612605768617234,False,sub-04,NS,eyesclosed,75,0
FC4,0.20900429209118598,0.07225485552614197,False,sub-04,NS,eyesclosed,75,0
FC6,0.19683527724855446,0.06142817387289333,False,sub-04,NS,eyesclosed,75,0
FT8,0.1774227059522072,0.05522901504702769,False,sub-04,NS,eyesclosed,75,0
C2,0.21988203436246706,0.0718040854829234,False,sub-04,NS,eyesclosed,75,0
C4,0.20968526656358505,0.06459378002894754,False,sub-04,NS,eyesclosed,75,0
C6,0.19008813663472326,0.05324117901029971,False,sub-04,NS,eyesclosed,75,0
T8,0.13256445103497125,0.03972734724943712,False,sub-04,NS,eyesclosed,75,0
CPz,0.21746719745576787,0.07316786050222243,False,sub-04,NS,eyesclosed,75,0
CP2,0.18767696718423363,0.06587298334466908,False,sub-04,NS,eyesclosed,75,0
CP4,0.18329158323550537,0.05976304247771095,False,sub-04,NS,eyesclosed,75,0
CP6,0.1775908457769057,0.05314761342603456,False,sub-04,NS,eyesclosed,75,0
TP8,0.149034805122373,0.046816406047624104,False,sub-04,NS,eyesclosed,75,0
TP10,0.1399592355665494,0.04584510097431775,False,sub-04,NS,eyesclosed,75,0
P2,0.1491420371482744,0.05631255473756608,False,sub-04,NS,eyesclosed,75,0
P4,0.14620719338602678,0.052798894946803045,False,sub-04,NS,eyesclosed,75,0
P6,0.13726296689524337,0.054081662095295226,False,sub-04,NS,eyesclosed,75,0
P8,0.12568491439753066,0.047328394120514455,False,sub-04,NS,eyesclosed,75,0
POz,0.13262279031578808,0.058038102910427485,False,sub-04,NS,eyesclosed,75,0
PO4,0.12400069633852387,0.046720202821041806,False,sub-04,NS,eyesclosed,75,0
PO8,0.09328022613190701,0.04360200662917208,False,sub-04,NS,eyesclosed,75,0
O2,0.09874985236277212,0.04274915613916048,False,sub-04,NS,eyesclosed,75,0
Fp1,0.16648290532752366,0.06596735210102216,False,sub-04,NS,eyesopen,75,0
AF3,0.1780925345062839,0.07061547520970407,False,sub-04,NS,eyesopen,75,0
AF7,0.16763823366501598,0.06530037914210399,False,sub-04,NS,eyesopen,75,0
Fz,0.20720716658933303,0.07581828087729593,False,sub-04,NS,eyesopen,75,0
F1,0.2138937026071884,0.0826190881443051,False,sub-04,NS,eyesopen,75,0
F3,0.20574230388635031,0.07530339929106504,False,sub-04,NS,eyesopen,75,0
F5,0.190928573753871,0.07368759850060168,False,sub-04,NS,eyesopen,75,0
F7,0.17004120764460218,0.06141601113214804,False,sub-04,NS,eyesopen,75,0
FC1,0.24156056415563942,0.07240858321565356,False,sub-04,NS,eyesopen,75,0
FC3,0.2225684712908101,0.07423208955464711,False,sub-04,NS,eyesopen,75,0
FC5,0.19670760214827177,0.0690123476521887,False,sub-04,NS,eyesopen,75,0
FT7,0.1643465993923379,0.05704922092973804,False,sub-04,NS,eyesopen,75,0
Cz,0.23364685092208579,0.0862285478194738,False,sub-04,NS,eyesopen,75,0
C1,0.23849057710562482,0.07980971751662116,False,sub-04,NS,eyesopen,75,0
C3,0.23310626182707167,0.07372146851355967,False,sub-04,NS,eyesopen,75,0
C5,0.19546771806433919,0.06185301230384184,False,sub-04,NS,eyesopen,75,0
T7,0.12415428952292669,0.05300447898803472,False,sub-04,NS,eyesopen,75,0
CP1,0.20899651694926266,0.07908898328605055,False,sub-04,NS,eyesopen,75,0
CP3,0.20851721457196826,0.07193920343639618,False,sub-04,NS,eyesopen,75,0
CP5,0.20688312739202666,0.07006450769426929,False,sub-04,NS,eyesopen,75,0
TP7,0.17582502958223986,0.05776370373603014,False,sub-04,NS,eyesopen,75,0
TP9,0.17943283784735717,0.06660191940248077,False,sub-04,NS,eyesopen,75,0
Pz,0.19471324383103356,0.07761825092876858,False,sub-04,NS,eyesopen,75,0
P1,0.19571876133519542,0.07628469447555554,False,sub-04,NS,eyesopen,75,0
P3,0.19588735282937478,0.07247973732459727,False,sub-04,NS,eyesopen,75,0
P5,0.1939071330609183,0.06971415663814973,False,sub-04,NS,eyesopen,75,0
P7,0.18889307380239656,0.06605489102873749,False,sub-04,NS,eyesopen,75,0
PO3,0.17941301531019274,0.06927811564300045,False,sub-04,NS,eyesopen,75,0
PO7,0.18149116576200586,0.06918941520929058,False,sub-04,NS,eyesopen,75,0
Oz,0.17200225233043412,0.07279972604043096,False,sub-04,NS,eyesopen,75,0
O1,0.1736708184785959,0.071265406652305,False,sub-04,NS,eyesopen,75,0
Fpz,0.18206088182624203,0.06841033392097773,False,sub-04,NS,eyesopen,75,0
Fp2,0.1738366115971413,0.06467832748139328,False,sub-04,NS,eyesopen,75,0
AF4,0.1709029884661187,0.06071233304939555,False,sub-04,NS,eyesopen,75,0
AF8,0.12426966737142701,0.05546064485906748,False,sub-04,NS,eyesopen,75,0
F2,0.20266409430736868,0.06359322099462787,False,sub-04,NS,eyesopen,75,0
F4,0.20405086161147676,0.06845668821908753,False,sub-04,NS,eyesopen,75,0
F6,0.15500361782556893,0.055933312665265814,False,sub-04,NS,eyesopen,75,0
F8,0.17356887894525028,0.06789417081085884,False,sub-04,NS,eyesopen,75,0
FC2,0.23711217592913636,0.08060770246816905,False,sub-04,NS,eyesopen,75,0
FC4,0.21565134640234804,0.07836543566741094,False,sub-04,NS,eyesopen,75,0
FC6,0.20421859241240184,0.08157453636273036,False,sub-04,NS,eyesopen,75,0
FT8,0.19020051160113502,0.07837044380604753,False,sub-04,NS,eyesopen,75,0
C2,0.23553503791822739,0.08672555505544167,False,sub-04,NS,eyesopen,75,0
C4,0.2330637902050707,0.08443691133020992,False,sub-04,NS,eyesopen,75,0
C6,0.22235036800559058,0.08585948301887986,False,sub-04,NS,eyesopen,75,0
T8,0.1884234853860493,0.07459824014604215,False,sub-04,NS,eyesopen,75,0
CPz,0.2228285262340015,0.08616527716466132,False,sub-04,NS,eyesopen,75,0
CP2,0.2137758419677245,0.08311285203171548,False,sub-04,NS,eyesopen,75,0
CP4,0.219923468980149,0.08400259408445296,False,sub-04,NS,eyesopen,75,0
CP6,0.21885606516559028,0.08214024455249057,False,sub-04,NS,eyesopen,75,0
TP8,0.1973503552357413,0.07387443859679885,False,sub-04,NS,eyesopen,75,0
TP10,0.18538325466524785,0.07220736134706565,False,sub-04,NS,eyesopen,75,0
P2,0.1826814381428955,0.08088381329129425,False,sub-04,NS,eyesopen,75,0
P4,0.18785566242450746,0.0695517480946461,False,sub-04,NS,eyesopen,75,0
P6,0.1908100647512977,0.07357925913940055,False,sub-04,NS,eyesopen,75,0
P8,0.18829741597443667,0.07383015974488953,False,sub-04,NS,eyesopen,75,0
POz,0.17527190511734975,0.07027746885463276,False,sub-04,NS,eyesopen,75,0
PO4,0.18633684553536,0.07507557172823776,False,sub-04,NS,eyesopen,75,0
PO8,0.16524325854924785,0.0710316258250542,False,sub-04,NS,eyesopen,75,0
O2,0.1663440286667899,0.06598127187548401,False,sub-04,NS,eyesopen,75,0
Fp1,0.15893043411564545,0.06103836590450065,False,sub-04,SD,eyesclosed,75,1
AF3,0.13661718932511652,0.058839916503135,False,sub-04,SD,eyesclosed,75,1
AF7,0.15661489468096834,0.060565201391058664,False,sub-04,SD,eyesclosed,75,1
Fz,0.08670214525369997,0.05409417551836901,False,sub-04,SD,eyesclosed,75,1
F1,0.20143104843478324,0.07234300671859385,False,sub-04,SD,eyesclosed,75,1
F3,0.1844303269087439,0.073142645731258,False,sub-04,SD,eyesclosed,75,1
F5,0.14274226670186377,0.06977922047748034,False,sub-04,SD,eyesclosed,75,1
F7,0.12797637071524862,0.0679351788940945,False,sub-04,SD,eyesclosed,75,1
FC1,0.22857360371351906,0.09287820353132255,False,sub-04,SD,eyesclosed,75,1
FC3,0.21619025705891196,0.08451852568935461,False,sub-04,SD,eyesclosed,75,1
FC5,0.18360106008443758,0.08377973056980996,False,sub-04,SD,eyesclosed,75,1
FT7,0.1692790750813043,0.07709222457843248,False,sub-04,SD,eyesclosed,75,1
Cz,0.2498291326665933,0.09430219221534646,False,sub-04,SD,eyesclosed,75,1
C1,0.23004849301658514,0.08589392523926005,False,sub-04,SD,eyesclosed,75,1
C3,0.20924458700526583,0.08157512292980747,False,sub-04,SD,eyesclosed,75,1
C5,0.16541095022116173,0.06862432480164046,False,sub-04,SD,eyesclosed,75,1
T7,0.26564348029819607,0.09907905153437267,False,sub-04,SD,eyesclosed,75,1
CP1,0.24261571319851374,0.09112137610309473,False,sub-04,SD,eyesclosed,75,1
CP3,0.23106247617318648,0.08793987803877566,False,sub-04,SD,eyesclosed,75,1
CP5,0.21101555183770768,0.07060555544896045,False,sub-04,SD,eyesclosed,75,1
TP7,0.21365594980795494,0.0840622060128157,False,sub-04,SD,eyesclosed,75,1
TP9,0.20995701452293208,0.08589604580500071,False,sub-04,SD,eyesclosed,75,1
Pz,0.22071828461060272,0.08571402977829097,False,sub-04,SD,eyesclosed,75,1
P1,0.20526629545407452,0.07853027066004888,False,sub-04,SD,eyesclosed,75,1
P3,0.21187305899383654,0.07579354887373752,False,sub-04,SD,eyesclosed,75,1
P5,0.20909982784069775,0.07955174451280522,False,sub-04,SD,eyesclosed,75,1
P7,0.19803627016969289,0.08953576729250626,False,sub-04,SD,eyesclosed,75,1
PO3,0.18671285979465896,0.07670985305044971,False,sub-04,SD,eyesclosed,75,1
PO7,0.18359596838859574,0.07853574107777979,False,sub-04,SD,eyesclosed,75,1
Oz,0.18358083528694655,0.0900132319898554,False,sub-04,SD,eyesclosed,75,1
O1,0.18535379281884856,0.0855170467370173,True,sub-04,SD,eyesclosed,75,1
Fpz,0.11707788310102264,0.056894174717894236,False,sub-04,SD,eyesclosed,75,1
Fp2,0.1436696992571413,0.06211760214295514,False,sub-04,SD,eyesclosed,75,1
AF4,0.08862514504101761,0.05295351120926219,False,sub-04,SD,eyesclosed,75,1
AF8,0.2050455959359778,0.06079789960558641,False,sub-04,SD,eyesclosed,75,1
F2,0.18486000691586338,0.07031110475094789,False,sub-04,SD,eyesclosed,75,1
F4,0.16054387762273895,0.07384762042891224,False,sub-04,SD,eyesclosed,75,1
F6,0.13172070569152525,0.07221884468570772,False,sub-04,SD,eyesclosed,75,1
F8,0.11870304628954065,0.06709195922594943,False,sub-04,SD,eyesclosed,75,1
FC2,0.22346530474461002,0.0970463338840175,False,sub-04,SD,eyesclosed,75,1
FC4,0.18775769454812602,0.08967908928103842,False,sub-04,SD,eyesclosed,75,1
FC6,0.15432463319725498,0.07724130844752615,False,sub-04,SD,eyesclosed,75,1
FT8,0.13892630496175362,0.0626930724483473,False,sub-04,SD,eyesclosed,75,1
C2,0.2750876820675532,0.11441253389107146,False,sub-04,SD,eyesclosed,75,1
C4,0.2712498794635526,0.09864104325778758,False,sub-04,SD,eyesclosed,75,1
C6,0.2114351044424281,0.0838867112913045,False,sub-04,SD,eyesclosed,75,1
T8,0.17960854301461177,0.07625172669692232,False,sub-04,SD,eyesclosed,75,1
CPz,0.13523501874554306,0.051233853602882296,False,sub-04,SD,eyesclosed,75,1
CP2,0.2514891634522505,0.09420146455896762,False,sub-04,SD,eyesclosed,75,1
CP4,0.2264175029202347,0.08601044372419828,False,sub-04,SD,eyesclosed,75,1
CP6,0.20980755984116717,0.07837058561449786,False,sub-04,SD,eyesclosed,75,1
TP8,0.19408378654502711,0.07067282226706241,False,sub-04,SD,eyesclosed,75,1
TP10,0.17747834717435676,0.0667484338649162,False,sub-04,SD,eyesclosed,75,1
P2,0.23007321260089933,0.0873516161618275,False,sub-04,SD,eyesclosed,75,1
P4,0.22752476467453606,0.08641229300446171,False,sub-04,SD,eyesclosed,75,1
P6,0.22128173625246092,0.08440672852739364,False,sub-04,SD,eyesclosed,75,1
P8,0.20722667619579954,0.07632137802288745,False,sub-04,SD,eyesclosed,75,1
POz,0.2015349316382281,0.07333930363021106,False,sub-04,SD,eyesclosed,75,1
PO4,0.20347171784940787,0.08070652068189897,False,sub-04,SD,eyesclosed,75,1
PO8,0.1970678734909064,0.07804797169081439,False,sub-04,SD,eyesclosed,75,1
O2,0.2002209196541383,0.09160742558749752,False,sub-04,SD,eyesclosed,75,1
Fp1,0.16474770793705779,0.059959570033774875,False,sub-04,SD,eyesopen,75,1
AF3,0.16171382000231332,0.05546290036557417,False,sub-04,SD,eyesopen,75,1
AF7,0.17038353341868007,0.06175487638196093,False,sub-04,SD,eyesopen,75,1
Fz,0.15188345009559526,0.05365243457673005,False,sub-04,SD,eyesopen,75,1
F1,0.20202749683567178,0.08124847986035574,False,sub-04,SD,eyesopen,75,1
F3,0.19626451488719937,0.0679406584264288,False,sub-04,SD,eyesopen,75,1
F5,0.15514101851474466,0.05549985826482583,False,sub-04,SD,eyesopen,75,1
F7,0.1584954374024688,0.061717171434580574,False,sub-04,SD,eyesopen,75,1
FC1,0.22118290184515937,0.0764062182985325,False,sub-04,SD,eyesopen,75,1
FC3,0.22509910411793554,0.08010685433268207,False,sub-04,SD,eyesopen,75,1
FC5,0.2090617833944649,0.07942437969213313,False,sub-04,SD,eyesopen,75,1
FT7,0.17300029887304055,0.06345194004070467,False,sub-04,SD,eyesopen,75,1
Cz,0.22581913861938727,0.0739300369837423,False,sub-04,SD,eyesopen,75,1
C1,0.2227446971788402,0.07247540663812044,False,sub-04,SD,eyesopen,75,1
C3,0.21066428643859003,0.07087899394421074,False,sub-04,SD,eyesopen,75,1
C5,0.17443510817331553,0.06657369051956677,False,sub-04,SD,eyesopen,75,1
T7,0.23178765580836208,0.07315028360571686,False,sub-04,SD,eyesopen,75,1
CP1,0.21430863800428815,0.0673765566327275,False,sub-04,SD,eyesopen,75,1
CP3,0.1999128375084204,0.06796040494386052,False,sub-04,SD,eyesopen,75,1
CP5,0.18856268366285245,0.05656720360854675,False,sub-04,SD,eyesopen,75,1
TP7,0.19107115555443235,0.0667692624822223,False,sub-04,SD,eyesopen,75,1
TP9,0.1661425217118101,0.06708664915283923,False,sub-04,SD,eyesopen,75,1
Pz,0.18923878563282176,0.06808370785720928,False,sub-04,SD,eyesopen,75,1
P1,0.17620089670504244,0.06208149523168013,False,sub-04,SD,eyesopen,75,1
P3,0.1825366550133737,0.06879204318128966,False,sub-04,SD,eyesopen,75,1
P5,0.18325969436591763,0.07312879069918207,False,sub-04,SD,eyesopen,75,1
P7,0.17559470799253946,0.0639385808050842,False,sub-04,SD,eyesopen,75,1
PO3,0.1700787694954755,0.06118275307573685,False,sub-04,SD,eyesopen,75,1
PO7,0.16649475102594644,0.06443236371515554,False,sub-04,SD,eyesopen,75,1
Oz,0.16318295376082748,0.0707772782464725,False,sub-04,SD,eyesopen,75,1
O1,0.16811507024852484,0.06881320401063555,True,sub-04,SD,eyesopen,75,1
Fpz,0.13424601586674875,0.05182296698552199,False,sub-04,SD,eyesopen,75,1
Fp2,0.1570334946268681,0.05879414044713618,False,sub-04,SD,eyesopen,75,1
AF4,0.14636475116895814,0.05712653636238733,False,sub-04,SD,eyesopen,75,1
AF8,0.19256350910276004,0.07679832957117198,False,sub-04,SD,eyesopen,75,1
F2,0.18523698271165015,0.07382510586893375,False,sub-04,SD,eyesopen,75,1
F4,0.17406312736534468,0.06331763259459255,False,sub-04,SD,eyesopen,75,1
F6,0.16227186900600504,0.06610030881756065,False,sub-04,SD,eyesopen,75,1
F8,0.17037463046476123,0.065988287662965,False,sub-04,SD,eyesopen,75,1
FC2,0.23501356094557976,0.09026938274801699,False,sub-04,SD,eyesopen,75,1
FC4,0.21201698416585218,0.08090870531781634,False,sub-04,SD,eyesopen,75,1
FC6,0.18251660055392313,0.07087200352819112,False,sub-04,SD,eyesopen,75,1
FT8,0.1719916231687222,0.06470451649541871,False,sub-04,SD,eyesopen,75,1
C2,0.23588773905342544,0.09329725825565022,False,sub-04,SD,eyesopen,75,1
C4,0.2596022775535479,0.08567440688337605,False,sub-04,SD,eyesopen,75,1
C6,0.22158304472339826,0.07884603643675961,False,sub-04,SD,eyesopen,75,1
T8,0.19850409572133912,0.06945972773520678,False,sub-04,SD,eyesopen,75,1
CPz,0.15799476360584216,0.05834137696477813,False,sub-04,SD,eyesopen,75,1
CP2,0.22984646923217697,0.07648141031277945,False,sub-04,SD,eyesopen,75,1
CP4,0.21915280058582529,0.07489408686663253,False,sub-04,SD,eyesopen,75,1
CP6,0.21015061112939962,0.0638420031760665,False,sub-04,SD,eyesopen,75,1
TP8,0.1966171509941116,0.06444574555086012,False,sub-04,SD,eyesopen,75,1
TP10,0.1875933323454599,0.07150049268576927,False,sub-04,SD,eyesopen,75,1
P2,0.20409122534457413,0.06911394478120557,False,sub-04,SD,eyesopen,75,1
P4,0.20631779201822417,0.07103042110812577,False,sub-04,SD,eyesopen,75,1
P6,0.20099441015533104,0.06674208760133138,False,sub-04,SD,eyesopen,75,1
P8,0.19899138144774234,0.0625131324579053,False,sub-04,SD,eyesopen,75,1
POz,0.19649367048251049,0.06509839417524321,False,sub-04,SD,eyesopen,75,1
PO4,0.18561943273421014,0.06434453666169726,False,sub-04,SD,eyesopen,75,1
PO8,0.18558232119610174,0.062368173501172366,False,sub-04,SD,eyesopen,75,1
O2,0.1750225084199756,0.06657204394798442,False,sub-04,SD,eyesopen,75,1
Fp1,0.1393447403140047,0.05656111600662612,False,sub-05,NS,eyesclosed,75,0
AF3,0.14291188688497447,0.05169942957055689,False,sub-05,NS,eyesclosed,75,0
AF7,0.11046013240782282,0.04656457472965075,False,sub-05,NS,eyesclosed,75,0
Fz,0.1512362164573217,0.05835735366119303,False,sub-05,NS,eyesclosed,75,0
F1,0.14506968759018726,0.05872255876117604,False,sub-05,NS,eyesclosed,75,0
F3,0.12753204111162558,0.04527789270418891,False,sub-05,NS,eyesclosed,75,0
F5,0.10184858802986482,0.0384599382602563,False,sub-05,NS,eyesclosed,75,0
F7,0.09210613331061104,0.04551297325888189,False,sub-05,NS,eyesclosed,75,0
FC1,0.09202687021951862,0.042342915535250145,False,sub-05,NS,eyesclosed,75,0
FC3,0.09515898005181411,0.041487862472380406,False,sub-05,NS,eyesclosed,75,0
FC5,0.08504879551786286,0.029218920183232435,False,sub-05,NS,eyesclosed,75,0
FT7,0.08802804649364498,0.04127803521789207,False,sub-05,NS,eyesclosed,75,0
Cz,0.10587126190912127,0.040202605462053856,False,sub-05,NS,eyesclosed,75,0
C1,0.08780168483065189,0.04216811021319327,False,sub-05,NS,eyesclosed,75,0
C3,0.07370724538449329,0.04052376795422326,False,sub-05,NS,eyesclosed,75,0
C5,0.07865049838621947,0.03433654889413185,False,sub-05,NS,eyesclosed,75,0
T7,0.10068274147160854,0.037351476394292774,False,sub-05,NS,eyesclosed,75,0
CP1,0.09958937427570438,0.041528488569232844,False,sub-05,NS,eyesclosed,75,0
CP3,0.08706649541231898,0.0405163225837362,False,sub-05,NS,eyesclosed,75,0
CP5,0.09389610513887674,0.04155953054127154,False,sub-05,NS,eyesclosed,75,0
TP7,0.11078706201508727,0.04314228245714962,False,sub-05,NS,eyesclosed,75,0
TP9,0.1295369679193896,0.045956996110559735,False,sub-05,NS,eyesclosed,75,0
Pz,0.1126845720592105,0.04541976687476461,False,sub-05,NS,eyesclosed,75,0
P1,0.10151477658082579,0.04412792375493475,False,sub-05,NS,eyesclosed,75,0
P3,0.09217205812732496,0.038748287250377045,False,sub-05,NS,eyesclosed,75,0
P5,0.09210757960240493,0.04002614407148011,False,sub-05,NS,eyesclosed,75,0
P7,0.09945419563957936,0.04063459061708432,False,sub-05,NS,eyesclosed,75,0
PO3,0.08544224039722612,0.03717325695725491,False,sub-05,NS,eyesclosed,75,0
PO7,0.08785256166125024,0.039851952118570136,False,sub-05,NS,eyesclosed,75,0
Oz,0.09711495601073258,0.03924290844786906,False,sub-05,NS,eyesclosed,75,0
O1,0.08343601801489488,0.035543913060653215,False,sub-05,NS,eyesclosed,75,0
Fpz,0.14965492613869433,0.05496141464876418,False,sub-05,NS,eyesclosed,75,0
Fp2,0.12689146265347545,0.05132953091324514,False,sub-05,NS,eyesclosed,75,0
AF4,0.13112810630217883,0.049150684371893946,False,sub-05,NS,eyesclosed,75,0
AF8,0.1156407572441608,0.04638425404995433,False,sub-05,NS,eyesclosed,75,0
F2,0.13085642645936046,0.04342619014989026,False,sub-05,NS,eyesclosed,75,0
F4,0.12005722366114978,0.04426335193495529,False,sub-05,NS,eyesclosed,75,0
F6,0.11970287493750673,0.044960079461124965,False,sub-05,NS,eyesclosed,75,0
F8,0.1227864984046991,0.046289851776029005,False,sub-05,NS,eyesclosed,75,0
FC2,0.09494477683147154,0.04671071514735317,False,sub-05,NS,eyesclosed,75,0
FC4,0.09103412583868552,0.04710162254851204,False,sub-05,NS,eyesclosed,75,0
FC6,0.10865612815088449,0.04635395434664578,False,sub-05,NS,eyesclosed,75,0
FT8,0.12191541085668421,0.04529439882683202,False,sub-05,NS,eyesclosed,75,0
C2,0.10077369881070997,0.03996326056088408,False,sub-05,NS,eyesclosed,75,0
C4,0.08995852412980784,0.039769541087270516,False,sub-05,NS,eyesclosed,75,0
C6,0.10636293901522757,0.041538557417466114,False,sub-05,NS,eyesclosed,75,0
T8,0.12826697237269843,0.048900760204376635,False,sub-05,NS,eyesclosed,75,0
CPz,0.11324193879420832,0.04457544859989329,False,sub-05,NS,eyesclosed,75,0
CP2,0.09862927261121404,0.034448938108141536,False,sub-05,NS,eyesclosed,75,0
CP4,0.09176715357050458,0.03220350348573357,False,sub-05,NS,eyesclosed,75,0
CP6,0.0932936922301395,0.03445292611748878,False,sub-05,NS,eyesclosed,75,0
TP8,0.10995116764154396,0.044566586321589254,False,sub-05,NS,eyesclosed,75,0
TP10,0.1308355534674612,0.05151650220139318,False,sub-05,NS,eyesclosed,75,0
P2,0.09541683603060193,0.038734896190835096,False,sub-05,NS,eyesclosed,75,0
P4,0.08358264510769753,0.03502977832416852,False,sub-05,NS,eyesclosed,75,0
P6,0.07555420007659443,0.03339575918913588,False,sub-05,NS,eyesclosed,75,0
P8,0.08264481627571688,0.03826073517110424,False,sub-05,NS,eyesclosed,75,0
POz,0.09356700478466805,0.04122193585069197,False,sub-05,NS,eyesclosed,75,0
PO4,0.08077876829913086,0.03703282725919518,False,sub-05,NS,eyesclosed,75,0
PO8,0.07671514349313198,0.036783186818927754,False,sub-05,NS,eyesclosed,75,0
O2,0.08882708239999187,0.03886204062484977,False,sub-05,NS,eyesclosed,75,0
Fp1,0.11434952931555493,0.0536661678321457,False,sub-05,NS,eyesopen,75,0
AF3,0.1382334788303275,0.0635252512719382,False,sub-05,NS,eyesopen,75,0
AF7,0.10708233638324276,0.042010688744520366,False,sub-05,NS,eyesopen,75,0
Fz,0.14970468324798705,0.06980212357927398,False,sub-05,NS,eyesopen,75,0
F1,0.15118247518717362,0.06487850476137277,False,sub-05,NS,eyesopen,75,0
F3,0.14646544681620385,0.05607491006988927,False,sub-05,NS,eyesopen,75,0
F5,0.11399802627373873,0.04255740999860169,False,sub-05,NS,eyesopen,75,0
F7,0.09486288458406243,0.038567078227925995,False,sub-05,NS,eyesopen,75,0
FC1,0.10338408882862364,0.039885166245210595,False,sub-05,NS,eyesopen,75,0
FC3,0.10416850333871902,0.04333546519478889,False,sub-05,NS,eyesopen,75,0
FC5,0.09482209078329955,0.033384913263188654,False,sub-05,NS,eyesopen,75,0
FT7,0.09725277826609709,0.037039305029700535,False,sub-05,NS,eyesopen,75,0
Cz,0.10970581668826362,0.04793115678884436,False,sub-05,NS,eyesopen,75,0
C1,0.09182905120953296,0.04337763516754928,False,sub-05,NS,eyesopen,75,0
C3,0.07412307890365165,0.03298906190040083,False,sub-05,NS,eyesopen,75,0
C5,0.07944243334249979,0.032144159940214787,False,sub-05,NS,eyesopen,75,0
T7,0.09985250538167882,0.03855814021124853,False,sub-05,NS,eyesopen,75,0
CP1,0.10924845857193805,0.04724195275866773,False,sub-05,NS,eyesopen,75,0
CP3,0.0927591230455688,0.04061538196534692,False,sub-05,NS,eyesopen,75,0
CP5,0.11344222023017586,0.043317963430855894,False,sub-05,NS,eyesopen,75,0
TP7,0.12883899028759285,0.04599888771270288,False,sub-05,NS,eyesopen,75,0
TP9,0.166694636971938,0.05927287276285925,False,sub-05,NS,eyesopen,75,0
Pz,0.13558903689505974,0.055535663132587336,False,sub-05,NS,eyesopen,75,0
P1,0.1248366121215812,0.05213349605436031,False,sub-05,NS,eyesopen,75,0
P3,0.12172187980015906,0.04963284608009306,False,sub-05,NS,eyesopen,75,0
P5,0.1332918722338865,0.050410550723547935,False,sub-05,NS,eyesopen,75,0
P7,0.1530341034835409,0.05562385665365486,False,sub-05,NS,eyesopen,75,0
PO3,0.1321074559399589,0.05288570956680459,False,sub-05,NS,eyesopen,75,0
PO7,0.1467392753733055,0.05632140374392425,False,sub-05,NS,eyesopen,75,0
Oz,0.15069855825404677,0.05945495862132001,False,sub-05,NS,eyesopen,75,0
O1,0.1528608594372907,0.0660034770710312,False,sub-05,NS,eyesopen,75,0
Fpz,0.1296281800358893,0.06726041540014219,False,sub-05,NS,eyesopen,75,0
Fp2,0.11194022071402412,0.05672247742399759,False,sub-05,NS,eyesopen,75,0
AF4,0.1274611344651639,0.05704875317818069,False,sub-05,NS,eyesopen,75,0
AF8,0.13063775437513123,0.06280610804541989,False,sub-05,NS,eyesopen,75,0
F2,0.13360505794210137,0.05919345276375285,False,sub-05,NS,eyesopen,75,0
F4,0.12774584072933684,0.05584030936405064,False,sub-05,NS,eyesopen,75,0
F6,0.13708712319443966,0.060218667230918274,False,sub-05,NS,eyesopen,75,0
F8,0.14884042667764086,0.06827742042528787,False,sub-05,NS,eyesopen,75,0
FC2,0.09371402774786307,0.036751312737738365,False,sub-05,NS,eyesopen,75,0
FC4,0.09128278507919699,0.04361854978476204,False,sub-05,NS,eyesopen,75,0
FC6,0.1288460193161602,0.05185321201055471,False,sub-05,NS,eyesopen,75,0
FT8,0.15837924006593573,0.06349305691540309,False,sub-05,NS,eyesopen,75,0
C2,0.11293132633225572,0.05334219028647153,False,sub-05,NS,eyesopen,75,0
C4,0.1040748112778143,0.042295511687387814,False,sub-05,NS,eyesopen,75,0
C6,0.13793771150017206,0.04967280524138627,False,sub-05,NS,eyesopen,75,0
T8,0.17144078994856043,0.060294810035465524,False,sub-05,NS,eyesopen,75,0
CPz,0.1232702683892119,0.052839335850739064,False,sub-05,NS,eyesopen,75,0
CP2,0.12203672732802415,0.050183626708101114,False,sub-05,NS,eyesopen,75,0
CP4,0.12457783317032071,0.050743128151263146,False,sub-05,NS,eyesopen,75,0
CP6,0.14195369394431942,0.05260347529935944,False,sub-05,NS,eyesopen,75,0
TP8,0.16959043119274153,0.058558170067698256,False,sub-05,NS,eyesopen,75,0
TP10,0.17496905592880785,0.0602277134510115,False,sub-05,NS,eyesopen,75,0
P2,0.12665304008557882,0.055134030124329214,False,sub-05,NS,eyesopen,75,0
P4,0.12934800528309992,0.05281638909154079,False,sub-05,NS,eyesopen,75,0
P6,0.1380207396453039,0.055205613460179825,False,sub-05,NS,eyesopen,75,0
P8,0.15398802219313518,0.060022953176985534,False,sub-05,NS,eyesopen,75,0
POz,0.13651005687365514,0.05660479479689703,False,sub-05,NS,eyesopen,75,0
PO4,0.13498203469778253,0.05967406668993844,False,sub-05,NS,eyesopen,75,0
PO8,0.14440940041576078,0.060930880354995436,False,sub-05,NS,eyesopen,75,0
O2,0.1498808205124073,0.0653798925720004,False,sub-05,NS,eyesopen,75,0
Fp1,0.1261520676775274,0.06702717726154381,False,sub-05,SD,eyesclosed,75,0
AF3,0.13916394190324904,0.07181057449650856,False,sub-05,SD,eyesclosed,75,0
AF7,0.10572139452534858,0.05582702554089588,False,sub-05,SD,eyesclosed,75,0
Fz,0.17828290320185652,0.07321076218120738,False,sub-05,SD,eyesclosed,75,0
F1,0.12727493480741867,0.06001035324271039,False,sub-05,SD,eyesclosed,75,0
F3,0.10825065437623742,0.05489821337284466,False,sub-05,SD,eyesclosed,75,0
F5,0.1068628503255407,0.05509361098331984,False,sub-05,SD,eyesclosed,75,0
F7,0.10781657245107373,0.05527167729958573,False,sub-05,SD,eyesclosed,75,0
FC1,0.09848098188853603,0.033978565846401555,False,sub-05,SD,eyesclosed,75,0
FC3,0.09621351782467556,0.04038065497394996,False,sub-05,SD,eyesclosed,75,0
FC5,0.09908305844675415,0.04508335976460062,False,sub-05,SD,eyesclosed,75,0
FT7,0.13218747953005733,0.06344867579235787,False,sub-05,SD,eyesclosed,75,0
Cz,0.12488850715685842,0.0533611636306031,False,sub-05,SD,eyesclosed,75,0
C1,0.09630879270747526,0.039966861507409565,False,sub-05,SD,eyesclosed,75,0
C3,0.08110370805294705,0.03834008341090988,False,sub-05,SD,eyesclosed,75,0
C5,0.106239450938078,0.04598973454279247,False,sub-05,SD,eyesclosed,75,0
T7,0.1486075099891649,0.06208707387258617,False,sub-05,SD,eyesclosed,75,0
CP1,0.10217098581638252,0.04444272751846276,False,sub-05,SD,eyesclosed,75,0
CP3,0.0952294143346594,0.043753766019021395,False,sub-05,SD,eyesclosed,75,0
CP5,0.1147058349978353,0.04966975025375944,False,sub-05,SD,eyesclosed,75,0
TP7,0.14882164505522122,0.06254376045968571,False,sub-05,SD,eyesclosed,75,0
TP9,0.16135402447035052,0.0640080748394813,False,sub-05,SD,eyesclosed,75,0
Pz,0.11043769918272413,0.049203068228905626,False,sub-05,SD,eyesclosed,75,0
P1,0.10151934842229544,0.04527121293599895,False,sub-05,SD,eyesclosed,75,0
P3,0.10178056522726084,0.04598962031216274,False,sub-05,SD,eyesclosed,75,0
P5,0.10341802660373765,0.04440649554130202,False,sub-05,SD,eyesclosed,75,0
P7,0.12276371536270844,0.05281136012550842,False,sub-05,SD,eyesclosed,75,0
PO3,0.09268336377470404,0.044108793706722674,False,sub-05,SD,eyesclosed,75,0
PO7,0.10117930410091194,0.04253238051800069,False,sub-05,SD,eyesclosed,75,0
Oz,0.1074861877484816,0.04724727770188395,False,sub-05,SD,eyesclosed,75,0
O1,0.09862133210714932,0.045589551466611235,False,sub-05,SD,eyesclosed,75,0
Fpz,0.14991909796223649,0.07276726147586474,False,sub-05,SD,eyesclosed,75,0
Fp2,0.14288095129837608,0.05952720977653479,False,sub-05,SD,eyesclosed,75,0
AF4,0.15226331822610734,0.06652457360247649,False,sub-05,SD,eyesclosed,75,0
AF8,0.12569326717688714,0.04885170549189105,False,sub-05,SD,eyesclosed,75,0
F2,0.15485483409072298,0.0744335817133377,False,sub-05,SD,eyesclosed,75,0
F4,0.14710444304476664,0.06857177796369758,False,sub-05,SD,eyesclosed,75,0
F6,0.13389995398503501,0.055996226060848274,False,sub-05,SD,eyesclosed,75,0
F8,0.1322345777118027,0.05299293619927456,False,sub-05,SD,eyesclosed,75,0
FC2,0.1132529730553297,0.05448065072190808,False,sub-05,SD,eyesclosed,75,0
FC4,0.09841248111222921,0.05295137459908023,False,sub-05,SD,eyesclosed,75,0
FC6,0.11681313355999601,0.05418493233937708,False,sub-05,SD,eyesclosed,75,0
FT8,0.13643422454659826,0.056342408099110126,False,sub-05,SD,eyesclosed,75,0
C2,0.10542540630346045,0.05462358030497349,False,sub-05,SD,eyesclosed,75,0
C4,0.09802558173639021,0.056282534305555486,False,sub-05,SD,eyesclosed,75,0
C6,0.115266133716705,0.058010839377714514,False,sub-05,SD,eyesclosed,75,0
T8,0.14107665376259726,0.06040048691612354,False,sub-05,SD,eyesclosed,75,0
CPz,0.11580058840642363,0.04929523666180385,False,sub-05,SD,eyesclosed,75,0
CP2,0.11148435910441416,0.04988222285810299,False,sub-05,SD,eyesclosed,75,0
CP4,0.10766311946221033,0.051491441032244664,False,sub-05,SD,eyesclosed,75,0
CP6,0.07945269332556357,0.035915031284976084,False,sub-05,SD,eyesclosed,75,0
TP8,0.12427922173609825,0.05527246268994396,False,sub-05,SD,eyesclosed,75,0
TP10,0.14588458439992857,0.06271305321845257,False,sub-05,SD,eyesclosed,75,0
P2,0.10686704125907653,0.049976569184956285,False,sub-05,SD,eyesclosed,75,0
P4,0.09304802919702974,0.04214018364000758,False,sub-05,SD,eyesclosed,75,0
P6,0.08898734288881383,0.039390500556249715,False,sub-05,SD,eyesclosed,75,0
P8,0.09344388020143543,0.04201085810311843,False,sub-05,SD,eyesclosed,75,0
POz,0.10007539579251518,0.045692000798550354,False,sub-05,SD,eyesclosed,75,0
PO4,0.08661774077601889,0.040531425059643876,False,sub-05,SD,eyesclosed,75,0
PO8,0.08004310781757193,0.03425213240693658,False,sub-05,SD,eyesclosed,75,0
O2,0.08925760369179488,0.040948244635345264,False,sub-05,SD,eyesclosed,75,0
Fp1,0.11022167321416101,0.05578977213000102,False,sub-05,SD,eyesopen,75,0
AF3,0.1289142614658984,0.05540536009134008,False,sub-05,SD,eyesopen,75,0
AF7,0.10021034083208069,0.03863171270649469,False,sub-05,SD,eyesopen,75,0
Fz,0.15851330579164843,0.06477498322083375,False,sub-05,SD,eyesopen,75,0
F1,0.1330508086485478,0.05253701609472912,False,sub-05,SD,eyesopen,75,0
F3,0.10458122261719796,0.03698945720451146,False,sub-05,SD,eyesopen,75,0
F5,0.10363344790877912,0.03712401375057902,False,sub-05,SD,eyesopen,75,0
F7,0.1040355703773043,0.03787251896748226,False,sub-05,SD,eyesopen,75,0
FC1,0.12054807054850507,0.055625686891455924,False,sub-05,SD,eyesopen,75,0
FC3,0.10403858806809765,0.04340009766875487,False,sub-05,SD,eyesopen,75,0
FC5,0.06926348802818232,0.03181850430049319,False,sub-05,SD,eyesopen,75,0
FT7,0.07889312977547441,0.03871116580067981,False,sub-05,SD,eyesopen,75,0
Cz,0.13290318675530846,0.05655074159205554,False,sub-05,SD,eyesopen,75,0
C1,0.12436898108305611,0.058354561433030305,False,sub-05,SD,eyesopen,75,0
C3,0.0977817912191715,0.050943163026569815,False,sub-05,SD,eyesopen,75,0
C5,0.09763020668324136,0.04735022385069235,False,sub-05,SD,eyesopen,75,0
T7,0.13485636345063903,0.05168687120624585,False,sub-05,SD,eyesopen,75,0
CP1,0.12992272660597465,0.05352796898064981,False,sub-05,SD,eyesopen,75,0
CP3,0.1256097956131618,0.05739877276346493,False,sub-05,SD,eyesopen,75,0
CP5,0.13869377494690732,0.061179572339809474,False,sub-05,SD,eyesopen,75,0
TP7,0.16753454151332672,0.06551053064441034,False,sub-05,SD,eyesopen,75,0
TP9,0.164650721632441,0.0631733402710787,False,sub-05,SD,eyesopen,75,0
Pz,0.1555465499674163,0.05730906272114952,False,sub-05,SD,eyesopen,75,0
P1,0.14965269260608605,0.056018145041107435,False,sub-05,SD,eyesopen,75,0
P3,0.14910081440048803,0.05560966985274142,False,sub-05,SD,eyesopen,75,0
P5,0.15788611427046048,0.06475909318711283,False,sub-05,SD,eyesopen,75,0
P7,0.17121978111887803,0.06404998688709383,False,sub-05,SD,eyesopen,75,0
PO3,0.15741548152492968,0.06198020083049405,False,sub-05,SD,eyesopen,75,0
PO7,0.1722829373607477,0.06545313529226085,False,sub-05,SD,eyesopen,75,0
Oz,0.1861321099378691,0.06760220640464588,False,sub-05,SD,eyesopen,75,0
O1,0.1885117069343432,0.06594559956320856,False,sub-05,SD,eyesopen,75,0
Fpz,0.13136826721531872,0.06254633100975591,False,sub-05,SD,eyesopen,75,0
Fp2,0.1256385966829923,0.05317221452726955,False,sub-05,SD,eyesopen,75,0
AF4,0.13500042167757836,0.04846839557260519,False,sub-05,SD,eyesopen,75,0
AF8,0.11984751533749881,0.04438608898112781,False,sub-05,SD,eyesopen,75,0
F2,0.14684023000102644,0.050008167663099526,False,sub-05,SD,eyesopen,75,0
F4,0.1344521049140431,0.045124669757879855,False,sub-05,SD,eyesopen,75,0
F6,0.13140669119045997,0.041583223300029296,False,sub-05,SD,eyesopen,75,0
F8,0.14173643499420524,0.049630441938217425,False,sub-05,SD,eyesopen,75,0
FC2,0.12769251004695314,0.049519523492621946,False,sub-05,SD,eyesopen,75,0
FC4,0.11294387745583596,0.046279667275571375,False,sub-05,SD,eyesopen,75,0
FC6,0.13319525925259917,0.04737645578610838,False,sub-05,SD,eyesopen,75,0
FT8,0.15824469994289259,0.05423973109961739,False,sub-05,SD,eyesopen,75,0
C2,0.12304164249296648,0.05029534634672965,False,sub-05,SD,eyesopen,75,0
C4,0.1229104186463393,0.05450086344533581,False,sub-05,SD,eyesopen,75,0
C6,0.14355650702709302,0.05636238431497118,False,sub-05,SD,eyesopen,75,0
T8,0.15231292925089165,0.05572610006004762,False,sub-05,SD,eyesopen,75,0
CPz,0.14012561963744885,0.0534433761126653,False,sub-05,SD,eyesopen,75,0
CP2,0.1376931020791262,0.052799270085602125,False,sub-05,SD,eyesopen,75,0
CP4,0.14119284966461498,0.05694909610408574,False,sub-05,SD,eyesopen,75,0
CP6,0.11522993483151758,0.043924997164098485,False,sub-05,SD,eyesopen,75,0
TP8,0.18706642193064602,0.06285814688037725,False,sub-05,SD,eyesopen,75,0
TP10,0.19186163720758898,0.06086913674867236,False,sub-05,SD,eyesopen,75,0
P2,0.15677547274413173,0.060429787209407164,False,sub-05,SD,eyesopen,75,0
P4,0.14593990572517102,0.053581937633349654,False,sub-05,SD,eyesopen,75,0
P6,0.16759087668659936,0.06139483643796307,False,sub-05,SD,eyesopen,75,0
P8,0.17977209210883277,0.062281020238336635,False,sub-05,SD,eyesopen,75,0
POz,0.17104001317488757,0.06456912436788756,False,sub-05,SD,eyesopen,75,0
PO4,0.16634320846119868,0.0649086312724326,False,sub-05,SD,eyesopen,75,0
PO8,0.17184384361248115,0.057834391023136686,False,sub-05,SD,eyesopen,75,0
O2,0.18069656601273584,0.06571898594716899,False,sub-05,SD,eyesopen,75,0
Fp1,0.22530615990789163,0.08474448111210507,False,sub-06,NS,eyesclosed,75,0
AF3,0.278947318572347,0.09757593981737618,False,sub-06,NS,eyesclosed,75,0
AF7,0.24582727289008863,0.09541074572829948,False,sub-06,NS,eyesclosed,75,0
Fz,0.3048903461964739,0.10624527386794075,False,sub-06,NS,eyesclosed,75,0
F1,0.2950940404883209,0.0950521707063517,False,sub-06,NS,eyesclosed,75,0
F3,0.2902695763185268,0.08389397023035275,False,sub-06,NS,eyesclosed,75,0
F5,0.2831571376963194,0.08809038036540741,False,sub-06,NS,eyesclosed,75,0
F7,0.262980203803404,0.09199689534832205,False,sub-06,NS,eyesclosed,75,0
FC1,0.23315575269748218,0.0658007768274785,False,sub-06,NS,eyesclosed,75,0
FC3,0.24458232798323054,0.06695474364502572,False,sub-06,NS,eyesclosed,75,0
FC5,0.26900422280525527,0.07646483684718924,False,sub-06,NS,eyesclosed,75,0
FT7,0.26785632491556416,0.08259674637838271,False,sub-06,NS,eyesclosed,75,0
Cz,0.2804527075713456,0.09065917067412517,False,sub-06,NS,eyesclosed,75,0
C1,0.22151736256961982,0.08033906300235617,False,sub-06,NS,eyesclosed,75,0
C3,0.20182779867834105,0.07656503735684503,False,sub-06,NS,eyesclosed,75,0
C5,0.2548573634651363,0.07589808196470489,False,sub-06,NS,eyesclosed,75,0
T7,0.2342945359636091,0.07007021460571614,False,sub-06,NS,eyesclosed,75,0
CP1,0.2518531611883542,0.08902322026238088,False,sub-06,NS,eyesclosed,75,0
CP3,0.24275521371744901,0.08501976832672986,False,sub-06,NS,eyesclosed,75,0
CP5,0.2830019919939863,0.08766955357964608,False,sub-06,NS,eyesclosed,75,0
TP7,0.27600965781839565,0.08205350971134298,False,sub-06,NS,eyesclosed,75,0
TP9,0.2755817582396754,0.08191334323684395,False,sub-06,NS,eyesclosed,75,0
Pz,0.26368156741579607,0.08709075649900377,False,sub-06,NS,eyesclosed,75,0
P1,0.2572165044602511,0.09078020043477197,False,sub-06,NS,eyesclosed,75,0
P3,0.25582951264510695,0.08720087146760493,False,sub-06,NS,eyesclosed,75,0
P5,0.267723373578661,0.08755425109745398,False,sub-06,NS,eyesclosed,75,0
P7,0.2956579031060835,0.08975790008563478,False,sub-06,NS,eyesclosed,75,0
PO3,0.2616918966977565,0.08611467970101423,False,sub-06,NS,eyesclosed,75,0
PO7,0.2834877872881065,0.08711375968650671,False,sub-06,NS,eyesclosed,75,0
Oz,0.2479959582519534,0.07891526412985701,False,sub-06,NS,eyesclosed,75,0
O1,0.2659536800023659,0.08788666718983607,False,sub-06,NS,eyesclosed,75,0
Fpz,0.24587912030192247,0.09744931148809763,False,sub-06,NS,eyesclosed,75,0
Fp2,0.2082617757088808,0.08122633058685873,False,sub-06,NS,eyesclosed,75,0
AF4,0.26055521952880495,0.08991878771230125,False,sub-06,NS,eyesclosed,75,0
AF8,0.23349466222824194,0.09809236720795915,False,sub-06,NS,eyesclosed,75,0
F2,0.28392930559485763,0.09412473398927981,False,sub-06,NS,eyesclosed,75,0
F4,0.2854003839014676,0.09834197983034007,False,sub-06,NS,eyesclosed,75,0
F6,0.2855992544148411,0.098332876780363,False,sub-06,NS,eyesclosed,75,0
F8,0.2714570366164779,0.09891592734645853,False,sub-06,NS,eyesclosed,75,0
FC2,0.26546515287481437,0.08791810270222868,False,sub-06,NS,eyesclosed,75,0
FC4,0.2689521582699239,0.08969133225734617,False,sub-06,NS,eyesclosed,75,0
FC6,0.29540249794441437,0.0931403495362947,False,sub-06,NS,eyesclosed,75,0
FT8,0.2665842313450603,0.08715723006638466,False,sub-06,NS,eyesclosed,75,0
C2,0.28605930936295304,0.08947790599307909,False,sub-06,NS,eyesclosed,75,0
C4,0.2844275624353496,0.08648461797319314,False,sub-06,NS,eyesclosed,75,0
C6,0.3034142623103844,0.08559037217674445,False,sub-06,NS,eyesclosed,75,0
T8,0.2788326866565309,0.08349547259078573,False,sub-06,NS,eyesclosed,75,0
CPz,0.27072500570446145,0.08781962257353738,False,sub-06,NS,eyesclosed,75,0
CP2,0.27895579717799246,0.08558081811153989,False,sub-06,NS,eyesclosed,75,0
CP4,0.2803193968679887,0.08783981303010927,False,sub-06,NS,eyesclosed,75,0
CP6,0.2863723737359473,0.08774138715637479,False,sub-06,NS,eyesclosed,75,0
TP8,0.2735973833640553,0.08337589517033404,False,sub-06,NS,eyesclosed,75,0
TP10,0.19003237192075362,0.06190929494700903,False,sub-06,NS,eyesclosed,75,0
P2,0.23705475406491147,0.07925196267615851,False,sub-06,NS,eyesclosed,75,0
P4,0.23724619566392774,0.07951353492683516,False,sub-06,NS,eyesclosed,75,0
P6,0.24225348549541187,0.08077988125911503,False,sub-06,NS,eyesclosed,75,0
P8,0.2541916355755407,0.08191312792229724,False,sub-06,NS,eyesclosed,75,0
POz,0.26182696175410813,0.08496612271252765,False,sub-06,NS,eyesclosed,75,0
PO4,0.2436553503548798,0.07855432532348035,False,sub-06,NS,eyesclosed,75,0
PO8,0.23359682047665317,0.07671056630902606,False,sub-06,NS,eyesclosed,75,0
O2,0.19076581927666897,0.060434618158571714,False,sub-06,NS,eyesclosed,75,0
Fp1,0.09606407884679513,0.06661273166806715,False,sub-06,NS,eyesopen,75,0
AF3,0.12630512026286334,0.09402853267761395,False,sub-06,NS,eyesopen,75,0
AF7,0.0939702764745416,0.07051963513814105,False,sub-06,NS,eyesopen,75,0
Fz,0.15666753579333503,0.11532650572303892,False,sub-06,NS,eyesopen,75,0
F1,0.14800756698562695,0.1106056303326095,False,sub-06,NS,eyesopen,75,0
F3,0.13142048418882132,0.0967078130475469,False,sub-06,NS,eyesopen,75,0
F5,0.11203337377223165,0.08168520581408517,False,sub-06,NS,eyesopen,75,0
F7,0.10033132933958194,0.07646166274622779,False,sub-06,NS,eyesopen,75,0
FC1,0.15564155211383324,0.10936087997087508,False,sub-06,NS,eyesopen,75,0
FC3,0.13078218789458027,0.0866070077669736,False,sub-06,NS,eyesopen,75,0
FC5,0.10204047224710523,0.07021436253858485,False,sub-06,NS,eyesopen,75,0
FT7,0.10165604101777304,0.06642319498873414,False,sub-06,NS,eyesopen,75,0
Cz,0.16184593497519628,0.10328908641620387,False,sub-06,NS,eyesopen,75,0
C1,0.15038837922871376,0.08964099287211497,False,sub-06,NS,eyesopen,75,0
C3,0.12917119069864302,0.07843346205145821,False,sub-06,NS,eyesopen,75,0
C5,0.1126603570967719,0.06346684509369502,False,sub-06,NS,eyesopen,75,0
T7,0.12263177921625562,0.0571522645395273,False,sub-06,NS,eyesopen,75,0
CP1,0.15170961677747907,0.0773731118515964,False,sub-06,NS,eyesopen,75,0
CP3,0.13263952759430123,0.07242692257276631,False,sub-06,NS,eyesopen,75,0
CP5,0.14554000452665627,0.07437554726307923,False,sub-06,NS,eyesopen,75,0
TP7,0.17180685434676185,0.0684691507335743,False,sub-06,NS,eyesopen,75,0
TP9,0.1717226164367277,0.06841240359656171,False,sub-06,NS,eyesopen,75,0
Pz,0.10785264992111358,0.07133341968082944,False,sub-06,NS,eyesopen,75,0
P1,0.11884016894936013,0.07113651977889049,False,sub-06,NS,eyesopen,75,0
P3,0.09487896202983842,0.06698182799683194,False,sub-06,NS,eyesopen,75,0
P5,0.10495936965560251,0.06904349170492197,False,sub-06,NS,eyesopen,75,0
P7,0.15231118720523604,0.07356761013477077,False,sub-06,NS,eyesopen,75,0
PO3,0.0833043275351203,0.06483049081198418,False,sub-06,NS,eyesopen,75,0
PO7,0.11460068493283385,0.06742075844415032,False,sub-06,NS,eyesopen,75,0
Oz,0.09023991173398833,0.05167445401841554,False,sub-06,NS,eyesopen,75,0
O1,0.09299819869301888,0.050249698057168155,False,sub-06,NS,eyesopen,75,0
Fpz,0.10403873628152246,0.07643553582792481,False,sub-06,NS,eyesopen,75,0
Fp2,0.08689342705489292,0.05590957981852647,False,sub-06,NS,eyesopen,75,0
AF4,0.1140798998181948,0.08038793487034103,False,sub-06,NS,eyesopen,75,0
AF8,0.08792084384078254,0.059990877555955224,False,sub-06,NS,eyesopen,75,0
F2,0.15337666837253858,0.11043581224730194,False,sub-06,NS,eyesopen,75,0
F4,0.12329730417835534,0.09269408608736875,False,sub-06,NS,eyesopen,75,0
F6,0.12254008265316242,0.09237589164189544,False,sub-06,NS,eyesopen,75,0
F8,0.09604865760443326,0.05919074523709632,False,sub-06,NS,eyesopen,75,0
FC2,0.14632684627044304,0.10283796341706311,False,sub-06,NS,eyesopen,75,0
FC4,0.13109826779241293,0.08879855558675717,False,sub-06,NS,eyesopen,75,0
FC6,0.10871653174089137,0.06948723543961428,False,sub-06,NS,eyesopen,75,0
FT8,0.11172386901388942,0.04871539539651226,False,sub-06,NS,eyesopen,75,0
C2,0.1599696522729135,0.09963494545823226,False,sub-06,NS,eyesopen,75,0
C4,0.15451953651032463,0.08085169207919832,False,sub-06,NS,eyesopen,75,0
C6,0.15828160701865845,0.061837658834152175,False,sub-06,NS,eyesopen,75,0
T8,0.15869027820238923,0.05598413561528171,False,sub-06,NS,eyesopen,75,0
CPz,0.15258859868595817,0.0764512936174797,False,sub-06,NS,eyesopen,75,0
CP2,0.1423500183202979,0.07980410143927633,False,sub-06,NS,eyesopen,75,0
CP4,0.1110800211779187,0.07350984162587347,False,sub-06,NS,eyesopen,75,0
CP6,0.09577318365917993,0.06302013736518786,False,sub-06,NS,eyesopen,75,0
TP8,0.12855604094573875,0.05759948460502356,False,sub-06,NS,eyesopen,75,0
TP10,0.10640387514208058,0.040950630383998064,False,sub-06,NS,eyesopen,75,0
P2,0.07058794380847026,0.05852436806577981,False,sub-06,NS,eyesopen,75,0
P4,0.06994941010785496,0.057835249522091195,False,sub-06,NS,eyesopen,75,0
P6,0.07083719400453359,0.057623181972999066,False,sub-06,NS,eyesopen,75,0
P8,0.09035604798939074,0.05698210375271115,False,sub-06,NS,eyesopen,75,0
POz,0.08255246263512118,0.07364302169569119,False,sub-06,NS,eyesopen,75,0
PO4,0.06693371031750192,0.05496225780494252,False,sub-06,NS,eyesopen,75,0
PO8,0.06390906282907888,0.03247161669196941,False,sub-06,NS,eyesopen,75,0
O2,0.051742509071801925,0.022157865307163807,False,sub-06,NS,eyesopen,75,0
Fp1,0.2508313555636777,0.1239659117900083,False,sub-06,SD,eyesclosed,75,0
AF3,0.22931179948894426,0.1342986642321649,False,sub-06,SD,eyesclosed,75,0
AF7,0.2476218183923593,0.1164429774733581,False,sub-06,SD,eyesclosed,75,0
Fz,0.1919824235140275,0.1346015844772467,False,sub-06,SD,eyesclosed,75,0
F1,0.2588104338770154,0.10483282145879393,False,sub-06,SD,eyesclosed,75,0
F3,0.25902341594354966,0.10476844960980071,False,sub-06,SD,eyesclosed,75,0
F5,0.22552767733061155,0.13177216038854486,False,sub-06,SD,eyesclosed,75,0
F7,0.2066970936912277,0.12981378153801193,False,sub-06,SD,eyesclosed,75,0
FC1,0.23385277144406696,0.12069787780931998,False,sub-06,SD,eyesclosed,75,0
FC3,0.2375484664598625,0.1349635805777373,False,sub-06,SD,eyesclosed,75,0
FC5,0.23404484126617078,0.13917833989130857,False,sub-06,SD,eyesclosed,75,0
FT7,0.22706126648137753,0.1370933031861521,False,sub-06,SD,eyesclosed,75,0
Cz,0.22490158134627022,0.15220304448439778,False,sub-06,SD,eyesclosed,75,0
C1,0.23059286811768492,0.1565204888678709,False,sub-06,SD,eyesclosed,75,0
C3,0.23025300194970158,0.14758511049970563,False,sub-06,SD,eyesclosed,75,0
C5,0.2277251959861639,0.13925983017276347,False,sub-06,SD,eyesclosed,75,0
T7,0.24904103173535508,0.17740140713053912,False,sub-06,SD,eyesclosed,75,0
CP1,0.2284223625841291,0.1737953496078743,False,sub-06,SD,eyesclosed,75,0
CP3,0.21510443142291882,0.1686878954582298,False,sub-06,SD,eyesclosed,75,0
CP5,0.2064695508526786,0.1567915250647731,False,sub-06,SD,eyesclosed,75,0
TP7,0.20981325125498326,0.14231610241523557,False,sub-06,SD,eyesclosed,75,0
TP9,0.22445272632888957,0.13132235431073885,False,sub-06,SD,eyesclosed,75,0
Pz,0.2303272737243969,0.1888979674117162,False,sub-06,SD,eyesclosed,75,0
P1,0.20453178033555056,0.17989472217704067,False,sub-06,SD,eyesclosed,75,0
P3,0.1902415949070374,0.16447759162195363,False,sub-06,SD,eyesclosed,75,0
P5,0.2018079373222109,0.1554944269334656,False,sub-06,SD,eyesclosed,75,0
P7,0.2391360470804723,0.19492696764888912,False,sub-06,SD,eyesclosed,75,0
PO3,0.20863348856716765,0.18445075043146336,False,sub-06,SD,eyesclosed,75,0
PO7,0.1904608027088842,0.1551865615408273,False,sub-06,SD,eyesclosed,75,0
Oz,0.1774467844769554,0.13820642206622086,False,sub-06,SD,eyesclosed,75,0
O1,0.14654216687612232,0.11637543232228355,False,sub-06,SD,eyesclosed,75,0
Fpz,0.24063867871970326,0.12612328183235197,False,sub-06,SD,eyesclosed,75,0
Fp2,0.25654806517621964,0.12818002529640815,False,sub-06,SD,eyesclosed,75,0
AF4,0.21863237933877216,0.12554175977180934,False,sub-06,SD,eyesclosed,75,0
AF8,0.263454326044822,0.10513049709459069,False,sub-06,SD,eyesclosed,75,0
F2,0.2601996475493598,0.11946171034504018,False,sub-06,SD,eyesclosed,75,0
F4,0.25298900798751983,0.12657089942819286,False,sub-06,SD,eyesclosed,75,0
F6,0.24337720814018912,0.12914983078767864,False,sub-06,SD,eyesclosed,75,0
F8,0.22188327882680278,0.12515816481463274,False,sub-06,SD,eyesclosed,75,0
FC2,0.22836634183243618,0.11643629465649204,False,sub-06,SD,eyesclosed,75,0
FC4,0.2267892218518808,0.12403493171581495,False,sub-06,SD,eyesclosed,75,0
FC6,0.23095060343315865,0.12856454835391606,False,sub-06,SD,eyesclosed,75,0
FT8,0.23062103619391275,0.13414422684637906,False,sub-06,SD,eyesclosed,75,0
C2,0.2357128171369977,0.13535851685834493,False,sub-06,SD,eyesclosed,75,0
C4,0.2295761819573069,0.14187871657833304,False,sub-06,SD,eyesclosed,75,0
C6,0.2215324888901704,0.1464819189451229,False,sub-06,SD,eyesclosed,75,0
T8,0.23587593042791122,0.14586886325459952,False,sub-06,SD,eyesclosed,75,0
CPz,0.2383822398987075,0.1417007093149019,False,sub-06,SD,eyesclosed,75,0
CP2,0.23149510087445588,0.1664191485025846,False,sub-06,SD,eyesclosed,75,0
CP4,0.2190117145116371,0.16320345294985258,False,sub-06,SD,eyesclosed,75,0
CP6,0.21706873220117165,0.1533017353103247,False,sub-06,SD,eyesclosed,75,0
TP8,0.227466739917296,0.14442095259903562,False,sub-06,SD,eyesclosed,75,0
TP10,0.23212982406502433,0.13780046587908518,False,sub-06,SD,eyesclosed,75,0
P2,0.24960536860047805,0.18063365418749233,False,sub-06,SD,eyesclosed,75,0
P4,0.2263195918755054,0.17164041474067054,False,sub-06,SD,eyesclosed,75,0
P6,0.2075427642391465,0.16706094277528874,False,sub-06,SD,eyesclosed,75,0
P8,0.19636260662309532,0.15784144278489026,False,sub-06,SD,eyesclosed,75,0
POz,0.21302816580199996,0.14860755291268452,False,sub-06,SD,eyesclosed,75,0
PO4,0.20531362336027825,0.16757943860631266,False,sub-06,SD,eyesclosed,75,0
PO8,0.19837686379014804,0.1478805176310219,False,sub-06,SD,eyesclosed,75,0
O2,0.19387274885014455,0.1446282233216121,False,sub-06,SD,eyesclosed,75,0
Fp1,0.2612844808075851,0.12188362075982485,False,sub-06,SD,eyesopen,75,0
AF3,0.17020792036640606,0.08944350311949624,False,sub-06,SD,eyesopen,75,0
AF7,0.2390596361642084,0.10580244887851888,False,sub-06,SD,eyesopen,75,0
Fz,0.17748266800080956,0.08037209444298918,False,sub-06,SD,eyesopen,75,0
F1,0.2908869919341296,0.10044565911324457,False,sub-06,SD,eyesopen,75,0
F3,0.29048295906355875,0.10085478080959598,False,sub-06,SD,eyesopen,75,0
F5,0.2338023764533766,0.09539084565406758,False,sub-06,SD,eyesopen,75,0
F7,0.24272026629921772,0.09643470549384604,False,sub-06,SD,eyesopen,75,0
FC1,0.220061813049094,0.06200249424936538,False,sub-06,SD,eyesopen,75,0
FC3,0.2354031199052029,0.07650100403721477,False,sub-06,SD,eyesopen,75,0
FC5,0.26761024008241846,0.08924479362426921,False,sub-06,SD,eyesopen,75,0
FT7,0.26530954014362257,0.08987729999336153,False,sub-06,SD,eyesopen,75,0
Cz,0.22253308290227225,0.0836962782888406,False,sub-06,SD,eyesopen,75,0
C1,0.2337883037308823,0.0821115493014214,False,sub-06,SD,eyesopen,75,0
C3,0.27103747771170733,0.08978975167222224,False,sub-06,SD,eyesopen,75,0
C5,0.15353310975555928,0.04766873151097175,False,sub-06,SD,eyesopen,75,0
T7,0.2254563161736056,0.07869102122042776,False,sub-06,SD,eyesopen,75,0
CP1,0.22999007414861652,0.09018927455469475,False,sub-06,SD,eyesopen,75,0
CP3,0.23753261352777472,0.09248223092174855,False,sub-06,SD,eyesopen,75,0
CP5,0.25089090048979606,0.09596891827176328,False,sub-06,SD,eyesopen,75,0
TP7,0.2719057481825569,0.10001839350401642,False,sub-06,SD,eyesopen,75,0
TP9,0.2886632347002951,0.10074482496476231,False,sub-06,SD,eyesopen,75,0
Pz,0.21511581061635762,0.08913101826736394,False,sub-06,SD,eyesopen,75,0
P1,0.21511164492908913,0.09707611717234568,False,sub-06,SD,eyesopen,75,0
P3,0.22666841273166394,0.10674179880115667,False,sub-06,SD,eyesopen,75,0
P5,0.25842420651164766,0.10639495293044869,False,sub-06,SD,eyesopen,75,0
P7,0.23837079783402743,0.09178136916164258,False,sub-06,SD,eyesopen,75,0
PO3,0.22441857070729185,0.09886890812846556,False,sub-06,SD,eyesopen,75,0
PO7,0.22845318253443717,0.09593114576752554,False,sub-06,SD,eyesopen,75,0
Oz,0.1721198361814021,0.06733764640059882,False,sub-06,SD,eyesopen,75,0
O1,0.21740221408331423,0.11109236125290645,False,sub-06,SD,eyesopen,75,0
Fpz,0.24742140419703243,0.10641516579463275,False,sub-06,SD,eyesopen,75,0
Fp2,0.2875255476652427,0.11450850765732577,False,sub-06,SD,eyesopen,75,0
AF4,0.2287852573209661,0.09368539546765621,False,sub-06,SD,eyesopen,75,0
AF8,0.29984436309155915,0.10429270394663888,False,sub-06,SD,eyesopen,75,0
F2,0.3066146216594642,0.10918514688948726,False,sub-06,SD,eyesopen,75,0
F4,0.29480264449979465,0.10843551208578618,False,sub-06,SD,eyesopen,75,0
F6,0.2772837329996267,0.1000078304377084,False,sub-06,SD,eyesopen,75,0
F8,0.2545836867528461,0.09763333032038198,False,sub-06,SD,eyesopen,75,0
FC2,0.2520095210513913,0.0659088353664049,False,sub-06,SD,eyesopen,75,0
FC4,0.2406896102145988,0.06962150431951739,False,sub-06,SD,eyesopen,75,0
FC6,0.2605987712657172,0.08152588925668262,False,sub-06,SD,eyesopen,75,0
FT8,0.24315135997812035,0.07948397158989635,False,sub-06,SD,eyesopen,75,0
C2,0.2342092991643554,0.08263329564256058,False,sub-06,SD,eyesopen,75,0
C4,0.21843396547576077,0.0809040095491591,False,sub-06,SD,eyesopen,75,0
C6,0.20651503683048986,0.0768852254494478,False,sub-06,SD,eyesopen,75,0
T8,0.24906137903580144,0.07774963269515489,False,sub-06,SD,eyesopen,75,0
CPz,0.25930807659196914,0.07811205406783557,False,sub-06,SD,eyesopen,75,0
CP2,0.2137500293787186,0.08176169089191555,False,sub-06,SD,eyesopen,75,0
CP4,0.21318836662065324,0.08126884917451702,False,sub-06,SD,eyesopen,75,0
CP6,0.24950388095063133,0.0817942160403433,False,sub-06,SD,eyesopen,75,0
TP8,0.2652900745889264,0.08249536886363164,False,sub-06,SD,eyesopen,75,0
TP10,0.2901746858693911,0.09493153804918869,False,sub-06,SD,eyesopen,75,0
P2,0.224159619905278,0.07921149003744007,False,sub-06,SD,eyesopen,75,0
P4,0.20969960745368327,0.08103446517202602,False,sub-06,SD,eyesopen,75,0
P6,0.2153546029526171,0.08436667312503186,False,sub-06,SD,eyesopen,75,0
P8,0.23324905156123046,0.08758897969114106,False,sub-06,SD,eyesopen,75,0
POz,0.2720820168375465,0.08891139248386347,False,sub-06,SD,eyesopen,75,0
PO4,0.2283358599133739,0.08892003703661984,False,sub-06,SD,eyesopen,75,0
PO8,0.25550621452688355,0.09065398374756165,False,sub-06,SD,eyesopen,75,0
O2,0.23464608142355572,0.08789468379882709,False,sub-06,SD,eyesopen,75,0
Fp1,0.10538141410673071,0.04227757678061316,False,sub-07,NS,eyesclosed,75,0
AF3,0.11264479147496748,0.04485008555257134,False,sub-07,NS,eyesclosed,75,0
AF7,0.11036821696989274,0.047360690067528244,False,sub-07,NS,eyesclosed,75,0
Fz,0.11404263855598937,0.054714637059818154,False,sub-07,NS,eyesclosed,75,0
F1,0.10748681589771258,0.04206478955230733,False,sub-07,NS,eyesclosed,75,0
F3,0.1102838074754014,0.043466699068727174,False,sub-07,NS,eyesclosed,75,0
F5,0.10716730967184546,0.045102471085366115,False,sub-07,NS,eyesclosed,75,0
F7,0.11029517393310574,0.04761762937999181,False,sub-07,NS,eyesclosed,75,0
FC1,0.07498190178909067,0.033553143154934545,False,sub-07,NS,eyesclosed,75,0
FC3,0.09133496995188752,0.04079989515137695,False,sub-07,NS,eyesclosed,75,0
FC5,0.11196747435052866,0.04765474209699699,False,sub-07,NS,eyesclosed,75,0
FT7,0.11503891633445555,0.051243662608905144,False,sub-07,NS,eyesclosed,75,0
Cz,0.06926114507763634,0.03168273869932747,False,sub-07,NS,eyesclosed,75,0
C1,0.07875520535618766,0.034945159885479936,False,sub-07,NS,eyesclosed,75,0
C3,0.09180733267700693,0.040163289114190995,False,sub-07,NS,eyesclosed,75,0
C5,0.1109783918454197,0.04448823515327967,False,sub-07,NS,eyesclosed,75,0
T7,0.1133943822695003,0.047210046120739986,False,sub-07,NS,eyesclosed,75,0
CP1,0.07844235760802182,0.036536091484507274,False,sub-07,NS,eyesclosed,75,0
CP3,0.08200280512898483,0.03862682872017616,False,sub-07,NS,eyesclosed,75,0
CP5,0.09110820550478091,0.04010849107043279,False,sub-07,NS,eyesclosed,75,0
TP7,0.11139793139935254,0.04729602988523584,False,sub-07,NS,eyesclosed,75,0
TP9,0.11131190420092056,0.04715447668146318,False,sub-07,NS,eyesclosed,75,0
Pz,0.07674166066521755,0.03169026089637718,False,sub-07,NS,eyesclosed,75,0
P1,0.06643571645339703,0.03142549266685675,False,sub-07,NS,eyesclosed,75,0
P3,0.062058019751163894,0.029076845961998728,False,sub-07,NS,eyesclosed,75,0
P5,0.07341776639003028,0.03330907697750172,False,sub-07,NS,eyesclosed,75,0
P7,0.09667810126614756,0.04513099610280186,False,sub-07,NS,eyesclosed,75,0
PO3,0.06569925031744718,0.027236980395898388,False,sub-07,NS,eyesclosed,75,0
PO7,0.09427812287588713,0.042454357831873644,False,sub-07,NS,eyesclosed,75,0
Oz,0.10253537145313528,0.04230229792988425,False,sub-07,NS,eyesclosed,75,0
O1,0.09802557562465969,0.04071931443890679,False,sub-07,NS,eyesclosed,75,0
Fpz,0.11628484061380166,0.048688443676180714,False,sub-07,NS,eyesclosed,75,0
Fp2,0.11533483811054578,0.04347434074667497,False,sub-07,NS,eyesclosed,75,0
AF4,0.12361424219479199,0.04792868761197173,False,sub-07,NS,eyesclosed,75,0
AF8,0.11728449427754155,0.0437032343043435,False,sub-07,NS,eyesclosed,75,0
F2,0.12151993600530692,0.04687215017011943,False,sub-07,NS,eyesclosed,75,0
F4,0.12332218660005796,0.04060264356149147,False,sub-07,NS,eyesclosed,75,0
F6,0.12397963117771559,0.044590800380972434,False,sub-07,NS,eyesclosed,75,0
F8,0.11469896501612543,0.04203387732075194,False,sub-07,NS,eyesclosed,75,0
FC2,0.07734925626869579,0.035925337999305605,False,sub-07,NS,eyesclosed,75,0
FC4,0.09076406330030629,0.03343027057522246,False,sub-07,NS,eyesclosed,75,0
FC6,0.11256476960749566,0.03978740652167186,False,sub-07,NS,eyesclosed,75,0
FT8,0.11646629575554224,0.045529815943172,False,sub-07,NS,eyesclosed,75,0
C2,0.05473020788855665,0.02358815057427649,False,sub-07,NS,eyesclosed,75,0
C4,0.08288207126969378,0.03169914050064389,False,sub-07,NS,eyesclosed,75,0
C6,0.09642068391222959,0.034141794566565416,False,sub-07,NS,eyesclosed,75,0
T8,0.10331645451018583,0.04069758745183334,False,sub-07,NS,eyesclosed,75,0
CPz,0.07483395060377795,0.0343564342736823,False,sub-07,NS,eyesclosed,75,0
CP2,0.05939328299109586,0.028090175198583228,False,sub-07,NS,eyesclosed,75,0
CP4,0.06856324597826506,0.02751048687687395,False,sub-07,NS,eyesclosed,75,0
CP6,0.08389342227824569,0.03315501119417316,False,sub-07,NS,eyesclosed,75,0
TP8,0.09521549000939508,0.038340996589857165,False,sub-07,NS,eyesclosed,75,0
TP10,0.10457724029989461,0.04320687116918314,False,sub-07,NS,eyesclosed,75,0
P2,0.054987762907447967,0.02719472139375732,False,sub-07,NS,eyesclosed,75,0
P4,0.056429137479539926,0.02435805505341683,False,sub-07,NS,eyesclosed,75,0
P6,0.07527376701933856,0.033836292430696836,False,sub-07,NS,eyesclosed,75,0
P8,0.08876512064529365,0.04073215584398413,False,sub-07,NS,eyesclosed,75,0
POz,0.08182391359606223,0.0340472988591091,False,sub-07,NS,eyesclosed,75,0
PO4,0.0677642120590847,0.028311232405447147,False,sub-07,NS,eyesclosed,75,0
PO8,0.09148617094448958,0.04211724703180844,False,sub-07,NS,eyesclosed,75,0
O2,0.09717051578198874,0.04266878646310907,False,sub-07,NS,eyesclosed,75,0
Fp1,0.11746921570821271,0.050920799728129164,False,sub-07,NS,eyesopen,75,0
AF3,0.13458247514078045,0.05867199763000615,False,sub-07,NS,eyesopen,75,0
AF7,0.12154680522320448,0.050224968797524604,False,sub-07,NS,eyesopen,75,0
Fz,0.14387844367199767,0.053768052714112606,False,sub-07,NS,eyesopen,75,0
F1,0.14181255094510625,0.061930898094548124,False,sub-07,NS,eyesopen,75,0
F3,0.13685871406133474,0.057464846348841414,False,sub-07,NS,eyesopen,75,0
F5,0.1332020066215848,0.054737556063832,False,sub-07,NS,eyesopen,75,0
F7,0.13434144627672898,0.05691386308575037,False,sub-07,NS,eyesopen,75,0
FC1,0.09293532881549323,0.04630438144806266,False,sub-07,NS,eyesopen,75,0
FC3,0.11710596062192984,0.055219520318653084,False,sub-07,NS,eyesopen,75,0
FC5,0.14318311250539437,0.06088189631996608,False,sub-07,NS,eyesopen,75,0
FT7,0.13921340652095804,0.06541989535766754,False,sub-07,NS,eyesopen,75,0
Cz,0.10203803475303155,0.044380521105255206,False,sub-07,NS,eyesopen,75,0
C1,0.10185693241715237,0.041575219680403036,False,sub-07,NS,eyesopen,75,0
C3,0.1080361065358016,0.048434058292783966,False,sub-07,NS,eyesopen,75,0
C5,0.1336780108205013,0.05594204108682122,False,sub-07,NS,eyesopen,75,0
T7,0.0973157065486741,0.049303594645932904,False,sub-07,NS,eyesopen,75,0
CP1,0.10607335370052391,0.047266406513661464,False,sub-07,NS,eyesopen,75,0
CP3,0.10799243804819056,0.05166045203270585,False,sub-07,NS,eyesopen,75,0
CP5,0.12163445276289922,0.05330827677736573,False,sub-07,NS,eyesopen,75,0
TP7,0.12444679125499393,0.052650100195442036,False,sub-07,NS,eyesopen,75,0
TP9,0.12424806484723433,0.052459416531140064,False,sub-07,NS,eyesopen,75,0
Pz,0.11054642057876765,0.05271391419697609,False,sub-07,NS,eyesopen,75,0
P1,0.09604477401633536,0.050721115521796964,False,sub-07,NS,eyesopen,75,0
P3,0.09196153692861406,0.05524797792108775,False,sub-07,NS,eyesopen,75,0
P5,0.10172630459701235,0.05449575637740097,False,sub-07,NS,eyesopen,75,0
P7,0.118808482724424,0.050701026684584094,False,sub-07,NS,eyesopen,75,0
PO3,0.09643617623590155,0.05806652569844505,False,sub-07,NS,eyesopen,75,0
PO7,0.11381581270867452,0.05261155866059022,False,sub-07,NS,eyesopen,75,0
Oz,0.12121235498955216,0.056547038969175865,False,sub-07,NS,eyesopen,75,0
O1,0.11884986353274538,0.05806523232901035,False,sub-07,NS,eyesopen,75,0
Fpz,0.12567736856754175,0.055216795811275816,False,sub-07,NS,eyesopen,75,0
Fp2,0.12144798687408406,0.05341412056400893,False,sub-07,NS,eyesopen,75,0
AF4,0.14358918741018517,0.06345858232759358,False,sub-07,NS,eyesopen,75,0
AF8,0.13196761079706368,0.054830317326782056,False,sub-07,NS,eyesopen,75,0
F2,0.16104691942358226,0.06385443670431934,False,sub-07,NS,eyesopen,75,0
F4,0.16156001484365964,0.06572475006176673,False,sub-07,NS,eyesopen,75,0
F6,0.1580115852016915,0.06538891758086228,False,sub-07,NS,eyesopen,75,0
F8,0.15165628811727994,0.06815397563846917,False,sub-07,NS,eyesopen,75,0
FC2,0.13123576666295309,0.07084653485623824,False,sub-07,NS,eyesopen,75,0
FC4,0.15003744320647067,0.07459377422030035,False,sub-07,NS,eyesopen,75,0
FC6,0.16815098427553563,0.0697176314860584,False,sub-07,NS,eyesopen,75,0
FT8,0.162453199951071,0.06875195474747031,False,sub-07,NS,eyesopen,75,0
C2,0.09753573537344802,0.05030149185039199,False,sub-07,NS,eyesopen,75,0
C4,0.12246826609912889,0.05465638087502606,False,sub-07,NS,eyesopen,75,0
C6,0.14256930265845813,0.057789382283530054,False,sub-07,NS,eyesopen,75,0
T8,0.14814966180843145,0.0584233393137055,False,sub-07,NS,eyesopen,75,0
CPz,0.11184719869936285,0.04567442074269603,False,sub-07,NS,eyesopen,75,0
CP2,0.09415145992460898,0.04209973835571545,False,sub-07,NS,eyesopen,75,0
CP4,0.10808277564484389,0.04696238729588756,False,sub-07,NS,eyesopen,75,0
CP6,0.13033827246864194,0.05208945245562661,False,sub-07,NS,eyesopen,75,0
TP8,0.1344298077668656,0.052804265382916396,False,sub-07,NS,eyesopen,75,0
TP10,0.12829033668533635,0.05020985121937247,False,sub-07,NS,eyesopen,75,0
P2,0.09650667070250885,0.04958271644805371,False,sub-07,NS,eyesopen,75,0
P4,0.09424628234389806,0.050237068753739976,False,sub-07,NS,eyesopen,75,0
P6,0.11139253682121475,0.04713870770067057,False,sub-07,NS,eyesopen,75,0
P8,0.12015494734201539,0.04707904050136892,False,sub-07,NS,eyesopen,75,0
POz,0.10860387395200789,0.056225277679114234,False,sub-07,NS,eyesopen,75,0
PO4,0.10172846652685927,0.05289878723878648,False,sub-07,NS,eyesopen,75,0
PO8,0.1222713219124539,0.0538303940192221,False,sub-07,NS,eyesopen,75,0
O2,0.11396774309886532,0.05064411715425961,False,sub-07,NS,eyesopen,75,0
Fp1,0.2702272206092538,0.1456016557527989,False,sub-07,SD,eyesclosed,75,1
AF3,0.25971300771456624,0.13655776930748129,False,sub-07,SD,eyesclosed,75,1
AF7,0.27087059613743425,0.13702534219848392,False,sub-07,SD,eyesclosed,75,1
Fz,0.2601909962888292,0.1271364855889864,False,sub-07,SD,eyesclosed,75,1
F1,0.28975648238365825,0.12792978596260965,False,sub-07,SD,eyesclosed,75,1
F3,0.27982994923559895,0.12422523050721018,False,sub-07,SD,eyesclosed,75,1
F5,0.2708971822011149,0.12609922198334328,False,sub-07,SD,eyesclosed,75,1
F7,0.2665345128280162,0.11885876904049637,False,sub-07,SD,eyesclosed,75,1
FC1,0.25239902675591724,0.10989340474620668,True,sub-07,SD,eyesclosed,75,1
FC3,0.2551548905225347,0.11463461720323044,False,sub-07,SD,eyesclosed,75,1
FC5,0.26035711197532563,0.11355607907085025,False,sub-07,SD,eyesclosed,75,1
FT7,0.26662100367806624,0.11501667168279607,False,sub-07,SD,eyesclosed,75,1
Cz,0.2526085068291108,0.09548416027593633,False,sub-07,SD,eyesclosed,75,1
C1,0.2591572709399662,0.10606770992532456,False,sub-07,SD,eyesclosed,75,1
C3,0.26961689684048507,0.10876825351861526,False,sub-07,SD,eyesclosed,75,1
C5,0.14836778689265018,0.09214585464532729,False,sub-07,SD,eyesclosed,75,1
T7,0.2861249715531036,0.10676190098923564,False,sub-07,SD,eyesclosed,75,1
CP1,0.2776912850549526,0.10745671405288729,False,sub-07,SD,eyesclosed,75,1
CP3,0.2721584900667505,0.1090024902623796,False,sub-07,SD,eyesclosed,75,1
CP5,0.27468770522513686,0.11207022084739755,False,sub-07,SD,eyesclosed,75,1
TP7,0.2731263552465207,0.11361408122463657,False,sub-07,SD,eyesclosed,75,1
TP9,0.2487430018268632,0.1093964086946226,False,sub-07,SD,eyesclosed,75,1
Pz,0.28488705113183854,0.11928234088229181,False,sub-07,SD,eyesclosed,75,1
P1,0.2707217670725812,0.11534764304767654,False,sub-07,SD,eyesclosed,75,1
P3,0.27166966485592864,0.11634877447158128,False,sub-07,SD,eyesclosed,75,1
P5,0.2632507880679686,0.11189389989164415,False,sub-07,SD,eyesclosed,75,1
P7,0.30388679097283733,0.13485492278790226,False,sub-07,SD,eyesclosed,75,1
PO3,0.27619930267242243,0.12482590040335818,False,sub-07,SD,eyesclosed,75,1
PO7,0.2659896587149105,0.11834368432929898,False,sub-07,SD,eyesclosed,75,1
Oz,0.26608990754415796,0.11853157623452747,False,sub-07,SD,eyesclosed,75,1
O1,0.20799860541982368,0.1186479026532333,False,sub-07,SD,eyesclosed,75,1
Fpz,0.2641990104807821,0.13788472754609557,False,sub-07,SD,eyesclosed,75,1
Fp2,0.28078450683123196,0.13560004866964062,False,sub-07,SD,eyesclosed,75,1
AF4,0.2681708143849843,0.12856942607287758,False,sub-07,SD,eyesclosed,75,1
AF8,0.29199697962604965,0.14193953626660544,False,sub-07,SD,eyesclosed,75,1
F2,0.2991206372722842,0.14114179562248325,False,sub-07,SD,eyesclosed,75,1
F4,0.28364289166387874,0.13279386696975115,False,sub-07,SD,eyesclosed,75,1
F6,0.27650259011853334,0.13370104808422287,False,sub-07,SD,eyesclosed,75,1
F8,0.2779873585004304,0.13042522849241442,False,sub-07,SD,eyesclosed,75,1
FC2,0.27609432174829546,0.11383027637435729,False,sub-07,SD,eyesclosed,75,1
FC4,0.28496245648506235,0.1280033229823239,False,sub-07,SD,eyesclosed,75,1
FC6,0.2785574149930566,0.12848273186623776,False,sub-07,SD,eyesclosed,75,1
FT8,0.26950121226351903,0.12210716784620429,False,sub-07,SD,eyesclosed,75,1
C2,0.279379254182489,0.11326478143985509,False,sub-07,SD,eyesclosed,75,1
C4,0.2894226199155166,0.10910835719629086,False,sub-07,SD,eyesclosed,75,1
C6,0.2865390048640125,0.11759768540000913,False,sub-07,SD,eyesclosed,75,1
T8,0.28785792228793433,0.11732616682116544,False,sub-07,SD,eyesclosed,75,1
CPz,0.26026765517194145,0.11367348339795674,False,sub-07,SD,eyesclosed,75,1
CP2,0.28326569981067423,0.10475670085410832,False,sub-07,SD,eyesclosed,75,1
CP4,0.29222266779348566,0.12110176433465127,False,sub-07,SD,eyesclosed,75,1
CP6,0.2889340615635069,0.12249326947465525,False,sub-07,SD,eyesclosed,75,1
TP8,0.2846653441699466,0.11557295605745854,False,sub-07,SD,eyesclosed,75,1
TP10,0.25870899125857705,0.11310751613119506,False,sub-07,SD,eyesclosed,75,1
P2,0.30219713424394146,0.1306832580043429,False,sub-07,SD,eyesclosed,75,1
P4,0.28731858142969113,0.12432433762774374,False,sub-07,SD,eyesclosed,75,1
P6,0.2751033181699217,0.11957353332107382,False,sub-07,SD,eyesclosed,75,1
P8,0.28633795107390675,0.12919157273752416,False,sub-07,SD,eyesclosed,75,1
POz,0.28293108123059324,0.12264921933873006,False,sub-07,SD,eyesclosed,75,1
PO4,0.2848353048403003,0.12944008055557213,False,sub-07,SD,eyesclosed,75,1
PO8,0.2715183556711585,0.12163846264522164,False,sub-07,SD,eyesclosed,75,1
O2,0.282289031218449,0.13226512553409844,False,sub-07,SD,eyesclosed,75,1
Fp1,0.10350608455568885,0.09883285968023343,False,sub-07,SD,eyesopen,75,1
AF3,0.09093481131979715,0.08981231630567228,False,sub-07,SD,eyesopen,75,1
AF7,0.1367688838684077,0.09581837106120056,False,sub-07,SD,eyesopen,75,1
Fz,0.10285927564775878,0.0925622627017989,False,sub-07,SD,eyesopen,75,1
F1,0.19640535728527642,0.10359662503940767,False,sub-07,SD,eyesopen,75,1
F3,0.1861530893853544,0.09748174552513918,False,sub-07,SD,eyesopen,75,1
F5,0.15827323087378226,0.09217791327845319,False,sub-07,SD,eyesopen,75,1
F7,0.11844295389477284,0.09622045370649965,False,sub-07,SD,eyesopen,75,1
FC1,0.15205020166799527,0.07902284334635697,False,sub-07,SD,eyesopen,75,1
FC3,0.18164558132756664,0.09354857439298789,False,sub-07,SD,eyesopen,75,1
FC5,0.19178871050903382,0.08812181336164426,False,sub-07,SD,eyesopen,75,1
FT7,0.1475166163428509,0.09291815622838291,False,sub-07,SD,eyesopen,75,1
Cz,0.1424352924415399,0.07726173758339036,False,sub-07,SD,eyesopen,75,1
C1,0.16609468263775679,0.09850623145952025,False,sub-07,SD,eyesopen,75,1
C3,0.15616504290305142,0.09034902958415032,False,sub-07,SD,eyesopen,75,1
C5,0.08735889404464824,0.07425517500252649,False,sub-07,SD,eyesopen,75,1
T7,0.18230678202368442,0.08952839995582533,False,sub-07,SD,eyesopen,75,1
CP1,0.16902326406936288,0.09244126920438955,False,sub-07,SD,eyesopen,75,1
CP3,0.17216439505009587,0.09369747520199584,False,sub-07,SD,eyesopen,75,1
CP5,0.18804522724907946,0.09898018594501029,False,sub-07,SD,eyesopen,75,1
TP7,0.16447804704556235,0.09255016878959693,False,sub-07,SD,eyesopen,75,1
TP9,0.1891883295075181,0.0987794967206388,False,sub-07,SD,eyesopen,75,1
Pz,0.1753948359733949,0.10387212705140397,False,sub-07,SD,eyesopen,75,1
P1,0.17406475190617474,0.10384339988433479,False,sub-07,SD,eyesopen,75,1
P3,0.1929311401370366,0.10866492336181349,False,sub-07,SD,eyesopen,75,1
P5,0.1522529500153008,0.08955541847537306,False,sub-07,SD,eyesopen,75,1
P7,0.20146162362187173,0.12251329570012881,False,sub-07,SD,eyesopen,75,1
PO3,0.1832049710392797,0.11777053540396527,False,sub-07,SD,eyesopen,75,1
PO7,0.1964133621318725,0.10916869135065767,False,sub-07,SD,eyesopen,75,1
Oz,0.19584695349648382,0.10876661738369714,False,sub-07,SD,eyesopen,75,1
O1,0.19640315530727473,0.11244098991064379,True,sub-07,SD,eyesopen,75,1
Fpz,0.09171054190117993,0.0964302856377161,False,sub-07,SD,eyesopen,75,1
Fp2,0.13493334811786417,0.10610610115790998,False,sub-07,SD,eyesopen,75,1
AF4,0.11622358448224711,0.10036463730068847,False,sub-07,SD,eyesopen,75,1
AF8,0.20802226496360116,0.1057954337856975,False,sub-07,SD,eyesopen,75,1
F2,0.2083105156414884,0.10473359447822755,False,sub-07,SD,eyesopen,75,1
F4,0.17642588950818502,0.10552729040332134,False,sub-07,SD,eyesopen,75,1
F6,0.13137196157755804,0.0972806452892295,False,sub-07,SD,eyesopen,75,1
F8,0.16559332992713935,0.10117078331368712,False,sub-07,SD,eyesopen,75,1
FC2,0.1781621380049776,0.09663652976288216,False,sub-07,SD,eyesopen,75,1
FC4,0.19104530698828967,0.10987143019863826,False,sub-07,SD,eyesopen,75,1
FC6,0.16159337430209897,0.0962125109629094,False,sub-07,SD,eyesopen,75,1
FT8,0.15616089126727786,0.10104458395386041,False,sub-07,SD,eyesopen,75,1
C2,0.17312814524039366,0.08010155230431072,False,sub-07,SD,eyesopen,75,1
C4,0.1876476474005688,0.08926436089956687,False,sub-07,SD,eyesopen,75,1
C6,0.19089803697370825,0.10302891673322309,False,sub-07,SD,eyesopen,75,1
T8,0.1572466238388318,0.10008734979150599,False,sub-07,SD,eyesopen,75,1
CPz,0.1220341333372903,0.0968418750567698,False,sub-07,SD,eyesopen,75,1
CP2,0.18978320965834267,0.08699478103728171,False,sub-07,SD,eyesopen,75,1
CP4,0.19660981955276063,0.1058009087508349,False,sub-07,SD,eyesopen,75,1
CP6,0.187918200217061,0.10325231806085991,False,sub-07,SD,eyesopen,75,1
TP8,0.20227586824644475,0.10689375963650911,False,sub-07,SD,eyesopen,75,1
TP10,0.18288478462392674,0.1055036815055654,False,sub-07,SD,eyesopen,75,1
P2,0.19195845272069226,0.11215390939341091,False,sub-07,SD,eyesopen,75,1
P4,0.18510696774023305,0.10439461487099858,False,sub-07,SD,eyesopen,75,1
P6,0.17184789241923895,0.09817370877906854,False,sub-07,SD,eyesopen,75,1
P8,0.18400391288229342,0.10545275338273351,False,sub-07,SD,eyesopen,75,1
POz,0.19712913962671472,0.10276210372866118,False,sub-07,SD,eyesopen,75,1
PO4,0.18534529617316564,0.11198917956744178,False,sub-07,SD,eyesopen,75,1
PO8,0.19877149084635312,0.1090037803058025,False,sub-07,SD,eyesopen,75,1
O2,0.20062296384885708,0.11314660997359102,False,sub-07,SD,eyesopen,75,1
Fp1,0.20598844975063965,0.08042460919823129,False,sub-08,SD,eyesclosed,75,0
AF3,0.22133998785991793,0.08431952660309226,False,sub-08,SD,eyesclosed,75,0
AF7,0.18371696988203956,0.08134222325673883,False,sub-08,SD,eyesclosed,75,0
Fz,0.2424657362785508,0.08530298801187794,False,sub-08,SD,eyesclosed,75,0
F1,0.2511916738444358,0.08772039649038336,False,sub-08,SD,eyesclosed,75,0
F3,0.22492311004931143,0.07662534868392175,False,sub-08,SD,eyesclosed,75,0
F5,0.22798710879552697,0.08677424092658481,False,sub-08,SD,eyesclosed,75,0
F7,0.20040754669610059,0.0849456012070513,False,sub-08,SD,eyesclosed,75,0
FC1,0.2284149917356668,0.07589103001144837,False,sub-08,SD,eyesclosed,75,0
FC3,0.23108607276240245,0.08470842763928763,False,sub-08,SD,eyesclosed,75,0
FC5,0.22965273614608914,0.09063349693723158,False,sub-08,SD,eyesclosed,75,0
FT7,0.2282804236749045,0.09564594249404973,False,sub-08,SD,eyesclosed,75,0
Cz,0.2505480470765782,0.08529062681625293,False,sub-08,SD,eyesclosed,75,0
C1,0.25144731377230267,0.0985343660403554,False,sub-08,SD,eyesclosed,75,0
C3,0.25108670985944226,0.0942409454197117,False,sub-08,SD,eyesclosed,75,0
C5,0.23752679087375234,0.09440976495686809,False,sub-08,SD,eyesclosed,75,0
T7,0.2241198664844564,0.09142833630291401,False,sub-08,SD,eyesclosed,75,0
CP1,0.22576911521036302,0.08367506371650739,False,sub-08,SD,eyesclosed,75,0
CP3,0.2378756667308564,0.08566349580433934,False,sub-08,SD,eyesclosed,75,0
CP5,0.23191650447066484,0.09082349038938652,False,sub-08,SD,eyesclosed,75,0
TP7,0.21740664981412655,0.09361962683618241,False,sub-08,SD,eyesclosed,75,0
TP9,0.194157853776512,0.07761125728401914,False,sub-08,SD,eyesclosed,75,0
Pz,0.19617606286890027,0.0694910279834145,False,sub-08,SD,eyesclosed,75,0
P1,0.19742845002235426,0.07371074986034447,False,sub-08,SD,eyesclosed,75,0
P3,0.196523309791218,0.07065322469175572,False,sub-08,SD,eyesclosed,75,0
P5,0.1921951735627299,0.08143757251821007,False,sub-08,SD,eyesclosed,75,0
P7,0.19782659424222246,0.07838270052249471,False,sub-08,SD,eyesclosed,75,0
PO3,0.15982309369832637,0.06613632897648267,False,sub-08,SD,eyesclosed,75,0
PO7,0.16969541452512668,0.07183196447738767,False,sub-08,SD,eyesclosed,75,0
Oz,0.13602864986510335,0.07022520763894485,False,sub-08,SD,eyesclosed,75,0
O1,0.1435121946002018,0.06925000775566868,False,sub-08,SD,eyesclosed,75,0
Fpz,0.21178764223938965,0.08628249371745832,False,sub-08,SD,eyesclosed,75,0
Fp2,0.20276882911062682,0.0888334063703173,False,sub-08,SD,eyesclosed,75,0
AF4,0.2475161448399506,0.09187225313385922,False,sub-08,SD,eyesclosed,75,0
AF8,0.20496740336380603,0.10118686265785419,False,sub-08,SD,eyesclosed,75,0
F2,0.27099927993624157,0.09144499493452178,False,sub-08,SD,eyesclosed,75,0
F4,0.24893183496932061,0.09045866879356812,False,sub-08,SD,eyesclosed,75,0
F6,0.23967486596775217,0.09965204963242398,False,sub-08,SD,eyesclosed,75,0
F8,0.22897310936886867,0.1031823352409081,False,sub-08,SD,eyesclosed,75,0
FC2,0.2679386542056237,0.08139162346035117,False,sub-08,SD,eyesclosed,75,0
FC4,0.25223696154693065,0.08439747800591824,False,sub-08,SD,eyesclosed,75,0
FC6,0.23757490869917944,0.09165039823883298,False,sub-08,SD,eyesclosed,75,0
FT8,0.23552120057435186,0.09535549077490194,False,sub-08,SD,eyesclosed,75,0
C2,0.2476068595436611,0.08642438241052117,False,sub-08,SD,eyesclosed,75,0
C4,0.22981349194583592,0.08259583987195791,False,sub-08,SD,eyesclosed,75,0
C6,0.20891082243362652,0.08463217496248336,False,sub-08,SD,eyesclosed,75,0
T8,0.19953363654027623,0.09695428434324209,False,sub-08,SD,eyesclosed,75,0
CPz,0.23017316165475166,0.07734723293207516,False,sub-08,SD,eyesclosed,75,0
CP2,0.20309364080573686,0.07033346120722758,False,sub-08,SD,eyesclosed,75,0
CP4,0.18795446374424765,0.07963142430107906,False,sub-08,SD,eyesclosed,75,0
CP6,0.1822460972678521,0.07714391441804386,False,sub-08,SD,eyesclosed,75,0
TP8,0.18721539659027983,0.08562282295201744,False,sub-08,SD,eyesclosed,75,0
TP10,0.1841978910382663,0.07689889340129269,False,sub-08,SD,eyesclosed,75,0
P2,0.17308095344934163,0.071299599782043,False,sub-08,SD,eyesclosed,75,0
P4,0.13350272936073684,0.06666379680588883,False,sub-08,SD,eyesclosed,75,0
P6,0.12880845556575587,0.07346744142150419,False,sub-08,SD,eyesclosed,75,0
P8,0.15299312098158543,0.08182230939115848,False,sub-08,SD,eyesclosed,75,0
POz,0.14596739134712014,0.06920595104650638,False,sub-08,SD,eyesclosed,75,0
PO4,0.12738366261535647,0.07063506183293007,False,sub-08,SD,eyesclosed,75,0
PO8,0.13740190210980593,0.07616678286654258,False,sub-08,SD,eyesclosed,75,0
O2,0.13525738918794436,0.06982665837054526,False,sub-08,SD,eyesclosed,75,0
Fp1,0.1231958092416159,0.04402937508750687,False,sub-08,SD,eyesopen,75,0
AF3,0.12934926155547635,0.049200364570797656,False,sub-08,SD,eyesopen,75,0
AF7,0.10983773172054531,0.03563829830510175,False,sub-08,SD,eyesopen,75,0
Fz,0.15704867230562072,0.06107442952412735,False,sub-08,SD,eyesopen,75,0
F1,0.1608589871304607,0.06645229031123498,False,sub-08,SD,eyesopen,75,0
F3,0.14969609337408338,0.0537326086468885,False,sub-08,SD,eyesopen,75,0
F5,0.10591884043716096,0.03871294582106798,False,sub-08,SD,eyesopen,75,0
F7,0.1036122116763115,0.0346661543289,False,sub-08,SD,eyesopen,75,0
FC1,0.19387092370124873,0.08841644161869279,False,sub-08,SD,eyesopen,75,0
FC3,0.2011535616171389,0.06375768311429003,False,sub-08,SD,eyesopen,75,0
FC5,0.18672005814533021,0.06499465689143168,False,sub-08,SD,eyesopen,75,0
FT7,0.13015653317388107,0.04836234704651589,False,sub-08,SD,eyesopen,75,0
Cz,0.20165916653540933,0.09012273116894141,False,sub-08,SD,eyesopen,75,0
C1,0.20366950595240424,0.07608484094590191,False,sub-08,SD,eyesopen,75,0
C3,0.2275291470258386,0.08749219971818921,False,sub-08,SD,eyesopen,75,0
C5,0.23281605616102477,0.08527127495430183,False,sub-08,SD,eyesopen,75,0
T7,0.20859878570848148,0.0763510136913441,False,sub-08,SD,eyesopen,75,0
CP1,0.1997455115879191,0.08866532089327928,False,sub-08,SD,eyesopen,75,0
CP3,0.20721444140770584,0.08323403532868284,False,sub-08,SD,eyesopen,75,0
CP5,0.21254730794892643,0.08101820431614457,False,sub-08,SD,eyesopen,75,0
TP7,0.19268593779359916,0.07678381046075951,False,sub-08,SD,eyesopen,75,0
TP9,0.17513723873766002,0.0674849059555864,False,sub-08,SD,eyesopen,75,0
Pz,0.19166144238143643,0.07766546895319079,False,sub-08,SD,eyesopen,75,0
P1,0.1926817414019362,0.08623478388506851,False,sub-08,SD,eyesopen,75,0
P3,0.19649263759628435,0.07754704380696764,False,sub-08,SD,eyesopen,75,0
P5,0.1941976657843982,0.0719555992632342,False,sub-08,SD,eyesopen,75,0
P7,0.20859677527376752,0.08086081650851155,False,sub-08,SD,eyesopen,75,0
PO3,0.19018432065142254,0.07641414004807867,False,sub-08,SD,eyesopen,75,0
PO7,0.1973837618116325,0.07575884670505413,False,sub-08,SD,eyesopen,75,0
Oz,0.19760457466411976,0.08144257271938687,False,sub-08,SD,eyesopen,75,0
O1,0.1929222424474962,0.0792007448944431,False,sub-08,SD,eyesopen,75,0
Fpz,0.12311398832579999,0.04738406699602287,False,sub-08,SD,eyesopen,75,0
Fp2,0.10205901635451278,0.0321055428605503,False,sub-08,SD,eyesopen,75,0
AF4,0.12195186885267349,0.04614141477998602,False,sub-08,SD,eyesopen,75,0
AF8,0.11126760345725692,0.044432679676169054,False,sub-08,SD,eyesopen,75,0
F2,0.16543211139103497,0.07503294265276461,False,sub-08,SD,eyesopen,75,0
F4,0.15537096864719854,0.06896850869606017,False,sub-08,SD,eyesopen,75,0
F6,0.14991795380534279,0.07035488090024694,False,sub-08,SD,eyesopen,75,0
F8,0.18356706575158063,0.07681106676744685,False,sub-08,SD,eyesopen,75,0
FC2,0.2589134432380681,0.08973092154182663,False,sub-08,SD,eyesopen,75,0
FC4,0.2507425337090789,0.08145637594287881,False,sub-08,SD,eyesopen,75,0
FC6,0.24404031151602118,0.07821399449265296,False,sub-08,SD,eyesopen,75,0
FT8,0.2418676796053884,0.08836124180517906,False,sub-08,SD,eyesopen,75,0
C2,0.22151798205790788,0.09220206121912557,False,sub-08,SD,eyesopen,75,0
C4,0.22880184609952883,0.09701231631069877,False,sub-08,SD,eyesopen,75,0
C6,0.23793410274763213,0.08845156177045614,False,sub-08,SD,eyesopen,75,0
T8,0.2400832324738245,0.08904192364317609,False,sub-08,SD,eyesopen,75,0
CPz,0.19390749028710874,0.08306058326764128,False,sub-08,SD,eyesopen,75,0
CP2,0.19873617501891727,0.08469973438230498,False,sub-08,SD,eyesopen,75,0
CP4,0.21243673958058365,0.07728920217991135,False,sub-08,SD,eyesopen,75,0
CP6,0.21910431947621434,0.08357341875422998,False,sub-08,SD,eyesopen,75,0
TP8,0.21893787951692967,0.0798968744082795,False,sub-08,SD,eyesopen,75,0
TP10,0.20604313766354534,0.07811013694803527,False,sub-08,SD,eyesopen,75,0
P2,0.1882470201191181,0.07337749433382922,False,sub-08,SD,eyesopen,75,0
P4,0.19178757748039216,0.0731324742961869,False,sub-08,SD,eyesopen,75,0
P6,0.2062534263437481,0.08093092907227498,False,sub-08,SD,eyesopen,75,0
P8,0.2155438206549419,0.08102039021467998,False,sub-08,SD,eyesopen,75,0
POz,0.19049350150337047,0.08285885599436676,False,sub-08,SD,eyesopen,75,0
PO4,0.1988452361803953,0.08410615139692222,False,sub-08,SD,eyesopen,75,0
PO8,0.20448476436808521,0.07829507024717626,False,sub-08,SD,eyesopen,75,0
O2,0.19929864616069504,0.08045641704449366,False,sub-08,SD,eyesopen,75,0
Fp1,0.10471267677209252,0.048486722485329474,False,sub-08,NS,eyesclosed,75,1
AF3,0.1672941241531401,0.062336983532191394,False,sub-08,NS,eyesclosed,75,1
AF7,0.10526789400120308,0.05161823011980973,False,sub-08,NS,eyesclosed,75,1
Fz,0.25460165351858177,0.1166615960878044,False,sub-08,NS,eyesclosed,75,1
F1,0.2234314343854797,0.08748403495469605,False,sub-08,NS,eyesclosed,75,1
F3,0.16080399737404497,0.07409275813726524,False,sub-08,NS,eyesclosed,75,1
F5,0.13113628535767244,0.07129148181486987,False,sub-08,NS,eyesclosed,75,1
F7,0.10908830880487831,0.06989183902104533,False,sub-08,NS,eyesclosed,75,1
FC1,0.24124467628161828,0.09512253967159377,False,sub-08,NS,eyesclosed,75,1
FC3,0.20279046326475003,0.0926954086466173,False,sub-08,NS,eyesclosed,75,1
FC5,0.22029953615484837,0.09728225886234673,False,sub-08,NS,eyesclosed,75,1
FT7,0.14069043953621913,0.0703643660367959,False,sub-08,NS,eyesclosed,75,1
Cz,0.2831888854192217,0.11511993845214967,False,sub-08,NS,eyesclosed,75,1
C1,0.2701254606112571,0.11400963441596072,False,sub-08,NS,eyesclosed,75,1
C3,0.27380920357106475,0.10575989146458398,False,sub-08,NS,eyesclosed,75,1
C5,0.2543138910286783,0.10895985801815307,False,sub-08,NS,eyesclosed,75,1
T7,0.16927680649973295,0.08025046053415467,False,sub-08,NS,eyesclosed,75,1
CP1,0.28351120428208837,0.12069898314541075,False,sub-08,NS,eyesclosed,75,1
CP3,0.2760637030848081,0.11121061344801822,False,sub-08,NS,eyesclosed,75,1
CP5,0.2554630811550966,0.10076066880244436,False,sub-08,NS,eyesclosed,75,1
TP7,0.22579065183332944,0.09205216518814476,False,sub-08,NS,eyesclosed,75,1
TP9,0.1247146645692406,0.05578978544994601,False,sub-08,NS,eyesclosed,75,1
Pz,0.2725887841273897,0.12532913233441453,False,sub-08,NS,eyesclosed,75,1
P1,0.26866541021209545,0.12270789327988398,False,sub-08,NS,eyesclosed,75,1
P3,0.2595851481763109,0.10943322273338657,False,sub-08,NS,eyesclosed,75,1
P5,0.26113729401551,0.10458042279612516,False,sub-08,NS,eyesclosed,75,1
P7,0.22967673821599813,0.09330694710901877,False,sub-08,NS,eyesclosed,75,1
PO3,0.24456797838476096,0.10637471438412444,False,sub-08,NS,eyesclosed,75,1
PO7,0.23854292275790243,0.09704975792343856,False,sub-08,NS,eyesclosed,75,1
Oz,0.23578514198479458,0.09406928444896784,False,sub-08,NS,eyesclosed,75,1
O1,0.23461068118933326,0.0932623284690749,False,sub-08,NS,eyesclosed,75,1
Fpz,0.13615991254923696,0.053851478477682624,False,sub-08,NS,eyesclosed,75,1
Fp2,0.12184356881960824,0.05342803687773311,True,sub-08,NS,eyesclosed,75,1
AF4,0.16850354516738608,0.07350590599596707,False,sub-08,NS,eyesclosed,75,1
AF8,0.11097703282954609,0.054141461997954776,False,sub-08,NS,eyesclosed,75,1
F2,0.23267040537434497,0.10162298873365197,False,sub-08,NS,eyesclosed,75,1
F4,0.20770826366750886,0.09491895084499999,False,sub-08,NS,eyesclosed,75,1
F6,0.1620653183479477,0.08138122682387902,False,sub-08,NS,eyesclosed,75,1
F8,0.20053874707381752,0.08688837100878838,False,sub-08,NS,eyesclosed,75,1
FC2,0.2772681307154387,0.09960540515632421,False,sub-08,NS,eyesclosed,75,1
FC4,0.2519273901183838,0.10177649191490348,False,sub-08,NS,eyesclosed,75,1
FC6,0.26046189387395857,0.10376772428918744,False,sub-08,NS,eyesclosed,75,1
FT8,0.26911808238597884,0.10615829419631981,False,sub-08,NS,eyesclosed,75,1
C2,0.2872748201826151,0.11161151665576118,False,sub-08,NS,eyesclosed,75,1
C4,0.27065353904200495,0.10400838234233144,False,sub-08,NS,eyesclosed,75,1
C6,0.279196545982765,0.10125765667014434,False,sub-08,NS,eyesclosed,75,1
T8,0.2461290293525532,0.10032819327949231,False,sub-08,NS,eyesclosed,75,1
CPz,0.28698231591768675,0.13205632601598233,False,sub-08,NS,eyesclosed,75,1
CP2,0.27205445895869507,0.12801077745136372,False,sub-08,NS,eyesclosed,75,1
CP4,0.26675544519279715,0.10808550039891754,False,sub-08,NS,eyesclosed,75,1
CP6,0.2632604637083898,0.10283884163414303,False,sub-08,NS,eyesclosed,75,1
TP8,0.2580331501084142,0.09999289279658904,False,sub-08,NS,eyesclosed,75,1
TP10,0.22199367217503568,0.08927578049371707,False,sub-08,NS,eyesclosed,75,1
P2,0.2536257086711977,0.1173344051291439,False,sub-08,NS,eyesclosed,75,1
P4,0.24198611205777965,0.10614932782931706,False,sub-08,NS,eyesclosed,75,1
P6,0.2507354886795313,0.10126963934007706,False,sub-08,NS,eyesclosed,75,1
P8,0.23440576730340743,0.08918696141925099,False,sub-08,NS,eyesclosed,75,1
POz,0.2534954416949137,0.10871641764240542,False,sub-08,NS,eyesclosed,75,1
PO4,0.24258500937473598,0.10068741834703364,False,sub-08,NS,eyesclosed,75,1
PO8,0.24396750653344662,0.0961034929028719,False,sub-08,NS,eyesclosed,75,1
O2,0.2452725262229591,0.10123434661418798,False,sub-08,NS,eyesclosed,75,1
Fp1,0.106067010449588,0.0494554141299293,False,sub-08,NS,eyesopen,75,1
AF3,0.1670988608815239,0.06309775461856267,False,sub-08,NS,eyesopen,75,1
AF7,0.10554411057656944,0.04948281312784803,False,sub-08,NS,eyesopen,75,1
Fz,0.2528935792282587,0.1095633126585792,False,sub-08,NS,eyesopen,75,1
F1,0.22673379087820952,0.09099254747136724,False,sub-08,NS,eyesopen,75,1
F3,0.15868271794416025,0.07271713907448561,False,sub-08,NS,eyesopen,75,1
F5,0.1292515042844576,0.06835805567417037,False,sub-08,NS,eyesopen,75,1
F7,0.10829915566755588,0.06700895388954375,False,sub-08,NS,eyesopen,75,1
FC1,0.2337037850694489,0.08653138892528696,False,sub-08,NS,eyesopen,75,1
FC3,0.19650698041270032,0.08264883791972945,False,sub-08,NS,eyesopen,75,1
FC5,0.21748855189549327,0.09024106248430795,False,sub-08,NS,eyesopen,75,1
FT7,0.13740192637904958,0.06677538133298865,False,sub-08,NS,eyesopen,75,1
Cz,0.2812619374116011,0.1170039166906541,False,sub-08,NS,eyesopen,75,1
C1,0.2618232522198036,0.10427472909906159,False,sub-08,NS,eyesopen,75,1
C3,0.26584880249467185,0.09766500782188371,False,sub-08,NS,eyesopen,75,1
C5,0.24855042911481462,0.0999166183448022,False,sub-08,NS,eyesopen,75,1
T7,0.16450390310342602,0.07621714730945887,False,sub-08,NS,eyesopen,75,1
CP1,0.2755954459352133,0.110270370682565,False,sub-08,NS,eyesopen,75,1
CP3,0.27065681852200796,0.1036900876660117,False,sub-08,NS,eyesopen,75,1
CP5,0.2517441533052855,0.09600548796617094,False,sub-08,NS,eyesopen,75,1
TP7,0.22134644859787386,0.08764666407238111,False,sub-08,NS,eyesopen,75,1
TP9,0.12179228173579401,0.05486293357431066,False,sub-08,NS,eyesopen,75,1
Pz,0.2657440344358767,0.12091912069884918,False,sub-08,NS,eyesopen,75,1
P1,0.263208396347014,0.11486131710759155,False,sub-08,NS,eyesopen,75,1
P3,0.2566224850424476,0.10322341805583216,False,sub-08,NS,eyesopen,75,1
P5,0.25758537701888273,0.09964722470395436,False,sub-08,NS,eyesopen,75,1
P7,0.22802419472454025,0.09347715052540041,False,sub-08,NS,eyesopen,75,1
PO3,0.24141585339166088,0.10290072698376304,False,sub-08,NS,eyesopen,75,1
PO7,0.23435344397827365,0.09709568357432913,False,sub-08,NS,eyesopen,75,1
Oz,0.23225044841770412,0.09442782587523592,False,sub-08,NS,eyesopen,75,1
O1,0.23134171273316867,0.09574192964507522,False,sub-08,NS,eyesopen,75,1
Fpz,0.13683582023111138,0.0536810932681348,False,sub-08,NS,eyesopen,75,1
Fp2,0.1246313073425147,0.0542960206324355,True,sub-08,NS,eyesopen,75,1
AF4,0.17050000835266368,0.07313470389668521,False,sub-08,NS,eyesopen,75,1
AF8,0.11541426144423433,0.05696608677793819,False,sub-08,NS,eyesopen,75,1
F2,0.2307116919667528,0.09490024157272352,False,sub-08,NS,eyesopen,75,1
F4,0.2078518728557195,0.09223987875653224,False,sub-08,NS,eyesopen,75,1
F6,0.16638419650023784,0.08338118318879278,False,sub-08,NS,eyesopen,75,1
F8,0.20221937393191805,0.08690286482386601,False,sub-08,NS,eyesopen,75,1
FC2,0.2732719694969394,0.09830633877443616,False,sub-08,NS,eyesopen,75,1
FC4,0.24962872280277804,0.09750174047340422,False,sub-08,NS,eyesopen,75,1
FC6,0.2590051686789078,0.0997832545930332,False,sub-08,NS,eyesopen,75,1
FT8,0.2698173051057867,0.10444117312357795,False,sub-08,NS,eyesopen,75,1
C2,0.28167090221306346,0.11246216359909751,False,sub-08,NS,eyesopen,75,1
C4,0.26381844562799484,0.10604400657003774,False,sub-08,NS,eyesopen,75,1
C6,0.27385715810299216,0.09816283696323133,False,sub-08,NS,eyesopen,75,1
T8,0.24146339898221544,0.09848302414518392,False,sub-08,NS,eyesopen,75,1
CPz,0.2809030978291565,0.12907412510616006,False,sub-08,NS,eyesopen,75,1
CP2,0.2679554131796126,0.1271383851029973,False,sub-08,NS,eyesopen,75,1
CP4,0.262778756229755,0.10791616359598147,False,sub-08,NS,eyesopen,75,1
CP6,0.25950911726048975,0.10095235558746589,False,sub-08,NS,eyesopen,75,1
TP8,0.2538516485844774,0.09318432707373213,False,sub-08,NS,eyesopen,75,1
TP10,0.21763196294916104,0.08606912520274948,False,sub-08,NS,eyesopen,75,1
P2,0.2497043680362285,0.11679727728433313,False,sub-08,NS,eyesopen,75,1
P4,0.24042491913503905,0.10916494491124631,False,sub-08,NS,eyesopen,75,1
P6,0.24621127473388787,0.10238068677528983,False,sub-08,NS,eyesopen,75,1
P8,0.23411425322376156,0.09319490330131211,False,sub-08,NS,eyesopen,75,1
POz,0.2507775759289469,0.10904668024367896,False,sub-08,NS,eyesopen,75,1
PO4,0.2409550221644462,0.10218457021766714,False,sub-08,NS,eyesopen,75,1
PO8,0.24058078383881357,0.10005956329956632,False,sub-08,NS,eyesopen,75,1
O2,0.241823358777553,0.10447205194352283,False,sub-08,NS,eyesopen,75,1
Fp1,0.17196409877709448,0.08199938025049482,False,sub-09,SD,eyesclosed,75,1
AF3,0.18129996478823596,0.07766174889252414,False,sub-09,SD,eyesclosed,75,1
AF7,0.18283482219847047,0.08676036485035438,False,sub-09,SD,eyesclosed,75,1
Fz,0.20200183721224924,0.08334886145409044,False,sub-09,SD,eyesclosed,75,1
F1,0.21112772953780076,0.08809405396183842,False,sub-09,SD,eyesclosed,75,1
F3,0.21363376659890634,0.09669370148121291,False,sub-09,SD,eyesclosed,75,1
F5,0.11172673511798126,0.047314309224109896,False,sub-09,SD,eyesclosed,75,1
F7,0.20636897815253102,0.08966935443210634,False,sub-09,SD,eyesclosed,75,1
FC1,0.20535367761960502,0.07495617256115222,True,sub-09,SD,eyesclosed,75,1
FC3,0.22920444996017916,0.08796345225966823,False,sub-09,SD,eyesclosed,75,1
FC5,0.23418440968696197,0.10228528551252557,False,sub-09,SD,eyesclosed,75,1
FT7,0.221541397584049,0.09046190002977378,False,sub-09,SD,eyesclosed,75,1
Cz,0.21390160053129895,0.08474477786266729,False,sub-09,SD,eyesclosed,75,1
C1,0.2268783748371836,0.0816386388820026,False,sub-09,SD,eyesclosed,75,1
C3,0.2244427347150693,0.08273640497408838,False,sub-09,SD,eyesclosed,75,1
C5,0.24979042984134972,0.09310947470900445,False,sub-09,SD,eyesclosed,75,1
T7,0.23480063296633127,0.0938839669628446,False,sub-09,SD,eyesclosed,75,1
CP1,0.22876969020802151,0.09438382525591867,False,sub-09,SD,eyesclosed,75,1
CP3,0.23313598548337258,0.09577402621231887,False,sub-09,SD,eyesclosed,75,1
CP5,0.25066582535551185,0.09507771698681419,False,sub-09,SD,eyesclosed,75,1
TP7,0.22827803321702006,0.0815134801839495,False,sub-09,SD,eyesclosed,75,1
TP9,0.2222570256844332,0.08850348423956622,False,sub-09,SD,eyesclosed,75,1
Pz,0.24803100235894054,0.10715603451074472,False,sub-09,SD,eyesclosed,75,1
P1,0.24125666234235824,0.10434121233582236,False,sub-09,SD,eyesclosed,75,1
P3,0.24577926915543322,0.10639516851627892,False,sub-09,SD,eyesclosed,75,1
P5,0.2537202680157613,0.1054200721831466,False,sub-09,SD,eyesclosed,75,1
P7,0.24902194651146223,0.09682770854353465,False,sub-09,SD,eyesclosed,75,1
PO3,0.26825137998072834,0.11685988928854842,False,sub-09,SD,eyesclosed,75,1
PO7,0.25642129915299366,0.10460785554644059,False,sub-09,SD,eyesclosed,75,1
Oz,0.2658253858714401,0.11453878826428197,False,sub-09,SD,eyesclosed,75,1
O1,0.2571995414082875,0.1076365948853102,False,sub-09,SD,eyesclosed,75,1
Fpz,0.17457186032665745,0.08238701933876362,False,sub-09,SD,eyesclosed,75,1
Fp2,0.17375553013904058,0.08235506153916014,False,sub-09,SD,eyesclosed,75,1
AF4,0.17572033202733134,0.07772822685183836,False,sub-09,SD,eyesclosed,75,1
AF8,0.18811289115011307,0.08461873682972681,False,sub-09,SD,eyesclosed,75,1
F2,0.20135380214510415,0.08672018309669835,False,sub-09,SD,eyesclosed,75,1
F4,0.1919133911542562,0.08356616834323015,False,sub-09,SD,eyesclosed,75,1
F6,0.20204223772458135,0.0820732114479841,False,sub-09,SD,eyesclosed,75,1
F8,0.18516362219796656,0.07794560860017902,False,sub-09,SD,eyesclosed,75,1
FC2,0.22120605363884052,0.08444877383572194,False,sub-09,SD,eyesclosed,75,1
FC4,0.21416956203630344,0.08556534865240548,False,sub-09,SD,eyesclosed,75,1
FC6,0.20636904650921273,0.07936180651612043,False,sub-09,SD,eyesclosed,75,1
FT8,0.2064685560032341,0.08113970676906783,False,sub-09,SD,eyesclosed,75,1
C2,0.2065113554861668,0.08594188348773887,False,sub-09,SD,eyesclosed,75,1
C4,0.20695668451431626,0.09000732075799504,False,sub-09,SD,eyesclosed,75,1
C6,0.22981991406240984,0.08665631305934225,False,sub-09,SD,eyesclosed,75,1
T8,0.2240799229673984,0.0863873630761137,False,sub-09,SD,eyesclosed,75,1
CPz,0.23453925943063628,0.09467725447815321,False,sub-09,SD,eyesclosed,75,1
CP2,0.22461326566576578,0.09860940737773255,False,sub-09,SD,eyesclosed,75,1
CP4,0.22512437131722118,0.1017793031417876,False,sub-09,SD,eyesclosed,75,1
CP6,0.24375014384779548,0.10829768987501014,False,sub-09,SD,eyesclosed,75,1
TP8,0.24277183269631167,0.10217555371705635,False,sub-09,SD,eyesclosed,75,1
TP10,0.21696793716720875,0.08800228239917036,False,sub-09,SD,eyesclosed,75,1
P2,0.246032026836005,0.1126096770287283,False,sub-09,SD,eyesclosed,75,1
P4,0.2507825502544154,0.12308762397714668,False,sub-09,SD,eyesclosed,75,1
P6,0.267130362144205,0.13087438128517093,False,sub-09,SD,eyesclosed,75,1
P8,0.25366452114489985,0.11788170961201819,False,sub-09,SD,eyesclosed,75,1
POz,0.27008875655032255,0.12217914341344786,False,sub-09,SD,eyesclosed,75,1
PO4,0.2779293624638764,0.1342662375220782,False,sub-09,SD,eyesclosed,75,1
PO8,0.2651097807292113,0.1256524353816235,False,sub-09,SD,eyesclosed,75,1
O2,0.27291311708361443,0.12189349452493663,False,sub-09,SD,eyesclosed,75,1
Fp1,0.07708173039386128,0.05828470456308954,False,sub-09,SD,eyesopen,75,0
AF3,0.08355964898338024,0.06266031391696843,False,sub-09,SD,eyesopen,75,0
AF7,0.07406493443751962,0.06050450804066949,False,sub-09,SD,eyesopen,75,0
Fz,0.11602467011966958,0.08381601890170265,False,sub-09,SD,eyesopen,75,0
F1,0.10742514036909016,0.06515804629329719,False,sub-09,SD,eyesopen,75,0
F3,0.09456715056032126,0.057379493600374316,False,sub-09,SD,eyesopen,75,0
F5,0.06371382440218276,0.04395624576077338,False,sub-09,SD,eyesopen,75,0
F7,0.09197615237377707,0.06549168952120371,False,sub-09,SD,eyesopen,75,0
FC1,0.15667298431515608,0.07642949362781824,False,sub-09,SD,eyesopen,75,0
FC3,0.14323963224962852,0.07272806193884868,False,sub-09,SD,eyesopen,75,0
FC5,0.1291262701684263,0.06985408799259621,False,sub-09,SD,eyesopen,75,0
FT7,0.0983556656970333,0.05324526401730806,False,sub-09,SD,eyesopen,75,0
Cz,0.13601237861555104,0.07698136892792327,False,sub-09,SD,eyesopen,75,0
C1,0.11199965299639497,0.061324021431976884,False,sub-09,SD,eyesopen,75,0
C3,0.12182863558037331,0.06454375117776143,False,sub-09,SD,eyesopen,75,0
C5,0.13226460263886178,0.07330242182274163,False,sub-09,SD,eyesopen,75,0
T7,0.12010823494099045,0.07291121394779404,False,sub-09,SD,eyesopen,75,0
CP1,0.10498918454117406,0.05916982116746136,False,sub-09,SD,eyesopen,75,0
CP3,0.1076221551234219,0.059003317729617165,False,sub-09,SD,eyesopen,75,0
CP5,0.11174195807231155,0.06199792948064534,False,sub-09,SD,eyesopen,75,0
TP7,0.10300464314459024,0.06336216502392593,False,sub-09,SD,eyesopen,75,0
TP9,0.1155762105341382,0.07072479064664258,False,sub-09,SD,eyesopen,75,0
Pz,0.10114081369925436,0.05694477420382908,False,sub-09,SD,eyesopen,75,0
P1,0.10079395871747808,0.05870044961978033,False,sub-09,SD,eyesopen,75,0
P3,0.10291044094195172,0.06071678131501821,False,sub-09,SD,eyesopen,75,0
P5,0.10819106067095703,0.06411086895904877,False,sub-09,SD,eyesopen,75,0
P7,0.12129110162646671,0.07003294764967131,False,sub-09,SD,eyesopen,75,0
PO3,0.10141116908652797,0.06190798433881613,False,sub-09,SD,eyesopen,75,0
PO7,0.11455721378128177,0.06651304672177212,False,sub-09,SD,eyesopen,75,0
Oz,0.10756013740145585,0.06714608844298381,False,sub-09,SD,eyesopen,75,0
O1,0.10885829495735017,0.06600365587066423,False,sub-09,SD,eyesopen,75,0
Fpz,0.08124138468469394,0.06141387577629091,False,sub-09,SD,eyesopen,75,0
Fp2,0.069955179787545,0.04654686954363039,False,sub-09,SD,eyesopen,75,0
AF4,0.0859989944947194,0.06985643460526039,False,sub-09,SD,eyesopen,75,0
AF8,0.0785558803277749,0.06096321459455683,False,sub-09,SD,eyesopen,75,0
F2,0.11638598405143763,0.0751505827249109,False,sub-09,SD,eyesopen,75,0
F4,0.1023009287474479,0.059841144465631164,False,sub-09,SD,eyesopen,75,0
F6,0.10255990916865716,0.06964286461515364,False,sub-09,SD,eyesopen,75,0
F8,0.10910350439589754,0.06579179676390252,False,sub-09,SD,eyesopen,75,0
FC2,0.16679915283587368,0.08153063306173591,False,sub-09,SD,eyesopen,75,0
FC4,0.15908835430037835,0.07720241624770822,False,sub-09,SD,eyesopen,75,0
FC6,0.16378283309735095,0.07962412832388924,False,sub-09,SD,eyesopen,75,0
FT8,0.16531368652030706,0.08348534274472909,False,sub-09,SD,eyesopen,75,0
C2,0.10210056109197586,0.05388453393964321,False,sub-09,SD,eyesopen,75,0
C4,0.10661865867946389,0.05790362796452559,False,sub-09,SD,eyesopen,75,0
C6,0.14011397502445402,0.07135769726823182,False,sub-09,SD,eyesopen,75,0
T8,0.1431375944070219,0.08112880068151243,False,sub-09,SD,eyesopen,75,0
CPz,0.11374042176422418,0.06754113057993459,False,sub-09,SD,eyesopen,75,0
CP2,0.09839580366931538,0.0523557965260869,False,sub-09,SD,eyesopen,75,0
CP4,0.09742810976778811,0.053235259091502264,False,sub-09,SD,eyesopen,75,0
CP6,0.11440760648012073,0.06422827825730099,False,sub-09,SD,eyesopen,75,0
TP8,0.12506059714604098,0.07262681820827926,False,sub-09,SD,eyesopen,75,0
TP10,0.12677502393979545,0.080497243884421,False,sub-09,SD,eyesopen,75,0
P2,0.09971614348708653,0.055425564954399695,False,sub-09,SD,eyesopen,75,0
P4,0.10072355905385898,0.057622407488320315,False,sub-09,SD,eyesopen,75,0
P6,0.10647375732544032,0.06258982610479757,False,sub-09,SD,eyesopen,75,0
P8,0.11757924755577714,0.0688772998630318,False,sub-09,SD,eyesopen,75,0
POz,0.10001342940455236,0.058205170703242604,False,sub-09,SD,eyesopen,75,0
PO4,0.10260912536785773,0.062137665915173855,False,sub-09,SD,eyesopen,75,0
PO8,0.1122270042059899,0.06960600266552332,False,sub-09,SD,eyesopen,75,0
O2,0.10975152064267812,0.0681686278879321,False,sub-09,SD,eyesopen,75,0
Fp1,0.1611575141825852,0.07239691298713531,False,sub-09,NS,eyesclosed,75,0
AF3,0.1760497215250353,0.07762048332152982,False,sub-09,NS,eyesclosed,75,0
AF7,0.16434387612458934,0.07005074590493816,False,sub-09,NS,eyesclosed,75,0
Fz,0.17997846022632386,0.08126364565986526,False,sub-09,NS,eyesclosed,75,0
F1,0.17970976377937245,0.07712422865157201,False,sub-09,NS,eyesclosed,75,0
F3,0.18471435566203775,0.0760661381395055,False,sub-09,NS,eyesclosed,75,0
F5,0.19189296174349793,0.07857899074870059,False,sub-09,NS,eyesclosed,75,0
F7,0.19185453392512322,0.07918459616158462,False,sub-09,NS,eyesclosed,75,0
FC1,0.19857033114475608,0.08420736744880095,False,sub-09,NS,eyesclosed,75,0
FC3,0.21273668610446067,0.07886339885262056,False,sub-09,NS,eyesclosed,75,0
FC5,0.21623655339832795,0.0819282766408939,False,sub-09,NS,eyesclosed,75,0
FT7,0.2091575410010308,0.08291799050356,False,sub-09,NS,eyesclosed,75,0
Cz,0.25015849728343287,0.1057080712780397,False,sub-09,NS,eyesclosed,75,0
C1,0.23669839221403152,0.10343474827139239,False,sub-09,NS,eyesclosed,75,0
C3,0.23304997669174454,0.09140987992180374,False,sub-09,NS,eyesclosed,75,0
C5,0.23106099959877455,0.08435152693955918,False,sub-09,NS,eyesclosed,75,0
T7,0.21659532604235815,0.08158882525742227,False,sub-09,NS,eyesclosed,75,0
CP1,0.2586169385994634,0.10492185096738121,False,sub-09,NS,eyesclosed,75,0
CP3,0.2559939424920712,0.09773616601288534,False,sub-09,NS,eyesclosed,75,0
CP5,0.24008631054997337,0.09393626714762314,False,sub-09,NS,eyesclosed,75,0
TP7,0.22308738404708583,0.0833772193411246,False,sub-09,NS,eyesclosed,75,0
TP9,0.18979171976469808,0.08030452948850075,False,sub-09,NS,eyesclosed,75,0
Pz,0.29675376231651196,0.11093947396672173,False,sub-09,NS,eyesclosed,75,0
P1,0.278777733582989,0.11242579150107873,False,sub-09,NS,eyesclosed,75,0
P3,0.2703133849407219,0.107119696194315,False,sub-09,NS,eyesclosed,75,0
P5,0.26629684194296854,0.10286378259453832,False,sub-09,NS,eyesclosed,75,0
P7,0.22352454353359544,0.09008001793161882,False,sub-09,NS,eyesclosed,75,0
PO3,0.28417215669328355,0.11176706631786675,False,sub-09,NS,eyesclosed,75,0
PO7,0.22533642277691848,0.09414680651360408,False,sub-09,NS,eyesclosed,75,0
Oz,0.2352758409127442,0.09520198082767169,False,sub-09,NS,eyesclosed,75,0
O1,0.23668455533830604,0.09410934839426587,False,sub-09,NS,eyesclosed,75,0
Fpz,0.17563238819259355,0.08439093221227692,False,sub-09,NS,eyesclosed,75,0
Fp2,0.1715713318569761,0.08306450503980417,False,sub-09,NS,eyesclosed,75,0
AF4,0.17673034394075018,0.08832953042148278,False,sub-09,NS,eyesclosed,75,0
AF8,0.16923481946660626,0.07933571664743527,False,sub-09,NS,eyesclosed,75,0
F2,0.1827488923128801,0.0885129526616493,False,sub-09,NS,eyesclosed,75,0
F4,0.1887425421928756,0.09221841288589579,False,sub-09,NS,eyesclosed,75,0
F6,0.18890231586737277,0.0893528413256846,False,sub-09,NS,eyesclosed,75,0
F8,0.19584089465932442,0.08838261637651124,False,sub-09,NS,eyesclosed,75,0
FC2,0.20779774530545225,0.09367716808499049,False,sub-09,NS,eyesclosed,75,0
FC4,0.2105765417891877,0.09622363446422245,False,sub-09,NS,eyesclosed,75,0
FC6,0.20026828548590542,0.08140311631383634,False,sub-09,NS,eyesclosed,75,0
FT8,0.20400534136385062,0.08134882596295957,False,sub-09,NS,eyesclosed,75,0
C2,0.23228171110040857,0.10738215986328085,False,sub-09,NS,eyesclosed,75,0
C4,0.22385338631946136,0.0988437315532421,False,sub-09,NS,eyesclosed,75,0
C6,0.22771010479170917,0.08701434924583902,False,sub-09,NS,eyesclosed,75,0
T8,0.21694555039397367,0.07964693900930832,False,sub-09,NS,eyesclosed,75,0
CPz,0.2643386724229586,0.10065208303508706,False,sub-09,NS,eyesclosed,75,0
CP2,0.25121936768385467,0.1024570964258924,False,sub-09,NS,eyesclosed,75,0
CP4,0.24749101016667888,0.09734982428538798,False,sub-09,NS,eyesclosed,75,0
CP6,0.23853152027686494,0.08985550584684539,False,sub-09,NS,eyesclosed,75,0
TP8,0.2203472780581131,0.08192562509963891,False,sub-09,NS,eyesclosed,75,0
TP10,0.18206068480457405,0.07360253358815164,False,sub-09,NS,eyesclosed,75,0
P2,0.28289098108943184,0.10741278081517122,False,sub-09,NS,eyesclosed,75,0
P4,0.2768385862234229,0.10631198425299465,False,sub-09,NS,eyesclosed,75,0
P6,0.27341287515423773,0.10411527865212651,False,sub-09,NS,eyesclosed,75,0
P8,0.23516932657224326,0.0878299890986367,False,sub-09,NS,eyesclosed,75,0
POz,0.30620481452636394,0.11947985745871575,False,sub-09,NS,eyesclosed,75,0
PO4,0.2913772237776195,0.11120479790129272,False,sub-09,NS,eyesclosed,75,0
PO8,0.23882067236649726,0.08688105512632827,False,sub-09,NS,eyesclosed,75,0
O2,0.2361038428724152,0.09915964510862976,False,sub-09,NS,eyesclosed,75,0
Fp1,0.05858204702193176,0.034583226265209835,False,sub-09,NS,eyesopen,75,0
AF3,0.11190256174248264,0.056619943268944414,False,sub-09,NS,eyesopen,75,0
AF7,0.05042803904625173,0.03429170543526135,False,sub-09,NS,eyesopen,75,0
Fz,0.177687827388052,0.07909595713242652,False,sub-09,NS,eyesopen,75,0
F1,0.16530538011006835,0.07133135326149649,False,sub-09,NS,eyesopen,75,0
F3,0.14085322966666664,0.06430909268267626,False,sub-09,NS,eyesopen,75,0
F5,0.11547775764268829,0.058914331202186074,False,sub-09,NS,eyesopen,75,0
F7,0.13677671022708165,0.0582658324205059,False,sub-09,NS,eyesopen,75,0
FC1,0.22672256184925468,0.09196181189058014,False,sub-09,NS,eyesopen,75,0
FC3,0.2282567858851568,0.08446035814685177,False,sub-09,NS,eyesopen,75,0
FC5,0.2430563906713373,0.09126949235545916,False,sub-09,NS,eyesopen,75,0
FT7,0.20055834314113619,0.08444925454498259,False,sub-09,NS,eyesopen,75,0
Cz,0.21222083200140315,0.09417370310633748,False,sub-09,NS,eyesopen,75,0
C1,0.22023137976238516,0.09918747492166911,False,sub-09,NS,eyesopen,75,0
C3,0.2359847059238085,0.09001739101169849,False,sub-09,NS,eyesopen,75,0
C5,0.25067872517239,0.09059383319734064,False,sub-09,NS,eyesopen,75,0
T7,0.2125156337103236,0.08434596191290292,False,sub-09,NS,eyesopen,75,0
CP1,0.21269309812767903,0.10235340785052575,False,sub-09,NS,eyesopen,75,0
CP3,0.2233882906315408,0.09533364831499373,False,sub-09,NS,eyesopen,75,0
CP5,0.22633575403766623,0.08907486533635256,False,sub-09,NS,eyesopen,75,0
TP7,0.19741672247137595,0.08073538482604085,False,sub-09,NS,eyesopen,75,0
TP9,0.1769870532142274,0.08205857957956239,False,sub-09,NS,eyesopen,75,0
Pz,0.20013803440282724,0.09791588732461397,False,sub-09,NS,eyesopen,75,0
P1,0.20185369754388277,0.10273376683741889,False,sub-09,NS,eyesopen,75,0
P3,0.20914121819678144,0.1009363970713718,False,sub-09,NS,eyesopen,75,0
P5,0.21942144605806949,0.09058784406978926,False,sub-09,NS,eyesopen,75,0
P7,0.20926147626657518,0.08948687420632882,False,sub-09,NS,eyesopen,75,0
PO3,0.19786949735564016,0.08826525218967081,False,sub-09,NS,eyesopen,75,0
PO7,0.1987252915392563,0.08429218408416607,False,sub-09,NS,eyesopen,75,0
Oz,0.16720413908379286,0.07491300176570345,False,sub-09,NS,eyesopen,75,0
O1,0.1576925931946088,0.06895014585751628,False,sub-09,NS,eyesopen,75,0
Fpz,0.08966170990430868,0.0472252500216809,False,sub-09,NS,eyesopen,75,0
Fp2,0.06666923893753686,0.035632754342569614,False,sub-09,NS,eyesopen,75,0
AF4,0.12147809599513545,0.06184330724390831,False,sub-09,NS,eyesopen,75,0
AF8,0.05878281816301434,0.03733432220480301,False,sub-09,NS,eyesopen,75,0
F2,0.17804042653631275,0.08633913851793731,False,sub-09,NS,eyesopen,75,0
F4,0.1662764430840009,0.08096035085227668,False,sub-09,NS,eyesopen,75,0
F6,0.1184348656172138,0.06675773715875129,False,sub-09,NS,eyesopen,75,0
F8,0.12437776333578175,0.0681698769112258,False,sub-09,NS,eyesopen,75,0
FC2,0.2082924671768576,0.07506307253800376,False,sub-09,NS,eyesopen,75,0
FC4,0.2238434838052256,0.09562115203980934,False,sub-09,NS,eyesopen,75,0
FC6,0.21193497736332445,0.09246706697196251,False,sub-09,NS,eyesopen,75,0
FT8,0.20681460554602427,0.09071741086913987,False,sub-09,NS,eyesopen,75,0
C2,0.21624683523300522,0.09458493168966435,False,sub-09,NS,eyesopen,75,0
C4,0.22343788909939102,0.0972409789775821,False,sub-09,NS,eyesopen,75,0
C6,0.23979828860266408,0.10183920871007075,False,sub-09,NS,eyesopen,75,0
T8,0.22536566455151227,0.10115058998213025,False,sub-09,NS,eyesopen,75,0
CPz,0.20918584169595994,0.09662363407381895,False,sub-09,NS,eyesopen,75,0
CP2,0.21166519104115933,0.09611534711383009,False,sub-09,NS,eyesopen,75,0
CP4,0.21972264175304373,0.09584333629251865,False,sub-09,NS,eyesopen,75,0
CP6,0.2160724721552719,0.09256404316638911,False,sub-09,NS,eyesopen,75,0
TP8,0.17215085210285871,0.07852293492949376,False,sub-09,NS,eyesopen,75,0
TP10,0.19565780024064758,0.09368287595682954,False,sub-09,NS,eyesopen,75,0
P2,0.20293032494712465,0.09615956390724852,False,sub-09,NS,eyesopen,75,0
P4,0.20771380787880475,0.09222587712851964,False,sub-09,NS,eyesopen,75,0
P6,0.21176399828927087,0.09141476369402277,False,sub-09,NS,eyesopen,75,0
P8,0.21050566881846727,0.08852687198788482,False,sub-09,NS,eyesopen,75,0
POz,0.1938963320297054,0.08845023353031999,False,sub-09,NS,eyesopen,75,0
PO4,0.20215709121882283,0.08976460404448064,False,sub-09,NS,eyesopen,75,0
PO8,0.1998190373672197,0.08761286075340245,False,sub-09,NS,eyesopen,75,0
O2,0.1815120654888059,0.0797164125982064,False,sub-09,NS,eyesopen,75,0
Fp1,0.14175759080297173,0.05490929456766162,False,sub-10,SD,eyesclosed,75,0
AF3,0.11059629825367497,0.0409465713022217,False,sub-10,SD,eyesclosed,75,0
AF7,0.16530701770051975,0.058807967214163856,False,sub-10,SD,eyesclosed,75,0
Fz,0.23113679422377723,0.06935328449223806,False,sub-10,SD,eyesclosed,75,0
F1,0.2323032400215663,0.07537182242557769,False,sub-10,SD,eyesclosed,75,0
F3,0.18100079385597312,0.05660634300131842,False,sub-10,SD,eyesclosed,75,0
F5,0.2028745148208861,0.06806688903785708,False,sub-10,SD,eyesclosed,75,0
F7,0.20058914178751577,0.0743754072565074,False,sub-10,SD,eyesclosed,75,0
FC1,0.22523912365086995,0.07036174856128465,False,sub-10,SD,eyesclosed,75,0
FC3,0.23224870275122997,0.06930746945797081,False,sub-10,SD,eyesclosed,75,0
FC5,0.20685793713941533,0.06845950723521609,False,sub-10,SD,eyesclosed,75,0
FT7,0.20006925907088607,0.07294083621191574,False,sub-10,SD,eyesclosed,75,0
Cz,0.2359139185460561,0.07983712247390713,False,sub-10,SD,eyesclosed,75,0
C1,0.2212291985902905,0.06585063799434956,False,sub-10,SD,eyesclosed,75,0
C3,0.22067439724560414,0.07100535235095619,False,sub-10,SD,eyesclosed,75,0
C5,0.21038897893540728,0.06492874885099822,False,sub-10,SD,eyesclosed,75,0
T7,0.14139411488266482,0.046420215167674896,False,sub-10,SD,eyesclosed,75,0
CP1,0.20142480965140808,0.05722699759256923,False,sub-10,SD,eyesclosed,75,0
CP3,0.1967447297814595,0.059928536807613605,False,sub-10,SD,eyesclosed,75,0
CP5,0.18855910701984227,0.05872285567028119,False,sub-10,SD,eyesclosed,75,0
TP7,0.18658485009285383,0.06384511656286597,False,sub-10,SD,eyesclosed,75,0
TP9,0.16652914308369035,0.06340153776544977,False,sub-10,SD,eyesclosed,75,0
Pz,0.19383305744717466,0.06504587339433356,False,sub-10,SD,eyesclosed,75,0
P1,0.1910537939731169,0.056046237496386674,False,sub-10,SD,eyesclosed,75,0
P3,0.18213207060404912,0.05575232908992141,False,sub-10,SD,eyesclosed,75,0
P5,0.17918864184782776,0.05932400477569712,False,sub-10,SD,eyesclosed,75,0
P7,0.18598566123950663,0.0694339961159723,False,sub-10,SD,eyesclosed,75,0
PO3,0.1671626370886319,0.057247692313170936,False,sub-10,SD,eyesclosed,75,0
PO7,0.1495681887765425,0.053751700958899445,False,sub-10,SD,eyesclosed,75,0
Oz,0.16612503374992285,0.05763425518594639,False,sub-10,SD,eyesclosed,75,0
O1,0.14220210941392875,0.048561185930907635,False,sub-10,SD,eyesclosed,75,0
Fpz,0.15044605756060658,0.06350092253645807,False,sub-10,SD,eyesclosed,75,0
Fp2,0.12338768485632902,0.05532033002566588,False,sub-10,SD,eyesclosed,75,0
AF4,0.1056164980202908,0.04596291542270704,False,sub-10,SD,eyesclosed,75,0
AF8,0.16807180664880042,0.06925286759263438,False,sub-10,SD,eyesclosed,75,0
F2,0.21132236940825688,0.06682308661409472,False,sub-10,SD,eyesclosed,75,0
F4,0.1687397956503168,0.055857831352022935,False,sub-10,SD,eyesclosed,75,0
F6,0.18636106265427013,0.06766377494410035,False,sub-10,SD,eyesclosed,75,0
F8,0.18582535784392676,0.07614014275066229,False,sub-10,SD,eyesclosed,75,0
FC2,0.19406328329932576,0.06331448757965591,False,sub-10,SD,eyesclosed,75,0
FC4,0.2080297615520411,0.06845767545060817,False,sub-10,SD,eyesclosed,75,0
FC6,0.20453763479120357,0.06964569969633622,False,sub-10,SD,eyesclosed,75,0
FT8,0.1826073295475681,0.0600434658895272,False,sub-10,SD,eyesclosed,75,0
C2,0.2069029682387259,0.07188061238050497,False,sub-10,SD,eyesclosed,75,0
C4,0.19724361871204887,0.06197197333078213,False,sub-10,SD,eyesclosed,75,0
C6,0.2021211983252246,0.05856027691523249,False,sub-10,SD,eyesclosed,75,0
T8,0.17803581437508445,0.05921728468522323,False,sub-10,SD,eyesclosed,75,0
CPz,0.21210707457448214,0.06577075785255908,False,sub-10,SD,eyesclosed,75,0
CP2,0.2051115272187843,0.06464505751245286,False,sub-10,SD,eyesclosed,75,0
CP4,0.19352458799925926,0.06111315637026473,False,sub-10,SD,eyesclosed,75,0
CP6,0.19024191823420014,0.05643686191135655,False,sub-10,SD,eyesclosed,75,0
TP8,0.18118204781327663,0.0519579296328528,False,sub-10,SD,eyesclosed,75,0
TP10,0.1619342094105918,0.055261077491048874,False,sub-10,SD,eyesclosed,75,0
P2,0.19222831321361744,0.06201774781080513,False,sub-10,SD,eyesclosed,75,0
P4,0.170876967959201,0.05580644157201799,False,sub-10,SD,eyesclosed,75,0
P6,0.16969068196990336,0.05474814455327931,False,sub-10,SD,eyesclosed,75,0
P8,0.16244868542735577,0.05043415189791463,False,sub-10,SD,eyesclosed,75,0
POz,0.17065602880149608,0.05898416979095042,False,sub-10,SD,eyesclosed,75,0
PO4,0.13767970763697704,0.043695179666184636,False,sub-10,SD,eyesclosed,75,0
PO8,0.10695134354697394,0.0369569264567439,False,sub-10,SD,eyesclosed,75,0
O2,0.11375748920793045,0.037992810986563014,False,sub-10,SD,eyesclosed,75,0
Fp1,0.11367954337809548,0.05793679616612683,False,sub-10,SD,eyesopen,75,0
AF3,0.10463254975515149,0.04807303614507933,False,sub-10,SD,eyesopen,75,0
AF7,0.0836880714719789,0.037402914617944746,False,sub-10,SD,eyesopen,75,0
Fz,0.19640941885564214,0.09418320211788897,False,sub-10,SD,eyesopen,75,0
F1,0.19128650295078417,0.08524233804463859,False,sub-10,SD,eyesopen,75,0
F3,0.14391996237661445,0.060099889869982305,False,sub-10,SD,eyesopen,75,0
F5,0.13272875807135084,0.054891735102601494,False,sub-10,SD,eyesopen,75,0
F7,0.10118052960500812,0.041704479210475986,False,sub-10,SD,eyesopen,75,0
FC1,0.21102507730362532,0.06653937540791445,False,sub-10,SD,eyesopen,75,0
FC3,0.1770229743821962,0.05980694225640945,False,sub-10,SD,eyesopen,75,0
FC5,0.12915664007035077,0.045404378677183985,False,sub-10,SD,eyesopen,75,0
FT7,0.07927537263687476,0.03155456132526208,False,sub-10,SD,eyesopen,75,0
Cz,0.1996813008565241,0.0781062355368775,False,sub-10,SD,eyesopen,75,0
C1,0.20576989031117968,0.0747590798975058,False,sub-10,SD,eyesopen,75,0
C3,0.2156394130797283,0.06642096201441203,False,sub-10,SD,eyesopen,75,0
C5,0.19298539148098476,0.05920423695999904,False,sub-10,SD,eyesopen,75,0
T7,0.1138800133193986,0.03512365782029498,False,sub-10,SD,eyesopen,75,0
CP1,0.19266311541495193,0.07709148460683586,False,sub-10,SD,eyesopen,75,0
CP3,0.1949351172432574,0.0695945590053196,False,sub-10,SD,eyesopen,75,0
CP5,0.1675959274734199,0.050671658634792296,False,sub-10,SD,eyesopen,75,0
TP7,0.17003509563778987,0.05151174561004967,False,sub-10,SD,eyesopen,75,0
TP9,0.1525200906229309,0.05079958476507798,False,sub-10,SD,eyesopen,75,0
Pz,0.1720172284611637,0.07350117111190443,False,sub-10,SD,eyesopen,75,0
P1,0.1862383188125556,0.07554920120336514,False,sub-10,SD,eyesopen,75,0
P3,0.18380257256162352,0.06959406108170244,False,sub-10,SD,eyesopen,75,0
P5,0.17051221397772737,0.059153404093570616,False,sub-10,SD,eyesopen,75,0
P7,0.15829611863705462,0.05347188326575078,False,sub-10,SD,eyesopen,75,0
PO3,0.16447897019019944,0.06083240916582765,False,sub-10,SD,eyesopen,75,0
PO7,0.13297838987193433,0.045559270386596885,False,sub-10,SD,eyesopen,75,0
Oz,0.15510771164204798,0.0620626118751766,False,sub-10,SD,eyesopen,75,0
O1,0.117512737802826,0.040622790420552626,False,sub-10,SD,eyesopen,75,0
Fpz,0.1379827219946267,0.06936892718393066,False,sub-10,SD,eyesopen,75,0
Fp2,0.10132243602745944,0.049284158012297824,False,sub-10,SD,eyesopen,75,0
AF4,0.08554211954787957,0.04158281049062822,False,sub-10,SD,eyesopen,75,0
AF8,0.12418288928398755,0.06131131877263544,False,sub-10,SD,eyesopen,75,0
F2,0.18214258514358464,0.0793889935023771,False,sub-10,SD,eyesopen,75,0
F4,0.13971171633095447,0.05617196538244157,False,sub-10,SD,eyesopen,75,0
F6,0.1529218617848884,0.06328854359886267,False,sub-10,SD,eyesopen,75,0
F8,0.1553423150459571,0.06127134440414084,False,sub-10,SD,eyesopen,75,0
FC2,0.19723150291405375,0.06516098502855154,False,sub-10,SD,eyesopen,75,0
FC4,0.1953805055378941,0.06039242606995498,False,sub-10,SD,eyesopen,75,0
FC6,0.16639471845953033,0.06013542252320559,False,sub-10,SD,eyesopen,75,0
FT8,0.1704413355674899,0.0633132225515989,False,sub-10,SD,eyesopen,75,0
C2,0.18442049279388625,0.07350819058387492,False,sub-10,SD,eyesopen,75,0
C4,0.17824575219623917,0.06405348003915512,False,sub-10,SD,eyesopen,75,0
C6,0.16829234864663808,0.05926150070695344,False,sub-10,SD,eyesopen,75,0
T8,0.1512527556624383,0.058392669271929314,False,sub-10,SD,eyesopen,75,0
CPz,0.18478655843679526,0.07602821405041,False,sub-10,SD,eyesopen,75,0
CP2,0.17537180782538195,0.0778286823002722,False,sub-10,SD,eyesopen,75,0
CP4,0.1691477688304726,0.0671862869342401,False,sub-10,SD,eyesopen,75,0
CP6,0.1472221180894792,0.05849463412316398,False,sub-10,SD,eyesopen,75,0
TP8,0.16330202514637118,0.06078067670423613,False,sub-10,SD,eyesopen,75,0
TP10,0.1589601573621944,0.06457265490480289,False,sub-10,SD,eyesopen,75,0
P2,0.16209181496122302,0.07120978123246555,False,sub-10,SD,eyesopen,75,0
P4,0.15550280331734145,0.0635978695279602,False,sub-10,SD,eyesopen,75,0
P6,0.155153034051439,0.06267479499691646,False,sub-10,SD,eyesopen,75,0
P8,0.14856252493737884,0.05472195740363832,False,sub-10,SD,eyesopen,75,0
POz,0.14788599920473972,0.058736446035847614,False,sub-10,SD,eyesopen,75,0
PO4,0.10777414084005943,0.04126361796530363,False,sub-10,SD,eyesopen,75,0
PO8,0.09563721573886093,0.03520645662022117,False,sub-10,SD,eyesopen,75,0
O2,0.08449314157001472,0.03061425947579581,False,sub-10,SD,eyesopen,75,0
Fp1,0.06421894248393087,0.044426256451162126,False,sub-10,NS,eyesclosed,75,0
AF3,0.16790185318205578,0.06674445370889566,False,sub-10,NS,eyesclosed,75,0
AF7,0.07164226919030459,0.04100710146280326,False,sub-10,NS,eyesclosed,75,0
Fz,0.22389542341745017,0.0744350828825117,False,sub-10,NS,eyesclosed,75,0
F1,0.1681638264024672,0.07960766894262554,False,sub-10,NS,eyesclosed,75,0
F3,0.11744462592328361,0.08568804319568248,False,sub-10,NS,eyesclosed,75,0
F5,0.07735171936383596,0.07756470813919294,False,sub-10,NS,eyesclosed,75,0
F7,0.0875643866999695,0.09353649815813017,False,sub-10,NS,eyesclosed,75,0
FC1,0.18573721107886915,0.08606142410658496,False,sub-10,NS,eyesclosed,75,0
FC3,0.1596569772762653,0.08834599499450983,False,sub-10,NS,eyesclosed,75,0
FC5,0.1817892687863708,0.07244441385562507,False,sub-10,NS,eyesclosed,75,0
FT7,0.10437706132232712,0.05101209001500954,False,sub-10,NS,eyesclosed,75,0
Cz,0.21154219673890792,0.07156237510144202,False,sub-10,NS,eyesclosed,75,0
C1,0.22389851999385413,0.07241226180125077,False,sub-10,NS,eyesclosed,75,0
C3,0.21514449369168115,0.08058139262730568,False,sub-10,NS,eyesclosed,75,0
C5,0.19312784832474275,0.07689284664445492,False,sub-10,NS,eyesclosed,75,0
T7,0.03911307965665648,0.024728110502845513,False,sub-10,NS,eyesclosed,75,0
CP1,0.21226530571592744,0.07151479806811306,False,sub-10,NS,eyesclosed,75,0
CP3,0.2062162318069229,0.07334377817865373,False,sub-10,NS,eyesclosed,75,0
CP5,0.18032448160508716,0.07120579679157713,False,sub-10,NS,eyesclosed,75,0
TP7,0.16761138584862734,0.06584411337602415,False,sub-10,NS,eyesclosed,75,0
TP9,0.16479471131535925,0.06991877644293494,False,sub-10,NS,eyesclosed,75,0
Pz,0.19165630224249144,0.06940325533008515,False,sub-10,NS,eyesclosed,75,0
P1,0.19734313531877565,0.07223165194236349,False,sub-10,NS,eyesclosed,75,0
P3,0.17919243458911344,0.07143991611538102,False,sub-10,NS,eyesclosed,75,0
P5,0.16909544285939754,0.0719702980528684,False,sub-10,NS,eyesclosed,75,0
P7,0.20183544409001408,0.0733182712183305,False,sub-10,NS,eyesclosed,75,0
PO3,0.12439575205056064,0.058720936790495115,False,sub-10,NS,eyesclosed,75,0
PO7,0.15011406145144338,0.06772056905441767,False,sub-10,NS,eyesclosed,75,0
Oz,0.1609715483793314,0.061675108384975676,False,sub-10,NS,eyesclosed,75,0
O1,0.15484386407758471,0.06784295691456216,False,sub-10,NS,eyesclosed,75,0
Fpz,0.12670780443392077,0.06648563436435487,False,sub-10,NS,eyesclosed,75,0
Fp2,0.06173327945739763,0.07057957681552253,False,sub-10,NS,eyesclosed,75,0
AF4,0.0947464035788551,0.06823998301534118,False,sub-10,NS,eyesclosed,75,0
AF8,0.10640423343758722,0.07480460885986043,False,sub-10,NS,eyesclosed,75,0
F2,0.1967271026911762,0.07139938012806707,False,sub-10,NS,eyesclosed,75,0
F4,0.1562982626078562,0.07202313441551746,False,sub-10,NS,eyesclosed,75,0
F6,0.13408303052945658,0.0733057088931932,False,sub-10,NS,eyesclosed,75,0
F8,0.17171341162688045,0.07904182280721211,False,sub-10,NS,eyesclosed,75,0
FC2,0.21313337569817356,0.0897759116830842,False,sub-10,NS,eyesclosed,75,0
FC4,0.18408376531418344,0.09137165589344279,False,sub-10,NS,eyesclosed,75,0
FC6,0.1626350615452642,0.08164583366926736,False,sub-10,NS,eyesclosed,75,0
FT8,0.14752648482053363,0.07443433756982279,False,sub-10,NS,eyesclosed,75,0
C2,0.21881101248197027,0.09153023921690048,False,sub-10,NS,eyesclosed,75,0
C4,0.2045972014263714,0.10057810536544462,False,sub-10,NS,eyesclosed,75,0
C6,0.18965959052964973,0.08789408175653185,False,sub-10,NS,eyesclosed,75,0
T8,0.11036326550589498,0.06768170950022019,False,sub-10,NS,eyesclosed,75,0
CPz,0.21142261551065727,0.07475172302028754,False,sub-10,NS,eyesclosed,75,0
CP2,0.20282238212051343,0.08190755503174656,False,sub-10,NS,eyesclosed,75,0
CP4,0.19626797878929153,0.0843061427355299,False,sub-10,NS,eyesclosed,75,0
CP6,0.19048695070420166,0.08265858555696672,False,sub-10,NS,eyesclosed,75,0
TP8,0.16784315095423474,0.07967221099195174,False,sub-10,NS,eyesclosed,75,0
TP10,0.14557318319837878,0.06742962299111939,False,sub-10,NS,eyesclosed,75,0
P2,0.17247763123788018,0.06879155553399915,False,sub-10,NS,eyesclosed,75,0
P4,0.15260950364726195,0.06444217992794396,False,sub-10,NS,eyesclosed,75,0
P6,0.14620323235017493,0.06428174990031923,False,sub-10,NS,eyesclosed,75,0
P8,0.19092573542392835,0.079394287510552,False,sub-10,NS,eyesclosed,75,0
POz,0.16065437795459162,0.060018564032013465,False,sub-10,NS,eyesclosed,75,0
PO4,0.0858390098709513,0.04307809597524682,False,sub-10,NS,eyesclosed,75,0
PO8,0.1578499816820293,0.0659784019017871,False,sub-10,NS,eyesclosed,75,0
O2,0.11882126032324228,0.05380114487465096,False,sub-10,NS,eyesclosed,75,0
Fp1,0.04476378083763952,0.028306767421962593,False,sub-10,NS,eyesopen,75,0
AF3,0.06614057163886598,0.03838396231901024,False,sub-10,NS,eyesopen,75,0
AF7,0.04123218439244422,0.02465212648653013,False,sub-10,NS,eyesopen,75,0
Fz,0.09948670214762215,0.061523065101378116,False,sub-10,NS,eyesopen,75,0
F1,0.09011268897413248,0.04355988985669254,False,sub-10,NS,eyesopen,75,0
F3,0.08035189945675093,0.03477998304434149,False,sub-10,NS,eyesopen,75,0
F5,0.06351813534632152,0.02545257324730371,False,sub-10,NS,eyesopen,75,0
F7,0.056179278799315086,0.027800034198078815,False,sub-10,NS,eyesopen,75,0
FC1,0.17274875680091198,0.05608858639295146,False,sub-10,NS,eyesopen,75,0
FC3,0.14088139713727685,0.05600902775421898,False,sub-10,NS,eyesopen,75,0
FC5,0.13698801918247722,0.05385951608053124,False,sub-10,NS,eyesopen,75,0
FT7,0.05988822682407366,0.02161274732311831,False,sub-10,NS,eyesopen,75,0
Cz,0.11526681234224237,0.0657485941524502,False,sub-10,NS,eyesopen,75,0
C1,0.14847179840585575,0.06671622995516945,False,sub-10,NS,eyesopen,75,0
C3,0.1680506350390163,0.06681631016951543,False,sub-10,NS,eyesopen,75,0
C5,0.1703667429368968,0.06785785033511724,False,sub-10,NS,eyesopen,75,0
T7,0.08332821886280542,0.02999525419026114,False,sub-10,NS,eyesopen,75,0
CP1,0.12273574015921845,0.05958058844067634,False,sub-10,NS,eyesopen,75,0
CP3,0.13521870723746318,0.05838790515459761,False,sub-10,NS,eyesopen,75,0
CP5,0.13929909332870954,0.05764828084126577,False,sub-10,NS,eyesopen,75,0
TP7,0.12401682048734368,0.05531520205533901,False,sub-10,NS,eyesopen,75,0
TP9,0.10207408092522235,0.05008150345488537,False,sub-10,NS,eyesopen,75,0
Pz,0.10159885780650234,0.05011706345742044,False,sub-10,NS,eyesopen,75,0
P1,0.11507333144896358,0.05338812331927889,False,sub-10,NS,eyesopen,75,0
P3,0.11427656212354793,0.048566726374205234,False,sub-10,NS,eyesopen,75,0
P5,0.1197142704478168,0.051012755480550245,False,sub-10,NS,eyesopen,75,0
P7,0.12875969450406866,0.06191804798851479,False,sub-10,NS,eyesopen,75,0
PO3,0.07764676676447053,0.02914822775309146,False,sub-10,NS,eyesopen,75,0
PO7,0.10182311608124722,0.04562681974704681,False,sub-10,NS,eyesopen,75,0
Oz,0.09351591418442698,0.04459558449818312,False,sub-10,NS,eyesopen,75,0
O1,0.09626613421288596,0.04399696994229666,False,sub-10,NS,eyesopen,75,0
Fpz,0.051939052512012175,0.035956769403006635,False,sub-10,NS,eyesopen,75,0
Fp2,0.04586301716452871,0.03047811244838561,False,sub-10,NS,eyesopen,75,0
AF4,0.06736932687529261,0.038126962369553236,False,sub-10,NS,eyesopen,75,0
AF8,0.05487960365646908,0.03381597585883216,False,sub-10,NS,eyesopen,75,0
F2,0.10053975367237487,0.051408150724381464,False,sub-10,NS,eyesopen,75,0
F4,0.09795407784006381,0.04767344282831478,False,sub-10,NS,eyesopen,75,0
F6,0.09790984574694693,0.047653585645026746,False,sub-10,NS,eyesopen,75,0
F8,0.09762342153891507,0.044640421565735236,False,sub-10,NS,eyesopen,75,0
FC2,0.19822093685445172,0.06964683170342105,False,sub-10,NS,eyesopen,75,0
FC4,0.18536619556632572,0.06696589362642322,False,sub-10,NS,eyesopen,75,0
FC6,0.17672926072867765,0.06476949296877538,False,sub-10,NS,eyesopen,75,0
FT8,0.16385590148289378,0.06503035160335635,False,sub-10,NS,eyesopen,75,0
C2,0.12920344870547504,0.06419039771387984,False,sub-10,NS,eyesopen,75,0
C4,0.16202024715243601,0.07130043317317944,False,sub-10,NS,eyesopen,75,0
C6,0.15986592470617822,0.06761933024892201,False,sub-10,NS,eyesopen,75,0
T8,0.12191527195260664,0.05802149430946828,False,sub-10,NS,eyesopen,75,0
CPz,0.10738465993323641,0.057606438754454856,False,sub-10,NS,eyesopen,75,0
CP2,0.1111000886034509,0.05641126044515205,False,sub-10,NS,eyesopen,75,0
CP4,0.12642979586280498,0.06187200924209072,False,sub-10,NS,eyesopen,75,0
CP6,0.13276678637589112,0.0626089364912998,False,sub-10,NS,eyesopen,75,0
TP8,0.12105985130973712,0.058925129937891535,False,sub-10,NS,eyesopen,75,0
TP10,0.09339886804664287,0.049333979445571365,False,sub-10,NS,eyesopen,75,0
P2,0.1015077358477705,0.05080038402148569,False,sub-10,NS,eyesopen,75,0
P4,0.10735179748286193,0.05101212800872474,False,sub-10,NS,eyesopen,75,0
P6,0.10011090705259526,0.04500454496173236,False,sub-10,NS,eyesopen,75,0
P8,0.10925555472166147,0.05628081495116906,False,sub-10,NS,eyesopen,75,0
POz,0.0920033894460888,0.040609977329402386,False,sub-10,NS,eyesopen,75,0
PO4,0.07676126275579452,0.03267002525385387,False,sub-10,NS,eyesopen,75,0
PO8,0.09412827695408005,0.04609156028570743,False,sub-10,NS,eyesopen,75,0
O2,0.09153140939403297,0.04448424955673203,False,sub-10,NS,eyesopen,75,0
Fp1,0.08341570663074635,0.037587628321528406,False,sub-11,SD,eyesclosed,75,0
AF3,0.09621042023539357,0.04004890097321877,False,sub-11,SD,eyesclosed,75,0
AF7,0.09914765804773688,0.040098734131781166,False,sub-11,SD,eyesclosed,75,0
Fz,0.10729637401412229,0.04427516385683349,False,sub-11,SD,eyesclosed,75,0
F1,0.1083730367304851,0.041263201622690676,False,sub-11,SD,eyesclosed,75,0
F3,0.11685437293933132,0.04190957255739327,False,sub-11,SD,eyesclosed,75,0
F5,0.11665229350202326,0.04027938578645883,False,sub-11,SD,eyesclosed,75,0
F7,0.12163458795281822,0.044277054969225856,False,sub-11,SD,eyesclosed,75,0
FC1,0.11834548122041871,0.04123968407698091,False,sub-11,SD,eyesclosed,75,0
FC3,0.12117868428754827,0.039599076905993534,False,sub-11,SD,eyesclosed,75,0
FC5,0.11882706800651607,0.03909985055789014,False,sub-11,SD,eyesclosed,75,0
FT7,0.1263909227842002,0.043689001628140635,False,sub-11,SD,eyesclosed,75,0
Cz,0.08089222272704075,0.03147907245631165,False,sub-11,SD,eyesclosed,75,0
C1,0.07999692144875935,0.03214498616677744,False,sub-11,SD,eyesclosed,75,0
C3,0.09811385450849204,0.03848673401800026,False,sub-11,SD,eyesclosed,75,0
C5,0.09993791450052239,0.03563610115186923,False,sub-11,SD,eyesclosed,75,0
T7,0.11390222479925849,0.040146105674241137,False,sub-11,SD,eyesclosed,75,0
CP1,0.06146535538214064,0.025680941712107296,False,sub-11,SD,eyesclosed,75,0
CP3,0.0644913550479402,0.026283682032970202,False,sub-11,SD,eyesclosed,75,0
CP5,0.068412820185842,0.024048470005667014,False,sub-11,SD,eyesclosed,75,0
TP7,0.10126311276400404,0.035583233353163574,False,sub-11,SD,eyesclosed,75,0
TP9,0.12461828414960453,0.049303529875883795,False,sub-11,SD,eyesclosed,75,0
Pz,0.05838857618389778,0.022135993701672366,False,sub-11,SD,eyesclosed,75,0
P1,0.048884147095963865,0.019295058427233527,False,sub-11,SD,eyesclosed,75,0
P3,0.04433306620112177,0.015968796466133788,False,sub-11,SD,eyesclosed,75,0
P5,0.046419588199938404,0.015102598730586536,False,sub-11,SD,eyesclosed,75,0
P7,0.06788764419977358,0.024974811345185737,False,sub-11,SD,eyesclosed,75,0
PO3,0.04318440053971315,0.01492551926386313,False,sub-11,SD,eyesclosed,75,0
PO7,0.054037914665381354,0.017853874551761205,False,sub-11,SD,eyesclosed,75,0
Oz,0.07811525080029319,0.029425337597476547,False,sub-11,SD,eyesclosed,75,0
O1,0.06388758434499275,0.021994880914320274,False,sub-11,SD,eyesclosed,75,0
Fpz,0.08379104209950489,0.04322416001031994,False,sub-11,SD,eyesclosed,75,0
Fp2,0.09090326748282643,0.04717624581479378,False,sub-11,SD,eyesclosed,75,0
AF4,0.12299658093760961,0.04990941696406899,False,sub-11,SD,eyesclosed,75,0
AF8,0.10912300235854794,0.04764934500357157,False,sub-11,SD,eyesclosed,75,0
F2,0.14181593005748291,0.048258129190971895,False,sub-11,SD,eyesclosed,75,0
F4,0.1478711052171726,0.04838866400894941,False,sub-11,SD,eyesclosed,75,0
F6,0.14092992329928547,0.04652397012852933,False,sub-11,SD,eyesclosed,75,0
F8,0.12649747171897333,0.04689135412663546,False,sub-11,SD,eyesclosed,75,0
FC2,0.09340037780462673,0.03897688090083378,False,sub-11,SD,eyesclosed,75,0
FC4,0.10236102915852376,0.04394008291219861,False,sub-11,SD,eyesclosed,75,0
FC6,0.10655147980047257,0.0402063497095183,False,sub-11,SD,eyesclosed,75,0
FT8,0.11343674032851479,0.0471258052664823,False,sub-11,SD,eyesclosed,75,0
C2,0.0634599903094784,0.025527405794629535,False,sub-11,SD,eyesclosed,75,0
C4,0.06333537566939441,0.02636625944561202,False,sub-11,SD,eyesclosed,75,0
C6,0.06684159795474538,0.027701648224194683,False,sub-11,SD,eyesclosed,75,0
T8,0.08816680185123417,0.04125447140789795,False,sub-11,SD,eyesclosed,75,0
CPz,0.06649933028057763,0.02602075190617673,False,sub-11,SD,eyesclosed,75,0
CP2,0.05614103572646337,0.02343551951076354,False,sub-11,SD,eyesclosed,75,0
CP4,0.050364230371367016,0.022090273639904408,False,sub-11,SD,eyesclosed,75,0
CP6,0.04641363160513869,0.021306839626518168,False,sub-11,SD,eyesclosed,75,0
TP8,0.059602104073268374,0.029383844975189227,False,sub-11,SD,eyesclosed,75,0
TP10,0.17450664755339176,0.08129683149102815,False,sub-11,SD,eyesclosed,75,0
P2,0.05872528671782508,0.024858146873635908,False,sub-11,SD,eyesclosed,75,0
P4,0.04864309089026358,0.024035751748741122,False,sub-11,SD,eyesclosed,75,0
P6,0.0432865871785964,0.02084462036823422,False,sub-11,SD,eyesclosed,75,0
P8,0.04827514404421879,0.020558297242716364,False,sub-11,SD,eyesclosed,75,0
POz,0.058997409136082396,0.024038233086112512,False,sub-11,SD,eyesclosed,75,0
PO4,0.05671345998482273,0.025739780185046586,False,sub-11,SD,eyesclosed,75,0
PO8,0.05684268891120416,0.025028127855527736,False,sub-11,SD,eyesclosed,75,0
O2,0.07137571875577264,0.030046016470289583,False,sub-11,SD,eyesclosed,75,0
Fp1,0.139765191705215,0.05112771539411884,False,sub-11,SD,eyesopen,75,1
AF3,0.14650935690767328,0.05362223795916471,False,sub-11,SD,eyesopen,75,1
AF7,0.12754334142755122,0.04571900611671064,False,sub-11,SD,eyesopen,75,1
Fz,0.151257554218535,0.05340008984170046,False,sub-11,SD,eyesopen,75,1
F1,0.13872527473252538,0.05576719632669189,False,sub-11,SD,eyesopen,75,1
F3,0.13694666568597963,0.056480568550335813,False,sub-11,SD,eyesopen,75,1
F5,0.12926668657647153,0.04895568343120717,False,sub-11,SD,eyesopen,75,1
F7,0.12010090554861273,0.04135328253046161,False,sub-11,SD,eyesopen,75,1
FC1,0.12593873188948104,0.045932045514588585,False,sub-11,SD,eyesopen,75,1
FC3,0.12490503247504757,0.042430417864348015,False,sub-11,SD,eyesopen,75,1
FC5,0.12005768513386933,0.04216052115734769,False,sub-11,SD,eyesopen,75,1
FT7,0.1134053066261941,0.04719279459437512,False,sub-11,SD,eyesopen,75,1
Cz,0.130518736808788,0.05447302280738733,False,sub-11,SD,eyesopen,75,1
C1,0.12547602690637716,0.05097956708669884,False,sub-11,SD,eyesopen,75,1
C3,0.1279352922228578,0.04945442745774156,False,sub-11,SD,eyesopen,75,1
C5,0.11628248496953116,0.048724027557803806,False,sub-11,SD,eyesopen,75,1
T7,0.10684705703881757,0.05996981292964947,False,sub-11,SD,eyesopen,75,1
CP1,0.11323611945918209,0.05015982048605762,False,sub-11,SD,eyesopen,75,1
CP3,0.11300047581835088,0.045511933408040335,False,sub-11,SD,eyesopen,75,1
CP5,0.11552372707858062,0.04564480425669867,False,sub-11,SD,eyesopen,75,1
TP7,0.1251455135270964,0.051251095633958126,False,sub-11,SD,eyesopen,75,1
TP9,0.130829878748322,0.05261712353863893,False,sub-11,SD,eyesopen,75,1
Pz,0.1063729606444663,0.05131154159777356,False,sub-11,SD,eyesopen,75,1
P1,0.10225712039312435,0.04907878167145927,False,sub-11,SD,eyesopen,75,1
P3,0.0996258936396487,0.04838318834254544,False,sub-11,SD,eyesopen,75,1
P5,0.10067973808042262,0.04758560631182104,False,sub-11,SD,eyesopen,75,1
P7,0.10712391836206303,0.047400601241557046,False,sub-11,SD,eyesopen,75,1
PO3,0.10282450452694279,0.0511832706683743,False,sub-11,SD,eyesopen,75,1
PO7,0.10744823043062485,0.04922397053334805,False,sub-11,SD,eyesopen,75,1
Oz,0.13140146582364917,0.054318313602966475,False,sub-11,SD,eyesopen,75,1
O1,0.1206972886171031,0.05159721008315679,False,sub-11,SD,eyesopen,75,1
Fpz,0.15050180135197658,0.051365650338596365,False,sub-11,SD,eyesopen,75,1
Fp2,0.14477246140403718,0.05030003225666071,False,sub-11,SD,eyesopen,75,1
AF4,0.1487318334416961,0.05334278242289788,False,sub-11,SD,eyesopen,75,1
AF8,0.13044897560266608,0.050491330834224024,False,sub-11,SD,eyesopen,75,1
F2,0.15472375440982059,0.05635147983066397,False,sub-11,SD,eyesopen,75,1
F4,0.14579365357397628,0.05493404563589471,False,sub-11,SD,eyesopen,75,1
F6,0.1325824098105381,0.051244280994316875,False,sub-11,SD,eyesopen,75,1
F8,0.12184065766237112,0.05201496358146936,False,sub-11,SD,eyesopen,75,1
FC2,0.1282239696422979,0.06097412803536992,False,sub-11,SD,eyesopen,75,1
FC4,0.13281006944005513,0.06252267105235539,False,sub-11,SD,eyesopen,75,1
FC6,0.12949696954541245,0.05887025921318769,False,sub-11,SD,eyesopen,75,1
FT8,0.10621489769421721,0.05055204140608206,False,sub-11,SD,eyesopen,75,1
C2,0.11402604913943842,0.06011199958934704,False,sub-11,SD,eyesopen,75,1
C4,0.1101989266169485,0.05748760069381023,False,sub-11,SD,eyesopen,75,1
C6,0.12176986195790818,0.0607619936350224,False,sub-11,SD,eyesopen,75,1
T8,0.12926051413077175,0.059999941827326424,False,sub-11,SD,eyesopen,75,1
CPz,0.11604021449138735,0.051636958634747585,False,sub-11,SD,eyesopen,75,1
CP2,0.10542986867862983,0.057099631106708876,False,sub-11,SD,eyesopen,75,1
CP4,0.1012976652287856,0.05707152906121785,False,sub-11,SD,eyesopen,75,1
CP6,0.10635092271976058,0.05852466163301586,False,sub-11,SD,eyesopen,75,1
TP8,0.11182180089918439,0.055574146258515006,False,sub-11,SD,eyesopen,75,1
TP10,0.1225732922611076,0.057320230099112274,True,sub-11,SD,eyesopen,75,1
P2,0.100462940606021,0.053476218284861564,False,sub-11,SD,eyesopen,75,1
P4,0.09345524797152963,0.055038414667104386,False,sub-11,SD,eyesopen,75,1
P6,0.09780618704227133,0.06115549378804174,False,sub-11,SD,eyesopen,75,1
P8,0.10758912671133686,0.06255555422476361,False,sub-11,SD,eyesopen,75,1
POz,0.11605672684709842,0.05533356730847425,False,sub-11,SD,eyesopen,75,1
PO4,0.10640752781468878,0.05722398350576598,False,sub-11,SD,eyesopen,75,1
PO8,0.10071101231319514,0.051792587124292584,False,sub-11,SD,eyesopen,75,1
O2,0.11034180644523384,0.050336267191551425,False,sub-11,SD,eyesopen,75,1
Fp1,0.28494461710731683,0.13580543270612552,False,sub-11,NS,eyesclosed,75,1
AF3,0.2668922787406973,0.1355664012810513,False,sub-11,NS,eyesclosed,75,1
AF7,0.28861441262678106,0.13514607216267494,False,sub-11,NS,eyesclosed,75,1
Fz,0.26960406321831376,0.1251668107697704,False,sub-11,NS,eyesclosed,75,1
F1,0.23309138866869972,0.11059590616534289,False,sub-11,NS,eyesclosed,75,1
F3,0.2587649182903212,0.12503575122692773,False,sub-11,NS,eyesclosed,75,1
F5,0.2604367304727288,0.1245990205416414,False,sub-11,NS,eyesclosed,75,1
F7,0.27510580106291294,0.12636321946403556,False,sub-11,NS,eyesclosed,75,1
FC1,0.24614927704437406,0.11894768288739423,True,sub-11,NS,eyesclosed,75,1
FC3,0.27831863761608083,0.13166359987997672,False,sub-11,NS,eyesclosed,75,1
FC5,0.2818642488290331,0.12910952808112067,False,sub-11,NS,eyesclosed,75,1
FT7,0.2987501886792608,0.12810016005071903,False,sub-11,NS,eyesclosed,75,1
Cz,0.34357168373152364,0.14231219095975747,False,sub-11,NS,eyesclosed,75,1
C1,0.31589438538456305,0.13306385127968043,False,sub-11,NS,eyesclosed,75,1
C3,0.3075462148609538,0.13789647248228648,False,sub-11,NS,eyesclosed,75,1
C5,0.30435367065868174,0.13383621432516427,False,sub-11,NS,eyesclosed,75,1
T7,0.30585652621915216,0.1286175607199346,False,sub-11,NS,eyesclosed,75,1
CP1,0.35556924005810364,0.14633752982274015,False,sub-11,NS,eyesclosed,75,1
CP3,0.3426554530084305,0.14648228275865288,False,sub-11,NS,eyesclosed,75,1
CP5,0.3305241178962756,0.13830957336372465,False,sub-11,NS,eyesclosed,75,1
TP7,0.31814981601199693,0.12937539921051144,False,sub-11,NS,eyesclosed,75,1
TP9,0.3170002157251485,0.13093300581031692,False,sub-11,NS,eyesclosed,75,1
Pz,0.3683031882144997,0.15751324905369632,False,sub-11,NS,eyesclosed,75,1
P1,0.35943716643307466,0.1491130266012087,False,sub-11,NS,eyesclosed,75,1
P3,0.3484425492649647,0.1432622905902607,False,sub-11,NS,eyesclosed,75,1
P5,0.34622405508219134,0.139772627954446,False,sub-11,NS,eyesclosed,75,1
P7,0.3370791226558498,0.133155381851011,False,sub-11,NS,eyesclosed,75,1
PO3,0.3528378811607203,0.1423651753522683,False,sub-11,NS,eyesclosed,75,1
PO7,0.3517992467495368,0.13618958930189617,False,sub-11,NS,eyesclosed,75,1
Oz,0.35357614833246875,0.1471505776539273,False,sub-11,NS,eyesclosed,75,1
O1,0.3516836429885349,0.14049239112684814,False,sub-11,NS,eyesclosed,75,1
Fpz,0.2907113714662572,0.1425841433691335,False,sub-11,NS,eyesclosed,75,1
Fp2,0.2915766849410378,0.14031132372159466,False,sub-11,NS,eyesclosed,75,1
AF4,0.30940741980010794,0.1447593298404115,False,sub-11,NS,eyesclosed,75,1
AF8,0.3145834519454423,0.13416954552999974,False,sub-11,NS,eyesclosed,75,1
F2,0.2963518127679927,0.14583997036723942,False,sub-11,NS,eyesclosed,75,1
F4,0.3079341043336333,0.14163117456785013,False,sub-11,NS,eyesclosed,75,1
F6,0.3199119900052887,0.1368532088155587,False,sub-11,NS,eyesclosed,75,1
F8,0.3175545440157084,0.13307661841765592,False,sub-11,NS,eyesclosed,75,1
FC2,0.3131446218280932,0.1358506061964166,False,sub-11,NS,eyesclosed,75,1
FC4,0.3153849578335488,0.13527982302970468,False,sub-11,NS,eyesclosed,75,1
FC6,0.3229765843731315,0.1348948936126081,False,sub-11,NS,eyesclosed,75,1
FT8,0.3079930731368249,0.1338528257766646,False,sub-11,NS,eyesclosed,75,1
C2,0.3452638264005968,0.14762800235084877,False,sub-11,NS,eyesclosed,75,1
C4,0.33865345938113967,0.145763690604937,False,sub-11,NS,eyesclosed,75,1
C6,0.33275400344536993,0.1420742897737888,False,sub-11,NS,eyesclosed,75,1
T8,0.3214650204278289,0.13582077736931591,False,sub-11,NS,eyesclosed,75,1
CPz,0.3681764069355205,0.15406951250368642,False,sub-11,NS,eyesclosed,75,1
CP2,0.3621121746615854,0.15710547655035592,False,sub-11,NS,eyesclosed,75,1
CP4,0.35357883824440534,0.1524207564803249,False,sub-11,NS,eyesclosed,75,1
CP6,0.3416727754825602,0.14393285467431305,False,sub-11,NS,eyesclosed,75,1
TP8,0.3362632438519713,0.13959466986582683,False,sub-11,NS,eyesclosed,75,1
TP10,0.3309539482181127,0.13560697102170477,False,sub-11,NS,eyesclosed,75,1
P2,0.3689825286894118,0.15799749661097384,False,sub-11,NS,eyesclosed,75,1
P4,0.3454516072807726,0.15004055637900032,False,sub-11,NS,eyesclosed,75,1
P6,0.3360592707921511,0.14312566435330645,False,sub-11,NS,eyesclosed,75,1
P8,0.3407989600471913,0.1415797656318681,False,sub-11,NS,eyesclosed,75,1
POz,0.3704015003873336,0.15467561191447193,False,sub-11,NS,eyesclosed,75,1
PO4,0.3608809988523855,0.1556808491777822,False,sub-11,NS,eyesclosed,75,1
PO8,0.33008994443933726,0.15061479624963547,False,sub-11,NS,eyesclosed,75,1
O2,0.31578767337874003,0.15313651898314337,False,sub-11,NS,eyesclosed,75,1
Fp1,0.11436952590396712,0.06992835203071032,False,sub-11,NS,eyesopen,75,0
AF3,0.12213317701528303,0.07151700937299248,False,sub-11,NS,eyesopen,75,0
AF7,0.11567774019792092,0.0661350221558248,False,sub-11,NS,eyesopen,75,0
Fz,0.13883419740478084,0.0691841749021597,False,sub-11,NS,eyesopen,75,0
F1,0.12868019575734652,0.06816854994692224,False,sub-11,NS,eyesopen,75,0
F3,0.14661176215432134,0.07184443771963535,False,sub-11,NS,eyesopen,75,0
F5,0.142898595304191,0.06768625644762237,False,sub-11,NS,eyesopen,75,0
F7,0.13668079488696003,0.07018401419700497,False,sub-11,NS,eyesopen,75,0
FC1,0.12585089417666812,0.062353272111650794,False,sub-11,NS,eyesopen,75,0
FC3,0.16126452898940885,0.07206220568513966,False,sub-11,NS,eyesopen,75,0
FC5,0.16212011213543318,0.07344074855930847,False,sub-11,NS,eyesopen,75,0
FT7,0.17006047726182286,0.07872703530876701,False,sub-11,NS,eyesopen,75,0
Cz,0.1492752251450767,0.08771631211855019,False,sub-11,NS,eyesopen,75,0
C1,0.1316590755876217,0.07962757912174166,False,sub-11,NS,eyesopen,75,0
C3,0.14552854799764425,0.08186013165460787,False,sub-11,NS,eyesopen,75,0
C5,0.16022955211477174,0.0878115735642249,False,sub-11,NS,eyesopen,75,0
T7,0.1670966045502417,0.08660622543090851,False,sub-11,NS,eyesopen,75,0
CP1,0.1355091754161711,0.08946478704839234,False,sub-11,NS,eyesopen,75,0
CP3,0.1431029022487618,0.09165559730650559,False,sub-11,NS,eyesopen,75,0
CP5,0.1541697050019872,0.09362102265318258,False,sub-11,NS,eyesopen,75,0
TP7,0.16803805282719814,0.08881121649508576,False,sub-11,NS,eyesopen,75,0
TP9,0.14964365841622915,0.08913627998414897,False,sub-11,NS,eyesopen,75,0
Pz,0.13070535443936257,0.08705031328992857,False,sub-11,NS,eyesopen,75,0
P1,0.12274585997140404,0.08432657438131916,False,sub-11,NS,eyesopen,75,0
P3,0.12021181232664477,0.08353735130601236,False,sub-11,NS,eyesopen,75,0
P5,0.12940950044595753,0.08623073867434461,False,sub-11,NS,eyesopen,75,0
P7,0.1443115797143948,0.08491558874586476,False,sub-11,NS,eyesopen,75,0
PO3,0.11309103884709938,0.08029361966257546,False,sub-11,NS,eyesopen,75,0
PO7,0.12604994414543247,0.08175541095129674,False,sub-11,NS,eyesopen,75,0
Oz,0.13837893002077556,0.08684284394785823,False,sub-11,NS,eyesopen,75,0
O1,0.12663271575748705,0.08434643359655528,False,sub-11,NS,eyesopen,75,0
Fpz,0.11595468368516205,0.07252346796792684,False,sub-11,NS,eyesopen,75,0
Fp2,0.10632752370284701,0.06379391352865248,False,sub-11,NS,eyesopen,75,0
AF4,0.12318826357456539,0.07134094633071673,False,sub-11,NS,eyesopen,75,0
AF8,0.11986943038948328,0.06911690424000397,False,sub-11,NS,eyesopen,75,0
F2,0.13435989080018562,0.0765426763974505,False,sub-11,NS,eyesopen,75,0
F4,0.1364282329254109,0.07357255640033122,False,sub-11,NS,eyesopen,75,0
F6,0.1320740423677589,0.0675012251639431,False,sub-11,NS,eyesopen,75,0
F8,0.13470362242258757,0.0742067023116294,False,sub-11,NS,eyesopen,75,0
FC2,0.15612331251150782,0.09006845590428068,False,sub-11,NS,eyesopen,75,0
FC4,0.15096026923489758,0.085556619138043,False,sub-11,NS,eyesopen,75,0
FC6,0.15164316857104868,0.08124237788578083,False,sub-11,NS,eyesopen,75,0
FT8,0.12940877912994908,0.07936197854430299,False,sub-11,NS,eyesopen,75,0
C2,0.14713394747760525,0.09833764407541705,False,sub-11,NS,eyesopen,75,0
C4,0.1454577900353996,0.09512773038355714,False,sub-11,NS,eyesopen,75,0
C6,0.14780893386251504,0.0870990584999894,False,sub-11,NS,eyesopen,75,0
T8,0.1573538256815614,0.08051874438174335,False,sub-11,NS,eyesopen,75,0
CPz,0.1424330529632489,0.0923303193990187,False,sub-11,NS,eyesopen,75,0
CP2,0.13552293265266493,0.09551923804103986,False,sub-11,NS,eyesopen,75,0
CP4,0.12805584429659203,0.09342164134523248,False,sub-11,NS,eyesopen,75,0
CP6,0.12692315917304775,0.08888147201484453,False,sub-11,NS,eyesopen,75,0
TP8,0.14589395167429456,0.08411268143844501,False,sub-11,NS,eyesopen,75,0
TP10,0.15667405204282298,0.082929129527501,False,sub-11,NS,eyesopen,75,0
P2,0.12858836918176825,0.09243353435579069,False,sub-11,NS,eyesopen,75,0
P4,0.1144477314158974,0.08713126879606803,False,sub-11,NS,eyesopen,75,0
P6,0.10999485388706712,0.08335829518854115,False,sub-11,NS,eyesopen,75,0
P8,0.12088701151472947,0.08418349434102979,False,sub-11,NS,eyesopen,75,0
POz,0.12488342039718271,0.0864358024924557,False,sub-11,NS,eyesopen,75,0
PO4,0.121446876007652,0.08570921152984302,False,sub-11,NS,eyesopen,75,0
PO8,0.1179079432796093,0.07611831033819477,False,sub-11,NS,eyesopen,75,0
O2,0.12696105790123263,0.07673950279257123,False,sub-11,NS,eyesopen,75,0
Fp1,0.1123789386363671,0.059984532999039365,False,sub-12,SD,eyesclosed,75,0
AF3,0.13952558460670086,0.06146197580299648,False,sub-12,SD,eyesclosed,75,0
AF7,0.12393225434513062,0.06437870829910036,False,sub-12,SD,eyesclosed,75,0
Fz,0.16348402963658024,0.07299415326062966,False,sub-12,SD,eyesclosed,75,0
F1,0.16371745442583646,0.056326958195261054,False,sub-12,SD,eyesclosed,75,0
F3,0.1603779857490778,0.057417651504093635,False,sub-12,SD,eyesclosed,75,0
F5,0.15833514800039802,0.07573005235135663,False,sub-12,SD,eyesclosed,75,0
F7,0.15099908342072169,0.09204112487800471,False,sub-12,SD,eyesclosed,75,0
FC1,0.1887377695790561,0.07593018620349581,False,sub-12,SD,eyesclosed,75,0
FC3,0.19571906677004108,0.0839366126226381,False,sub-12,SD,eyesclosed,75,0
FC5,0.18644963469624784,0.08521246829607561,False,sub-12,SD,eyesclosed,75,0
FT7,0.18540972204113632,0.09773390605805966,False,sub-12,SD,eyesclosed,75,0
Cz,0.15352158230855548,0.06250061073595549,False,sub-12,SD,eyesclosed,75,0
C1,0.15576805617450337,0.05969272128660026,False,sub-12,SD,eyesclosed,75,0
C3,0.16830947540580118,0.06410059134798343,False,sub-12,SD,eyesclosed,75,0
C5,0.18007917015051847,0.07160979770889955,False,sub-12,SD,eyesclosed,75,0
T7,0.18387553548878213,0.0809514921752072,False,sub-12,SD,eyesclosed,75,0
CP1,0.12914137717414698,0.06243072609092383,False,sub-12,SD,eyesclosed,75,0
CP3,0.13213996673220063,0.0656280557648934,False,sub-12,SD,eyesclosed,75,0
CP5,0.13926626630134573,0.0708558851995288,False,sub-12,SD,eyesclosed,75,0
TP7,0.1528825603160665,0.0757725477527177,False,sub-12,SD,eyesclosed,75,0
TP9,0.16594086035439748,0.08183500389327643,False,sub-12,SD,eyesclosed,75,0
Pz,0.11807437258727647,0.06736152289437235,False,sub-12,SD,eyesclosed,75,0
P1,0.1122752764650305,0.0638004569203404,False,sub-12,SD,eyesclosed,75,0
P3,0.10737481311416537,0.06335708491086553,False,sub-12,SD,eyesclosed,75,0
P5,0.11177795751058951,0.06977674815886303,False,sub-12,SD,eyesclosed,75,0
P7,0.13066788165346094,0.0773632752815235,False,sub-12,SD,eyesclosed,75,0
PO3,0.10158487531405593,0.06698699445436096,False,sub-12,SD,eyesclosed,75,0
PO7,0.11401788444928984,0.0680228743776063,False,sub-12,SD,eyesclosed,75,0
Oz,0.1248463883422213,0.07328645289743982,False,sub-12,SD,eyesclosed,75,0
O1,0.11379987299184902,0.06783805706219499,False,sub-12,SD,eyesclosed,75,0
Fpz,0.12135770769413683,0.06430217656437091,False,sub-12,SD,eyesclosed,75,0
Fp2,0.11239030920677737,0.06227964439882378,False,sub-12,SD,eyesclosed,75,0
AF4,0.13947251886787182,0.06367228759122462,False,sub-12,SD,eyesclosed,75,0
AF8,0.11482294501028029,0.06523824543905074,False,sub-12,SD,eyesclosed,75,0
F2,0.15505583933394076,0.06654895152888118,False,sub-12,SD,eyesclosed,75,0
F4,0.15946950652050743,0.0792259791910462,False,sub-12,SD,eyesclosed,75,0
F6,0.14869987095037587,0.08654167837478963,False,sub-12,SD,eyesclosed,75,0
F8,0.14720735395064927,0.0991009707446579,False,sub-12,SD,eyesclosed,75,0
FC2,0.17301803142860525,0.06345146138998436,False,sub-12,SD,eyesclosed,75,0
FC4,0.1738130526891144,0.0807662357325773,False,sub-12,SD,eyesclosed,75,0
FC6,0.1749521612364309,0.08974632116344557,False,sub-12,SD,eyesclosed,75,0
FT8,0.17395351353243374,0.09823198324356988,False,sub-12,SD,eyesclosed,75,0
C2,0.15052919567751644,0.0647228562835836,False,sub-12,SD,eyesclosed,75,0
C4,0.15018280266685516,0.0682563840369033,False,sub-12,SD,eyesclosed,75,0
C6,0.17040511879407202,0.07992712718891606,False,sub-12,SD,eyesclosed,75,0
T8,0.1786102556394677,0.08629110563391658,False,sub-12,SD,eyesclosed,75,0
CPz,0.13200965497641473,0.06266601217958628,False,sub-12,SD,eyesclosed,75,0
CP2,0.1270936969920617,0.06478420524876614,False,sub-12,SD,eyesclosed,75,0
CP4,0.12619760858649293,0.07144032097086314,False,sub-12,SD,eyesclosed,75,0
CP6,0.1394476701770905,0.07602073103314805,False,sub-12,SD,eyesclosed,75,0
TP8,0.17184085816989425,0.0846374879087469,False,sub-12,SD,eyesclosed,75,0
TP10,0.1721655067576436,0.0853710931460565,False,sub-12,SD,eyesclosed,75,0
P2,0.11651399201694797,0.0630523479024086,False,sub-12,SD,eyesclosed,75,0
P4,0.11202979543521724,0.06786605505954627,False,sub-12,SD,eyesclosed,75,0
P6,0.11726979842721605,0.07575819513972024,False,sub-12,SD,eyesclosed,75,0
P8,0.13380639355371476,0.07778218787840392,False,sub-12,SD,eyesclosed,75,0
POz,0.10904996421454993,0.06528620471371428,False,sub-12,SD,eyesclosed,75,0
PO4,0.10806846398988915,0.068726452294166,False,sub-12,SD,eyesclosed,75,0
PO8,0.12483752208663525,0.07563018116879724,False,sub-12,SD,eyesclosed,75,0
O2,0.1262499966162581,0.07532457095666949,False,sub-12,SD,eyesclosed,75,0
Fp1,0.14724617742553628,0.08059291112317131,False,sub-12,SD,eyesopen,75,0
AF3,0.16136349151634352,0.08619596827506668,False,sub-12,SD,eyesopen,75,0
AF7,0.14102995257234827,0.06536867592432921,False,sub-12,SD,eyesopen,75,0
Fz,0.1792712815067181,0.07587637956942292,False,sub-12,SD,eyesopen,75,0
F1,0.17749128259418556,0.07118584846830281,False,sub-12,SD,eyesopen,75,0
F3,0.17168317052632942,0.07692154976416281,False,sub-12,SD,eyesopen,75,0
F5,0.1625579342679635,0.07377733879603987,False,sub-12,SD,eyesopen,75,0
F7,0.1401178850720099,0.06278868185676512,False,sub-12,SD,eyesopen,75,0
FC1,0.18381413542969183,0.06840308321687225,False,sub-12,SD,eyesopen,75,0
FC3,0.1988220591670553,0.07999625656174214,False,sub-12,SD,eyesopen,75,0
FC5,0.18287885485477662,0.07741393952572112,False,sub-12,SD,eyesopen,75,0
FT7,0.17267894023751235,0.07140454313745775,False,sub-12,SD,eyesopen,75,0
Cz,0.17569020172355554,0.06982736132771765,False,sub-12,SD,eyesopen,75,0
C1,0.18310121419306774,0.07032007199977977,False,sub-12,SD,eyesopen,75,0
C3,0.19611286176805837,0.07807877260668046,False,sub-12,SD,eyesopen,75,0
C5,0.19021424213609367,0.07951714611408862,False,sub-12,SD,eyesopen,75,0
T7,0.16832510622237382,0.06543627455377837,False,sub-12,SD,eyesopen,75,0
CP1,0.17460003352720477,0.07497060800249995,False,sub-12,SD,eyesopen,75,0
CP3,0.18245233605532116,0.07912146383761944,False,sub-12,SD,eyesopen,75,0
CP5,0.18272845812550742,0.08027393747749302,False,sub-12,SD,eyesopen,75,0
TP7,0.18126276379148124,0.07578442814486246,False,sub-12,SD,eyesopen,75,0
TP9,0.1734710959465403,0.07408241339813312,False,sub-12,SD,eyesopen,75,0
Pz,0.16217115529888906,0.07256262310042629,False,sub-12,SD,eyesopen,75,0
P1,0.1645681235832381,0.07350783720194952,False,sub-12,SD,eyesopen,75,0
P3,0.1675861212100882,0.07749912652848497,False,sub-12,SD,eyesopen,75,0
P5,0.17368841409084243,0.0828761080267922,False,sub-12,SD,eyesopen,75,0
P7,0.18582437113299172,0.08708025316847405,False,sub-12,SD,eyesopen,75,0
PO3,0.16347401765994435,0.0827151640666984,False,sub-12,SD,eyesopen,75,0
PO7,0.16981891707362987,0.08334490521061806,False,sub-12,SD,eyesopen,75,0
Oz,0.17082574930408276,0.08608907765221836,False,sub-12,SD,eyesopen,75,0
O1,0.15803963148893937,0.07584589625852188,False,sub-12,SD,eyesopen,75,0
Fpz,0.15560802518959746,0.08374841384835272,False,sub-12,SD,eyesopen,75,0
Fp2,0.14160133415365397,0.06793058053415507,False,sub-12,SD,eyesopen,75,0
AF4,0.15474545956686606,0.07171355154406832,False,sub-12,SD,eyesopen,75,0
AF8,0.13287740734624626,0.061044296198197526,False,sub-12,SD,eyesopen,75,0
F2,0.16674018512436659,0.06158577741020105,False,sub-12,SD,eyesopen,75,0
F4,0.17300942628255447,0.07047099969598639,False,sub-12,SD,eyesopen,75,0
F6,0.15746316178617895,0.06548578504667092,False,sub-12,SD,eyesopen,75,0
F8,0.1466009052246627,0.06661250600273327,False,sub-12,SD,eyesopen,75,0
FC2,0.18954354064655388,0.0663188146975004,False,sub-12,SD,eyesopen,75,0
FC4,0.1948835283229518,0.07083128996855995,False,sub-12,SD,eyesopen,75,0
FC6,0.18252084709235614,0.07524337276883715,False,sub-12,SD,eyesopen,75,0
FT8,0.16373752026105565,0.06500552676962489,False,sub-12,SD,eyesopen,75,0
C2,0.17955115685681244,0.07010487439499184,False,sub-12,SD,eyesopen,75,0
C4,0.17970361836583074,0.07243010063895361,False,sub-12,SD,eyesopen,75,0
C6,0.18988438486762824,0.07061607907118626,False,sub-12,SD,eyesopen,75,0
T8,0.1715807941977567,0.06516624775613528,False,sub-12,SD,eyesopen,75,0
CPz,0.17272283833528054,0.07265252308757346,False,sub-12,SD,eyesopen,75,0
CP2,0.1729217376245488,0.07894889889380209,False,sub-12,SD,eyesopen,75,0
CP4,0.17401960726339932,0.07598984021088034,False,sub-12,SD,eyesopen,75,0
CP6,0.18906984908353983,0.07944658549333368,False,sub-12,SD,eyesopen,75,0
TP8,0.19353581371523207,0.07864243779230032,False,sub-12,SD,eyesopen,75,0
TP10,0.19169147539818976,0.0789559949107428,False,sub-12,SD,eyesopen,75,0
P2,0.1665395130008398,0.07923347669117008,False,sub-12,SD,eyesopen,75,0
P4,0.16700841493706942,0.0791625100551819,False,sub-12,SD,eyesopen,75,0
P6,0.17324732832304135,0.07845863580941906,False,sub-12,SD,eyesopen,75,0
P8,0.18725101050982254,0.08060169466247626,False,sub-12,SD,eyesopen,75,0
POz,0.16451467550657944,0.08043389856275181,False,sub-12,SD,eyesopen,75,0
PO4,0.16620181456016125,0.08129080773503065,False,sub-12,SD,eyesopen,75,0
PO8,0.170338961330047,0.077858260253727,False,sub-12,SD,eyesopen,75,0
O2,0.17085295330937048,0.07872895367008922,False,sub-12,SD,eyesopen,75,0
Fp1,0.2419543879960818,0.09959530688395003,False,sub-12,NS,eyesclosed,75,1
AF3,0.2491610873205327,0.09569701019161402,False,sub-12,NS,eyesclosed,75,1
AF7,0.24341453759194512,0.10496112282829943,False,sub-12,NS,eyesclosed,75,1
Fz,0.25392568318936154,0.11467163404866858,False,sub-12,NS,eyesclosed,75,1
F1,0.23052402927064453,0.0913987180388825,False,sub-12,NS,eyesclosed,75,1
F3,0.24181940443617583,0.0997706346600902,False,sub-12,NS,eyesclosed,75,1
F5,0.24516073813130537,0.09764378479682218,False,sub-12,NS,eyesclosed,75,1
F7,0.2545907476998893,0.09558675398609034,False,sub-12,NS,eyesclosed,75,1
FC1,0.23848204171904896,0.09901561348179083,False,sub-12,NS,eyesclosed,75,1
FC3,0.24563780655486017,0.09573857287236723,False,sub-12,NS,eyesclosed,75,1
FC5,0.261422905805531,0.09689537034101824,False,sub-12,NS,eyesclosed,75,1
FT7,0.27148390759204505,0.0939692226086904,False,sub-12,NS,eyesclosed,75,1
Cz,0.2592921547572873,0.10965225884870886,False,sub-12,NS,eyesclosed,75,1
C1,0.25613238342731454,0.09035089454779502,False,sub-12,NS,eyesclosed,75,1
C3,0.25065703465365946,0.09341003061602501,False,sub-12,NS,eyesclosed,75,1
C5,0.27299365636462186,0.09212131765648834,False,sub-12,NS,eyesclosed,75,1
T7,0.275444827300549,0.09431726790695558,False,sub-12,NS,eyesclosed,75,1
CP1,0.2587519081442493,0.09826051231563132,False,sub-12,NS,eyesclosed,75,1
CP3,0.25953592022953265,0.09226544856010668,False,sub-12,NS,eyesclosed,75,1
CP5,0.2712186725762455,0.0899968001702567,False,sub-12,NS,eyesclosed,75,1
TP7,0.2776644794489193,0.08898546725741767,False,sub-12,NS,eyesclosed,75,1
TP9,0.2790574871939654,0.0931357077422268,True,sub-12,NS,eyesclosed,75,1
Pz,0.2599754159188916,0.09483664919472354,False,sub-12,NS,eyesclosed,75,1
P1,0.26237241639536274,0.09439780534520702,False,sub-12,NS,eyesclosed,75,1
P3,0.2570361463535852,0.08628099759351773,False,sub-12,NS,eyesclosed,75,1
P5,0.27251042005232745,0.08848187362705479,False,sub-12,NS,eyesclosed,75,1
P7,0.283745054695657,0.09282393841979979,False,sub-12,NS,eyesclosed,75,1
PO3,0.2703590741229997,0.08831634571757191,False,sub-12,NS,eyesclosed,75,1
PO7,0.26955427338133625,0.08493902078864281,False,sub-12,NS,eyesclosed,75,1
Oz,0.27205866083538766,0.09101960731210808,False,sub-12,NS,eyesclosed,75,1
O1,0.2601354173797421,0.08573342677996096,False,sub-12,NS,eyesclosed,75,1
Fpz,0.2554014240739105,0.11239535535030579,False,sub-12,NS,eyesclosed,75,1
Fp2,0.25021743440151456,0.11104929600842199,False,sub-12,NS,eyesclosed,75,1
AF4,0.260831625708782,0.11503050642348113,False,sub-12,NS,eyesclosed,75,1
AF8,0.24521403820166882,0.0981425453683876,False,sub-12,NS,eyesclosed,75,1
F2,0.25609855577811946,0.11268659806376007,False,sub-12,NS,eyesclosed,75,1
F4,0.24866281181951663,0.1042376628428341,False,sub-12,NS,eyesclosed,75,1
F6,0.2502792273180608,0.09800125879612415,False,sub-12,NS,eyesclosed,75,1
F8,0.24712440729951402,0.09821386938947888,False,sub-12,NS,eyesclosed,75,1
FC2,0.22720985749828523,0.08146245265161395,False,sub-12,NS,eyesclosed,75,1
FC4,0.24133707440473026,0.09487351805859714,False,sub-12,NS,eyesclosed,75,1
FC6,0.2562075243766244,0.09687227831345291,False,sub-12,NS,eyesclosed,75,1
FT8,0.25822199931473294,0.09495036019274412,False,sub-12,NS,eyesclosed,75,1
C2,0.24522282915526133,0.10105837612399349,False,sub-12,NS,eyesclosed,75,1
C4,0.25179746583274126,0.0933483589236736,False,sub-12,NS,eyesclosed,75,1
C6,0.27062035824014413,0.09523587478982226,False,sub-12,NS,eyesclosed,75,1
T8,0.26473357798531133,0.10546871406952592,False,sub-12,NS,eyesclosed,75,1
CPz,0.25906118630456004,0.10687811460986642,False,sub-12,NS,eyesclosed,75,1
CP2,0.2550775593089471,0.10149301529145828,False,sub-12,NS,eyesclosed,75,1
CP4,0.25934602426315306,0.09879136528654263,False,sub-12,NS,eyesclosed,75,1
CP6,0.2760617550589547,0.10016536167878537,False,sub-12,NS,eyesclosed,75,1
TP8,0.28359832630121373,0.09980085142779097,False,sub-12,NS,eyesclosed,75,1
TP10,0.27742121117654905,0.10359849610939392,False,sub-12,NS,eyesclosed,75,1
P2,0.21025549244158975,0.09387029513166877,False,sub-12,NS,eyesclosed,75,1
P4,0.26890866280051173,0.09394268151007015,False,sub-12,NS,eyesclosed,75,1
P6,0.2764521496104249,0.09329365596553234,False,sub-12,NS,eyesclosed,75,1
P8,0.2860687870703893,0.09687566799541368,False,sub-12,NS,eyesclosed,75,1
POz,0.27047009730246546,0.08857596305254706,False,sub-12,NS,eyesclosed,75,1
PO4,0.2707736228768743,0.08883655547742893,False,sub-12,NS,eyesclosed,75,1
PO8,0.2755285963784038,0.09051199860011468,False,sub-12,NS,eyesclosed,75,1
O2,0.2646289539086201,0.08984013918443685,False,sub-12,NS,eyesclosed,75,1
Fp1,0.0981166889110885,0.08134705628105887,False,sub-12,NS,eyesopen,75,0
AF3,0.12930058506807393,0.08996259921954437,False,sub-12,NS,eyesopen,75,0
AF7,0.10829648295690374,0.08601558577960747,False,sub-12,NS,eyesopen,75,0
Fz,0.16271475653207956,0.08772689608463717,False,sub-12,NS,eyesopen,75,0
F1,0.15017065630216447,0.08157909044053566,False,sub-12,NS,eyesopen,75,0
F3,0.14950795955030044,0.08940602483791606,False,sub-12,NS,eyesopen,75,0
F5,0.1339363875323423,0.08555561451426474,False,sub-12,NS,eyesopen,75,0
F7,0.128621031758197,0.07949556036497955,False,sub-12,NS,eyesopen,75,0
FC1,0.1816143827311675,0.08950785970508837,False,sub-12,NS,eyesopen,75,0
FC3,0.18478456191257192,0.09163459357813081,False,sub-12,NS,eyesopen,75,0
FC5,0.17922968541767428,0.08818523760542836,False,sub-12,NS,eyesopen,75,0
FT7,0.1707011784670054,0.08820402409574418,False,sub-12,NS,eyesopen,75,0
Cz,0.18189383243518795,0.06457575698139606,False,sub-12,NS,eyesopen,75,0
C1,0.18377420283275345,0.06902941356767749,False,sub-12,NS,eyesopen,75,0
C3,0.189940812278906,0.0737937592530564,False,sub-12,NS,eyesopen,75,0
C5,0.2024257887218865,0.08749534961503075,False,sub-12,NS,eyesopen,75,0
T7,0.19965992777922537,0.09373334545782731,False,sub-12,NS,eyesopen,75,0
CP1,0.17536580504888072,0.07044536440092443,False,sub-12,NS,eyesopen,75,0
CP3,0.18168158925504557,0.07231521298685464,False,sub-12,NS,eyesopen,75,0
CP5,0.1876302830882725,0.0789760089601546,False,sub-12,NS,eyesopen,75,0
TP7,0.1993901279897334,0.08804473878192509,False,sub-12,NS,eyesopen,75,0
TP9,0.14486617054996073,0.08732848657296631,False,sub-12,NS,eyesopen,75,0
Pz,0.16255181385594142,0.06812642622520139,False,sub-12,NS,eyesopen,75,0
P1,0.16727152443825613,0.07243894599963649,False,sub-12,NS,eyesopen,75,0
P3,0.15773572236770547,0.06813880808404914,False,sub-12,NS,eyesopen,75,0
P5,0.17388113459671095,0.08366099385396565,False,sub-12,NS,eyesopen,75,0
P7,0.18311946731465736,0.08370816188526511,False,sub-12,NS,eyesopen,75,0
PO3,0.15851376916046742,0.08588168590600168,False,sub-12,NS,eyesopen,75,0
PO7,0.161695093675916,0.08231933824964068,False,sub-12,NS,eyesopen,75,0
Oz,0.17188696171021983,0.09912670593671094,False,sub-12,NS,eyesopen,75,0
O1,0.15246157930265158,0.0805043002274626,False,sub-12,NS,eyesopen,75,0
Fpz,0.10308903894963257,0.08870585929405107,False,sub-12,NS,eyesopen,75,0
Fp2,0.09594770784080285,0.07872918368439369,False,sub-12,NS,eyesopen,75,0
AF4,0.12719878614390423,0.08034404839775515,False,sub-12,NS,eyesopen,75,0
AF8,0.10632861532093807,0.07752575182036336,False,sub-12,NS,eyesopen,75,0
F2,0.1712791481884242,0.08544667681486595,False,sub-12,NS,eyesopen,75,0
F4,0.15742235284775632,0.08272490133742608,False,sub-12,NS,eyesopen,75,0
F6,0.1400754333594219,0.07982687224525575,False,sub-12,NS,eyesopen,75,0
F8,0.12333638327147732,0.07175587416674103,False,sub-12,NS,eyesopen,75,0
FC2,0.1802258782510078,0.07595276795813506,False,sub-12,NS,eyesopen,75,0
FC4,0.17751925256245185,0.07932730092919284,False,sub-12,NS,eyesopen,75,0
FC6,0.16303043245157448,0.08088277246933388,False,sub-12,NS,eyesopen,75,0
FT8,0.1499282885517222,0.07596404129616492,False,sub-12,NS,eyesopen,75,0
C2,0.18553056284900624,0.07324844982207927,False,sub-12,NS,eyesopen,75,0
C4,0.18782969015677295,0.08107171230824868,False,sub-12,NS,eyesopen,75,0
C6,0.179261263273901,0.08310332851186604,False,sub-12,NS,eyesopen,75,0
T8,0.1701610942817298,0.08147022236916104,False,sub-12,NS,eyesopen,75,0
CPz,0.16842485862987497,0.06630959546524971,False,sub-12,NS,eyesopen,75,0
CP2,0.16874978425210094,0.06463696439206476,False,sub-12,NS,eyesopen,75,0
CP4,0.17596887737238173,0.07226721386521662,False,sub-12,NS,eyesopen,75,0
CP6,0.18234583417435782,0.07854419231342177,False,sub-12,NS,eyesopen,75,0
TP8,0.18154496773675027,0.08684127420789184,False,sub-12,NS,eyesopen,75,0
TP10,0.18473369484370417,0.09304252555147073,False,sub-12,NS,eyesopen,75,0
P2,0.14673472120905898,0.07231987572037843,False,sub-12,NS,eyesopen,75,0
P4,0.16638613415102732,0.07768599089937797,False,sub-12,NS,eyesopen,75,0
P6,0.16949594393558157,0.07963083871396485,False,sub-12,NS,eyesopen,75,0
P8,0.17543470360665492,0.07830532720055197,False,sub-12,NS,eyesopen,75,0
POz,0.16473738643622893,0.0895321627760672,False,sub-12,NS,eyesopen,75,0
PO4,0.16233889753237177,0.0856533882072743,False,sub-12,NS,eyesopen,75,0
PO8,0.1657274062347304,0.08670117952697974,False,sub-12,NS,eyesopen,75,0
O2,0.170414685286281,0.09734239479716185,False,sub-12,NS,eyesopen,75,0
Fp1,0.2059295344369664,0.0832199603898311,False,sub-13,SD,eyesclosed,75,0
AF3,0.24614817966756788,0.0843918160904054,False,sub-13,SD,eyesclosed,75,0
AF7,0.17751161874752133,0.06976496479015822,False,sub-13,SD,eyesclosed,75,0
Fz,0.24395488340967314,0.08348880809583845,False,sub-13,SD,eyesclosed,75,0
F1,0.20854485658637897,0.0638372534688985,False,sub-13,SD,eyesclosed,75,0
F3,0.22822951736030708,0.0744324050739272,False,sub-13,SD,eyesclosed,75,0
F5,0.18388952471702374,0.07412762848363223,False,sub-13,SD,eyesclosed,75,0
F7,0.14591757155529167,0.05484693012403122,False,sub-13,SD,eyesclosed,75,0
FC1,0.13486524727004492,0.06335513989583637,False,sub-13,SD,eyesclosed,75,0
FC3,0.1693090482603974,0.0575854189301654,False,sub-13,SD,eyesclosed,75,0
FC5,0.1369080021848047,0.04539545027941343,False,sub-13,SD,eyesclosed,75,0
FT7,0.1422416089341038,0.056837740512995526,False,sub-13,SD,eyesclosed,75,0
Cz,0.1963213942493435,0.08013027923589452,False,sub-13,SD,eyesclosed,75,0
C1,0.1366219218183178,0.05960482360030077,False,sub-13,SD,eyesclosed,75,0
C3,0.14315510998429234,0.06224952231949569,False,sub-13,SD,eyesclosed,75,0
C5,0.13762471042086966,0.05252557623353842,False,sub-13,SD,eyesclosed,75,0
T7,0.13161149889342913,0.049499515340629435,False,sub-13,SD,eyesclosed,75,0
CP1,0.12361410698180213,0.063995068813207,False,sub-13,SD,eyesclosed,75,0
CP3,0.1192405185163322,0.06172695284531839,False,sub-13,SD,eyesclosed,75,0
CP5,0.12155880902543718,0.06226113008149785,False,sub-13,SD,eyesclosed,75,0
TP7,0.13910452738039933,0.06041654994632952,False,sub-13,SD,eyesclosed,75,0
TP9,0.1275484952419341,0.05066143651455901,False,sub-13,SD,eyesclosed,75,0
Pz,0.12606804734874372,0.06272914345900518,False,sub-13,SD,eyesclosed,75,0
P1,0.10646036652931214,0.05741291347008171,False,sub-13,SD,eyesclosed,75,0
P3,0.08669151346154448,0.049063741730635387,False,sub-13,SD,eyesclosed,75,0
P5,0.07588451720111046,0.0480601069847591,False,sub-13,SD,eyesclosed,75,0
P7,0.09598198868404142,0.053103867977300136,False,sub-13,SD,eyesclosed,75,0
PO3,0.07705741203209437,0.04663522618053222,False,sub-13,SD,eyesclosed,75,0
PO7,0.08257852821530863,0.052779886815505696,False,sub-13,SD,eyesclosed,75,0
Oz,0.10423205164400413,0.05699974809890926,False,sub-13,SD,eyesclosed,75,0
O1,0.09006736363229892,0.051223476280520513,False,sub-13,SD,eyesclosed,75,0
Fpz,0.20156542577985576,0.08869984884697928,False,sub-13,SD,eyesclosed,75,0
Fp2,0.1933756665277114,0.0927726715481115,False,sub-13,SD,eyesclosed,75,0
AF4,0.2395481437203263,0.10261730998883868,False,sub-13,SD,eyesclosed,75,0
AF8,0.17848185257460275,0.09207910999028894,False,sub-13,SD,eyesclosed,75,0
F2,0.26993810466278484,0.09828314479988481,False,sub-13,SD,eyesclosed,75,0
F4,0.2598942790855008,0.09616302906819377,False,sub-13,SD,eyesclosed,75,0
F6,0.2277348966800778,0.09853009329112744,False,sub-13,SD,eyesclosed,75,0
F8,0.19745180319611635,0.09036538464881964,False,sub-13,SD,eyesclosed,75,0
FC2,0.23585622665124678,0.08390071068829817,False,sub-13,SD,eyesclosed,75,0
FC4,0.23015882663887752,0.08619950498412308,False,sub-13,SD,eyesclosed,75,0
FC6,0.1966885356607915,0.07578807335457023,False,sub-13,SD,eyesclosed,75,0
FT8,0.17484332226343413,0.07239619098734194,False,sub-13,SD,eyesclosed,75,0
C2,0.18155228761451048,0.07673072396661837,False,sub-13,SD,eyesclosed,75,0
C4,0.17243544331989694,0.06904276060594984,False,sub-13,SD,eyesclosed,75,0
C6,0.18027867252276686,0.0696815024767184,False,sub-13,SD,eyesclosed,75,0
T8,0.18183648328451554,0.06750875784396909,False,sub-13,SD,eyesclosed,75,0
CPz,0.14588162377885255,0.06049515140985688,False,sub-13,SD,eyesclosed,75,0
CP2,0.14045867964350167,0.06668787430733342,False,sub-13,SD,eyesclosed,75,0
CP4,0.14488609089847038,0.06488692302531072,False,sub-13,SD,eyesclosed,75,0
CP6,0.14471606166151302,0.06883420415784577,False,sub-13,SD,eyesclosed,75,0
TP8,0.15176521614277125,0.061829551413493715,False,sub-13,SD,eyesclosed,75,0
TP10,0.17766557744903408,0.06833674554725085,False,sub-13,SD,eyesclosed,75,0
P2,0.12018530313947712,0.059267011960725605,False,sub-13,SD,eyesclosed,75,0
P4,0.1042764788984579,0.0566085721748377,False,sub-13,SD,eyesclosed,75,0
P6,0.09170709435347822,0.057304044860801207,False,sub-13,SD,eyesclosed,75,0
P8,0.10579532029596024,0.061524533355254304,False,sub-13,SD,eyesclosed,75,0
POz,0.1027935636322795,0.057045886681042185,False,sub-13,SD,eyesclosed,75,0
PO4,0.07987341168961194,0.05370154680752319,False,sub-13,SD,eyesclosed,75,0
PO8,0.08100637707263136,0.056189647843586855,False,sub-13,SD,eyesclosed,75,0
O2,0.09527731759291695,0.05748170269440002,False,sub-13,SD,eyesclosed,75,0
Fp1,0.23190447688933138,0.08202735207588589,False,sub-13,SD,eyesopen,75,0
AF3,0.2651334743673102,0.0908664871238418,False,sub-13,SD,eyesopen,75,0
AF7,0.21010433679023105,0.09244733544882995,False,sub-13,SD,eyesopen,75,0
Fz,0.28998729169389753,0.08137845366926284,False,sub-13,SD,eyesopen,75,0
F1,0.2396249731292304,0.08509978594847603,False,sub-13,SD,eyesopen,75,0
F3,0.247440337998529,0.08332379995293399,False,sub-13,SD,eyesopen,75,0
F5,0.1960259442290141,0.07264220404198325,False,sub-13,SD,eyesopen,75,0
F7,0.1896623625642397,0.0762904880528645,False,sub-13,SD,eyesopen,75,0
FC1,0.15012228837271793,0.065045426445728,False,sub-13,SD,eyesopen,75,0
FC3,0.22916704728043308,0.07891208535540971,False,sub-13,SD,eyesopen,75,0
FC5,0.18402408299468748,0.06515816859188522,False,sub-13,SD,eyesopen,75,0
FT7,0.1828884347837631,0.07293723185578901,False,sub-13,SD,eyesopen,75,0
Cz,0.271633867964364,0.08668077434902578,False,sub-13,SD,eyesopen,75,0
C1,0.23876297504081273,0.0831165424707313,False,sub-13,SD,eyesopen,75,0
C3,0.24395293497957918,0.08441305284605036,False,sub-13,SD,eyesopen,75,0
C5,0.22624911040294962,0.08339228423684156,False,sub-13,SD,eyesopen,75,0
T7,0.2119059541845755,0.08004205391758039,False,sub-13,SD,eyesopen,75,0
CP1,0.25447583493997894,0.07981732241379251,False,sub-13,SD,eyesopen,75,0
CP3,0.2583864209475846,0.09171373163016111,False,sub-13,SD,eyesopen,75,0
CP5,0.26208961073383963,0.08978640162435032,False,sub-13,SD,eyesopen,75,0
TP7,0.25477577976495114,0.08765952472144942,False,sub-13,SD,eyesopen,75,0
TP9,0.21850702313404602,0.07414152910174586,False,sub-13,SD,eyesopen,75,0
Pz,0.26688397554468546,0.08580556783165257,False,sub-13,SD,eyesopen,75,0
P1,0.2614050353693914,0.08415985899190866,False,sub-13,SD,eyesopen,75,0
P3,0.2484813713797307,0.08286783646438367,False,sub-13,SD,eyesopen,75,0
P5,0.257926309906185,0.08409414604220063,False,sub-13,SD,eyesopen,75,0
P7,0.25955442419183516,0.08533142356798512,False,sub-13,SD,eyesopen,75,0
PO3,0.2566307931478392,0.0829109340125996,False,sub-13,SD,eyesopen,75,0
PO7,0.2566887314739731,0.08424921474738328,False,sub-13,SD,eyesopen,75,0
Oz,0.2704080783121669,0.09340121078417775,False,sub-13,SD,eyesopen,75,0
O1,0.24503211628688704,0.0822836365346702,False,sub-13,SD,eyesopen,75,0
Fpz,0.2560351681308796,0.08819760854806744,False,sub-13,SD,eyesopen,75,0
Fp2,0.24085471652141394,0.09014501295182087,False,sub-13,SD,eyesopen,75,0
AF4,0.28310481787628006,0.0954652947779957,False,sub-13,SD,eyesopen,75,0
AF8,0.21111146505826947,0.08901321107813015,False,sub-13,SD,eyesopen,75,0
F2,0.2807695310414074,0.0876884533640372,False,sub-13,SD,eyesopen,75,0
F4,0.26345839058698756,0.0917422438042835,False,sub-13,SD,eyesopen,75,0
F6,0.23515914697923568,0.093542811187853,False,sub-13,SD,eyesopen,75,0
F8,0.212387447979999,0.08744094563765699,False,sub-13,SD,eyesopen,75,0
FC2,0.24852595783981452,0.07268535598139707,False,sub-13,SD,eyesopen,75,0
FC4,0.23564113363416833,0.07718242186166509,False,sub-13,SD,eyesopen,75,0
FC6,0.1889447891933554,0.06741747171518046,False,sub-13,SD,eyesopen,75,0
FT8,0.14490476246507006,0.05637304191929364,False,sub-13,SD,eyesopen,75,0
C2,0.2546026383368806,0.08208330770741405,False,sub-13,SD,eyesopen,75,0
C4,0.22376526190089965,0.07597160170829066,False,sub-13,SD,eyesopen,75,0
C6,0.18602279175158346,0.06819709461737435,False,sub-13,SD,eyesopen,75,0
T8,0.18684406775110096,0.06581401510570307,False,sub-13,SD,eyesopen,75,0
CPz,0.24109294662454425,0.07874815574742558,False,sub-13,SD,eyesopen,75,0
CP2,0.25926031848860276,0.08878858063663483,False,sub-13,SD,eyesopen,75,0
CP4,0.2530891721839448,0.08222136052162504,False,sub-13,SD,eyesopen,75,0
CP6,0.2523309079139915,0.08519316377523176,False,sub-13,SD,eyesopen,75,0
TP8,0.26264291016612074,0.08644212547018837,False,sub-13,SD,eyesopen,75,0
TP10,0.2636796773721559,0.0936745114502566,False,sub-13,SD,eyesopen,75,0
P2,0.25981531228342275,0.09101285850615212,False,sub-13,SD,eyesopen,75,0
P4,0.24983429425641787,0.08712965724863009,False,sub-13,SD,eyesopen,75,0
P6,0.2559891476128534,0.08265603510919026,False,sub-13,SD,eyesopen,75,0
P8,0.2696822250727016,0.08753939100087894,False,sub-13,SD,eyesopen,75,0
POz,0.2545859325023199,0.08045704153853878,False,sub-13,SD,eyesopen,75,0
PO4,0.24917533934437658,0.08285311451199237,False,sub-13,SD,eyesopen,75,0
PO8,0.263107878970394,0.08547984276982613,False,sub-13,SD,eyesopen,75,0
O2,0.27386820796261463,0.0925282659552665,False,sub-13,SD,eyesopen,75,0
Fp1,0.22160355934877393,0.09294752745520007,False,sub-13,NS,eyesclosed,75,0
AF3,0.2660418493938926,0.09555866986506516,False,sub-13,NS,eyesclosed,75,0
AF7,0.22983365592655833,0.08936573259714466,False,sub-13,NS,eyesclosed,75,0
Fz,0.25525102229546887,0.09942648872314334,False,sub-13,NS,eyesclosed,75,0
F1,0.2815117750886334,0.09697239890224076,False,sub-13,NS,eyesclosed,75,0
F3,0.26121246300662726,0.08559429424666583,False,sub-13,NS,eyesclosed,75,0
F5,0.22587868097248423,0.08684398074922277,False,sub-13,NS,eyesclosed,75,0
F7,0.22221465386760747,0.09589757739776292,False,sub-13,NS,eyesclosed,75,0
FC1,0.18266540978002663,0.06957117853024702,False,sub-13,NS,eyesclosed,75,0
FC3,0.205740322882573,0.07516131175530849,False,sub-13,NS,eyesclosed,75,0
FC5,0.19917879045077244,0.08398020252905358,False,sub-13,NS,eyesclosed,75,0
FT7,0.21391151756204418,0.09215347116493453,False,sub-13,NS,eyesclosed,75,0
Cz,0.2099292317827227,0.07681578659203048,False,sub-13,NS,eyesclosed,75,0
C1,0.17238730953941336,0.06262493911007429,False,sub-13,NS,eyesclosed,75,0
C3,0.1698576084346955,0.0667978284992006,False,sub-13,NS,eyesclosed,75,0
C5,0.17569817595231166,0.07170842486259756,False,sub-13,NS,eyesclosed,75,0
T7,0.17153667777562506,0.0739086769755994,False,sub-13,NS,eyesclosed,75,0
CP1,0.13430567962077436,0.05904513258748888,False,sub-13,NS,eyesclosed,75,0
CP3,0.13002418802742516,0.05881047849614287,False,sub-13,NS,eyesclosed,75,0
CP5,0.13275207125825447,0.061832458872483266,False,sub-13,NS,eyesclosed,75,0
TP7,0.15023382396827112,0.06922058304881655,False,sub-13,NS,eyesclosed,75,0
TP9,0.11164393271679379,0.049494189228089604,False,sub-13,NS,eyesclosed,75,0
Pz,0.12982584191128435,0.05841684195974817,False,sub-13,NS,eyesclosed,75,0
P1,0.10496334693697448,0.05672819421912784,False,sub-13,NS,eyesclosed,75,0
P3,0.08884804220309332,0.051715766262551637,False,sub-13,NS,eyesclosed,75,0
P5,0.08253134034025908,0.053863646167317446,False,sub-13,NS,eyesclosed,75,0
P7,0.10434259242397119,0.061232622887253715,False,sub-13,NS,eyesclosed,75,0
PO3,0.0704338654574122,0.04721644902279414,False,sub-13,NS,eyesclosed,75,0
PO7,0.07574324948558048,0.05314785146389265,False,sub-13,NS,eyesclosed,75,0
Oz,0.09713840485564343,0.05787969468794277,False,sub-13,NS,eyesclosed,75,0
O1,0.07780101596680473,0.052112915182390675,False,sub-13,NS,eyesclosed,75,0
Fpz,0.2328915840822231,0.09976486222290616,False,sub-13,NS,eyesclosed,75,0
Fp2,0.21004963710350405,0.09416269889509701,False,sub-13,NS,eyesclosed,75,0
AF4,0.22714864010189412,0.08967818276004856,False,sub-13,NS,eyesclosed,75,0
AF8,0.21292722454727592,0.1031339196528395,False,sub-13,NS,eyesclosed,75,0
F2,0.2753408357340394,0.09263966966508105,False,sub-13,NS,eyesclosed,75,0
F4,0.27215227232001216,0.10215718129003794,False,sub-13,NS,eyesclosed,75,0
F6,0.24855452535316994,0.10233733284708173,False,sub-13,NS,eyesclosed,75,0
F8,0.22449040664089817,0.09741503001639336,False,sub-13,NS,eyesclosed,75,0
FC2,0.20762292847271888,0.06945355123819566,False,sub-13,NS,eyesclosed,75,0
FC4,0.24642731604053797,0.09029303444376775,False,sub-13,NS,eyesclosed,75,0
FC6,0.2449997417018739,0.09531958607595813,False,sub-13,NS,eyesclosed,75,0
FT8,0.20555347427702272,0.08340415964002096,False,sub-13,NS,eyesclosed,75,0
C2,0.20139768047663914,0.07763489545792104,False,sub-13,NS,eyesclosed,75,0
C4,0.20174997477907108,0.07437727351326648,False,sub-13,NS,eyesclosed,75,0
C6,0.19556625242657077,0.07343861869240795,False,sub-13,NS,eyesclosed,75,0
T8,0.2017269467851883,0.08106895788650463,False,sub-13,NS,eyesclosed,75,0
CPz,0.16884475434915072,0.06987941546939327,False,sub-13,NS,eyesclosed,75,0
CP2,0.15614281778371436,0.06383526961589556,False,sub-13,NS,eyesclosed,75,0
CP4,0.14823038544640152,0.05897966015252332,False,sub-13,NS,eyesclosed,75,0
CP6,0.14985850218218266,0.060321709832468075,False,sub-13,NS,eyesclosed,75,0
TP8,0.1530089566321099,0.06586718403200467,False,sub-13,NS,eyesclosed,75,0
TP10,0.17078062322641976,0.07869442838412635,False,sub-13,NS,eyesclosed,75,0
P2,0.12668604621420887,0.0561579958698625,False,sub-13,NS,eyesclosed,75,0
P4,0.10970824559010872,0.0503740614860746,False,sub-13,NS,eyesclosed,75,0
P6,0.0868733363972633,0.0520371494238411,False,sub-13,NS,eyesclosed,75,0
P8,0.09169355522272755,0.0561179215201877,False,sub-13,NS,eyesclosed,75,0
POz,0.10110615500131526,0.05444476634469252,False,sub-13,NS,eyesclosed,75,0
PO4,0.08520607068153117,0.05286633008857497,False,sub-13,NS,eyesclosed,75,0
PO8,0.07403225561295318,0.05290766947534569,False,sub-13,NS,eyesclosed,75,0
O2,0.09243741292566982,0.05546619641346005,False,sub-13,NS,eyesclosed,75,0
Fp1,0.09067062340917488,0.048744651756221176,False,sub-13,NS,eyesopen,75,0
AF3,0.10017170915526107,0.05416771025014526,False,sub-13,NS,eyesopen,75,0
AF7,0.08758125780469263,0.05303010840773391,False,sub-13,NS,eyesopen,75,0
Fz,0.13613886822771618,0.06995861879699057,False,sub-13,NS,eyesopen,75,0
F1,0.1431268880867289,0.07142647126435481,False,sub-13,NS,eyesopen,75,0
F3,0.12549384290202353,0.07097812749864288,False,sub-13,NS,eyesopen,75,0
F5,0.10759029336452212,0.07239681719312396,False,sub-13,NS,eyesopen,75,0
F7,0.10066303321745712,0.07197492542884665,False,sub-13,NS,eyesopen,75,0
FC1,0.15827154421042433,0.08256064488318358,False,sub-13,NS,eyesopen,75,0
FC3,0.15186946993256545,0.08610723276617083,False,sub-13,NS,eyesopen,75,0
FC5,0.12195913215105605,0.0764183669985813,False,sub-13,NS,eyesopen,75,0
FT7,0.12303686987463083,0.08594839368569837,False,sub-13,NS,eyesopen,75,0
Cz,0.1872962896218641,0.08727954844434696,False,sub-13,NS,eyesopen,75,0
C1,0.18093858503872715,0.07740739018218035,False,sub-13,NS,eyesopen,75,0
C3,0.17898696503827677,0.09235297364621373,False,sub-13,NS,eyesopen,75,0
C5,0.16710995793845065,0.0947915540616535,False,sub-13,NS,eyesopen,75,0
T7,0.14725032650645606,0.09174015078656177,False,sub-13,NS,eyesopen,75,0
CP1,0.18230079359510618,0.08792565014706478,False,sub-13,NS,eyesopen,75,0
CP3,0.1823869527600991,0.08838992368596578,False,sub-13,NS,eyesopen,75,0
CP5,0.18148527132897074,0.0924919776999237,False,sub-13,NS,eyesopen,75,0
TP7,0.17219852859024148,0.09454636043279072,False,sub-13,NS,eyesopen,75,0
TP9,0.11559880633832288,0.05996225515736552,False,sub-13,NS,eyesopen,75,0
Pz,0.1737583609057732,0.08930283144944054,False,sub-13,NS,eyesopen,75,0
P1,0.16575311219606342,0.08650235395906028,False,sub-13,NS,eyesopen,75,0
P3,0.1648188628862023,0.07934348011584146,False,sub-13,NS,eyesopen,75,0
P5,0.169070970452186,0.08717787238965909,False,sub-13,NS,eyesopen,75,0
P7,0.15851351528263036,0.07582415540975546,False,sub-13,NS,eyesopen,75,0
PO3,0.15152760638152213,0.0814901863311035,False,sub-13,NS,eyesopen,75,0
PO7,0.15430499774962206,0.07725287970117325,False,sub-13,NS,eyesopen,75,0
Oz,0.14598380474652756,0.07642795406601363,False,sub-13,NS,eyesopen,75,0
O1,0.14848445497050677,0.07862213219390536,False,sub-13,NS,eyesopen,75,0
Fpz,0.09174822270140037,0.048841637480609844,False,sub-13,NS,eyesopen,75,0
Fp2,0.09243147823978244,0.053709916396264025,False,sub-13,NS,eyesopen,75,0
AF4,0.0983318972572393,0.05235872062259808,False,sub-13,NS,eyesopen,75,0
AF8,0.08798928633360195,0.053100316195128935,False,sub-13,NS,eyesopen,75,0
F2,0.13703098819586945,0.06848331541083817,False,sub-13,NS,eyesopen,75,0
F4,0.1331923430522723,0.0742593481022693,False,sub-13,NS,eyesopen,75,0
F6,0.11262927580031169,0.0757087988745126,False,sub-13,NS,eyesopen,75,0
F8,0.10452478025010174,0.07324137908361905,False,sub-13,NS,eyesopen,75,0
FC2,0.15683884751758345,0.08718637224439402,False,sub-13,NS,eyesopen,75,0
FC4,0.17086541278850997,0.10579874016680102,False,sub-13,NS,eyesopen,75,0
FC6,0.14342832041374196,0.09681301097702838,False,sub-13,NS,eyesopen,75,0
FT8,0.11401631476006745,0.07777009801709729,False,sub-13,NS,eyesopen,75,0
C2,0.18985336334616013,0.10335806158260033,False,sub-13,NS,eyesopen,75,0
C4,0.17546388751179418,0.10091033905695448,False,sub-13,NS,eyesopen,75,0
C6,0.14003892823603067,0.08883812375779485,False,sub-13,NS,eyesopen,75,0
T8,0.1416444664964489,0.08789217740807881,False,sub-13,NS,eyesopen,75,0
CPz,0.18617259798378524,0.08919006409237944,False,sub-13,NS,eyesopen,75,0
CP2,0.18014439301503457,0.09268599285301304,False,sub-13,NS,eyesopen,75,0
CP4,0.17500152100823374,0.09666954684033166,False,sub-13,NS,eyesopen,75,0
CP6,0.17451096783910755,0.10447251728295226,False,sub-13,NS,eyesopen,75,0
TP8,0.17553324095861203,0.10484205868615235,False,sub-13,NS,eyesopen,75,0
TP10,0.14561776682819938,0.08849551188350836,False,sub-13,NS,eyesopen,75,0
P2,0.1696735932497364,0.08881472799823101,False,sub-13,NS,eyesopen,75,0
P4,0.16776848563535002,0.09037449376777575,False,sub-13,NS,eyesopen,75,0
P6,0.16098589079218742,0.08673182822032019,False,sub-13,NS,eyesopen,75,0
P8,0.1641296326584297,0.09096474601834346,False,sub-13,NS,eyesopen,75,0
POz,0.15855390901940256,0.08469713371483893,False,sub-13,NS,eyesopen,75,0
PO4,0.15421464754082345,0.08486526064578606,False,sub-13,NS,eyesopen,75,0
PO8,0.14589818469082144,0.07884418940639039,False,sub-13,NS,eyesopen,75,0
O2,0.15010577238904013,0.07932790937582544,False,sub-13,NS,eyesopen,75,0
Fp1,0.1965728973199343,0.08312437416397711,False,sub-14,SD,eyesclosed,75,0
AF3,0.23219450030558478,0.06974328185137602,False,sub-14,SD,eyesclosed,75,0
AF7,0.18569528982810252,0.06537244656657934,False,sub-14,SD,eyesclosed,75,0
Fz,0.27149039816373793,0.09042474456662244,False,sub-14,SD,eyesclosed,75,0
F1,0.17022344409319706,0.07582548335415748,False,sub-14,SD,eyesclosed,75,0
F3,0.21405986694280998,0.07726142247923246,False,sub-14,SD,eyesclosed,75,0
F5,0.19110089903285235,0.06230310806169918,False,sub-14,SD,eyesclosed,75,0
F7,0.1531012182924903,0.06366777131374647,False,sub-14,SD,eyesclosed,75,0
FC1,0.07413379273028597,0.050022748311509546,False,sub-14,SD,eyesclosed,75,0
FC3,0.1835699670616118,0.06506234230222571,False,sub-14,SD,eyesclosed,75,0
FC5,0.2127279795318953,0.07177294345876688,False,sub-14,SD,eyesclosed,75,0
FT7,0.13537576030604057,0.049140508756677206,False,sub-14,SD,eyesclosed,75,0
Cz,0.2412013519795398,0.08266354133320437,False,sub-14,SD,eyesclosed,75,0
C1,0.16858580094919395,0.05521267674471176,False,sub-14,SD,eyesclosed,75,0
C3,0.21289030711917914,0.06605891367271775,False,sub-14,SD,eyesclosed,75,0
C5,0.14748035059463976,0.05561906924859032,False,sub-14,SD,eyesclosed,75,0
T7,0.17276252664955555,0.05654063673776326,False,sub-14,SD,eyesclosed,75,0
CP1,0.2190018198772468,0.06717623486991539,False,sub-14,SD,eyesclosed,75,0
CP3,0.2309823325764708,0.07981003536874533,False,sub-14,SD,eyesclosed,75,0
CP5,0.2101852758802613,0.07382444967615792,False,sub-14,SD,eyesclosed,75,0
TP7,0.1638131172549266,0.0726959196974582,False,sub-14,SD,eyesclosed,75,0
TP9,0.17908857116846727,0.053570728752767,False,sub-14,SD,eyesclosed,75,0
Pz,0.19611338332291559,0.07021139761521396,False,sub-14,SD,eyesclosed,75,0
P1,0.23985857543626976,0.08535082854478594,False,sub-14,SD,eyesclosed,75,0
P3,0.18001629410462922,0.06086581024498971,False,sub-14,SD,eyesclosed,75,0
P5,0.19563360564444407,0.07608824336693636,False,sub-14,SD,eyesclosed,75,0
P7,0.1576230433317118,0.05342403339667443,False,sub-14,SD,eyesclosed,75,0
PO3,0.22044939235975305,0.0729390370289415,False,sub-14,SD,eyesclosed,75,0
PO7,0.1991766738338635,0.06719027438359093,False,sub-14,SD,eyesclosed,75,0
Oz,0.19943654584942677,0.07728888823394095,False,sub-14,SD,eyesclosed,75,0
O1,0.11614138108698381,0.04391470856838159,False,sub-14,SD,eyesclosed,75,0
Fpz,0.17318986458099409,0.0547340648867717,False,sub-14,SD,eyesclosed,75,0
Fp2,0.1773247297740881,0.0658876801468994,False,sub-14,SD,eyesclosed,75,0
AF4,0.19276878741181014,0.06663813878451658,False,sub-14,SD,eyesclosed,75,0
AF8,0.1582148674156973,0.05376714955947022,False,sub-14,SD,eyesclosed,75,0
F2,0.1707667723874355,0.05543380746559848,False,sub-14,SD,eyesclosed,75,0
F4,0.216366255016085,0.08275332403765474,False,sub-14,SD,eyesclosed,75,0
F6,0.15461055563660855,0.058575369742016194,False,sub-14,SD,eyesclosed,75,0
F8,0.17387202417396216,0.07251626888946393,False,sub-14,SD,eyesclosed,75,0
FC2,0.17036477850156748,0.05989913453393403,False,sub-14,SD,eyesclosed,75,0
FC4,0.21489232700414676,0.07526413164410398,False,sub-14,SD,eyesclosed,75,0
FC6,0.18458944656923723,0.0679792453898074,False,sub-14,SD,eyesclosed,75,0
FT8,0.15670144562926935,0.06601281291392688,False,sub-14,SD,eyesclosed,75,0
C2,0.2523208824198125,0.08621836029673113,False,sub-14,SD,eyesclosed,75,0
C4,0.21617975456018068,0.06980849013619769,False,sub-14,SD,eyesclosed,75,0
C6,0.15635653005182426,0.06568428949347967,False,sub-14,SD,eyesclosed,75,0
T8,0.1802295232332326,0.05555311561508639,False,sub-14,SD,eyesclosed,75,0
CPz,0.11518939783133826,0.04071699620737315,False,sub-14,SD,eyesclosed,75,0
CP2,0.21353103277664384,0.0734369900080882,False,sub-14,SD,eyesclosed,75,0
CP4,0.1823356515160751,0.06578828866372653,False,sub-14,SD,eyesclosed,75,0
CP6,0.19272105920122387,0.05999942864424321,False,sub-14,SD,eyesclosed,75,0
TP8,0.1633696940206655,0.06551576071271922,False,sub-14,SD,eyesclosed,75,0
TP10,0.16290238556531786,0.06477273249123133,False,sub-14,SD,eyesclosed,75,0
P2,0.22899538659457838,0.07867153683008368,False,sub-14,SD,eyesclosed,75,0
P4,0.16116172800367093,0.057353592470108954,False,sub-14,SD,eyesclosed,75,0
P6,0.19751074464693327,0.06330424097772905,False,sub-14,SD,eyesclosed,75,0
P8,0.13342266265251074,0.04514130854344259,False,sub-14,SD,eyesclosed,75,0
POz,0.11963323903406725,0.042723190899865725,False,sub-14,SD,eyesclosed,75,0
PO4,0.20402797424461042,0.06447314576635269,False,sub-14,SD,eyesclosed,75,0
PO8,0.15032592991489135,0.04880555961891889,False,sub-14,SD,eyesclosed,75,0
O2,0.1223551193306541,0.04581607598398667,False,sub-14,SD,eyesclosed,75,0
Fp1,0.1957413447256368,0.0931736891928139,False,sub-14,SD,eyesopen,75,0
AF3,0.18944530110207577,0.09539576545663818,False,sub-14,SD,eyesopen,75,0
AF7,0.18344426243029635,0.0885568543453094,False,sub-14,SD,eyesopen,75,0
Fz,0.25698935234869796,0.11648922886627032,False,sub-14,SD,eyesopen,75,0
F1,0.21853289868800865,0.09631850670276625,False,sub-14,SD,eyesopen,75,0
F3,0.20318046446504634,0.09011203907728324,False,sub-14,SD,eyesopen,75,0
F5,0.2095476620092499,0.10027375860528683,False,sub-14,SD,eyesopen,75,0
F7,0.16893196052911277,0.0836620254371773,False,sub-14,SD,eyesopen,75,0
FC1,0.1835768848220344,0.09992042076108502,False,sub-14,SD,eyesopen,75,0
FC3,0.21320448034518152,0.09772049944101334,False,sub-14,SD,eyesopen,75,0
FC5,0.16995344372879867,0.11221201220276841,False,sub-14,SD,eyesopen,75,0
FT7,0.19821819264972093,0.08940741585811082,False,sub-14,SD,eyesopen,75,0
Cz,0.23630808969878866,0.09869125630698047,False,sub-14,SD,eyesopen,75,0
C1,0.20554984642562435,0.09238711408005627,False,sub-14,SD,eyesopen,75,0
C3,0.21457882975377282,0.10392176466759441,False,sub-14,SD,eyesopen,75,0
C5,0.20068016518996104,0.09160402986243993,False,sub-14,SD,eyesopen,75,0
T7,0.19022009708674179,0.08720732662251597,False,sub-14,SD,eyesopen,75,0
CP1,0.21586281695614754,0.09955891063092046,False,sub-14,SD,eyesopen,75,0
CP3,0.18936015238719456,0.08520081665981484,False,sub-14,SD,eyesopen,75,0
CP5,0.1949659516585442,0.10083355144189872,False,sub-14,SD,eyesopen,75,0
TP7,0.18436676280324674,0.08163469774056681,False,sub-14,SD,eyesopen,75,0
TP9,0.196911993004627,0.09610213337245511,False,sub-14,SD,eyesopen,75,0
Pz,0.21052188974787645,0.0888786641136138,False,sub-14,SD,eyesopen,75,0
P1,0.22299826530481454,0.10149020380789199,False,sub-14,SD,eyesopen,75,0
P3,0.20411768868965832,0.09209833920361687,False,sub-14,SD,eyesopen,75,0
P5,0.17418501826019236,0.08407432523160877,False,sub-14,SD,eyesopen,75,0
P7,0.2004977158812907,0.09190960823198711,False,sub-14,SD,eyesopen,75,0
PO3,0.17505715917211367,0.08471819499662639,False,sub-14,SD,eyesopen,75,0
PO7,0.19079992722072756,0.08877511250677614,False,sub-14,SD,eyesopen,75,0
Oz,0.17076688168575707,0.08035848800285604,False,sub-14,SD,eyesopen,75,0
O1,0.17071678486037176,0.07902467782983473,False,sub-14,SD,eyesopen,75,0
Fpz,0.1898286156412244,0.08260349716291997,False,sub-14,SD,eyesopen,75,0
Fp2,0.16866918561388805,0.08078837539219068,False,sub-14,SD,eyesopen,75,0
AF4,0.1697984905988719,0.10839759822035172,False,sub-14,SD,eyesopen,75,0
AF8,0.16185203706484116,0.10190593365079238,False,sub-14,SD,eyesopen,75,0
F2,0.22141457217183966,0.1055133252702628,False,sub-14,SD,eyesopen,75,0
F4,0.13670329330015993,0.08072103196147062,False,sub-14,SD,eyesopen,75,0
F6,0.17448286372809793,0.1080777491309704,False,sub-14,SD,eyesopen,75,0
F8,0.13625467941629324,0.08095510910932328,False,sub-14,SD,eyesopen,75,0
FC2,0.22099605364035918,0.09731927148618032,False,sub-14,SD,eyesopen,75,0
FC4,0.1888358637642288,0.10814290035629562,False,sub-14,SD,eyesopen,75,0
FC6,0.20975883722752448,0.09500083443311858,False,sub-14,SD,eyesopen,75,0
FT8,0.18042951618487105,0.10289848952678962,False,sub-14,SD,eyesopen,75,0
C2,0.20633092533799158,0.08904836441315732,False,sub-14,SD,eyesopen,75,0
C4,0.19180496458483814,0.11709867948493229,False,sub-14,SD,eyesopen,75,0
C6,0.1838035936250334,0.08831608732722192,False,sub-14,SD,eyesopen,75,0
T8,0.17156771586225172,0.10953235495628873,False,sub-14,SD,eyesopen,75,0
CPz,0.1662252380197645,0.07764094409833369,False,sub-14,SD,eyesopen,75,0
CP2,0.18808297240362556,0.0982439112851298,False,sub-14,SD,eyesopen,75,0
CP4,0.18564227780221754,0.08336776122173926,False,sub-14,SD,eyesopen,75,0
CP6,0.16785714682375652,0.08862045847855164,False,sub-14,SD,eyesopen,75,0
TP8,0.16539215104883187,0.07912842760867163,False,sub-14,SD,eyesopen,75,0
TP10,0.24022200984689857,0.10748399762837203,False,sub-14,SD,eyesopen,75,0
P2,0.20406584980332587,0.10019432244519405,False,sub-14,SD,eyesopen,75,0
P4,0.19232122726625245,0.09191486633967302,False,sub-14,SD,eyesopen,75,0
P6,0.14609929677134095,0.07838980764912243,False,sub-14,SD,eyesopen,75,0
P8,0.18638002602430317,0.08881399284675133,False,sub-14,SD,eyesopen,75,0
POz,0.20136854273016416,0.10296307686564662,False,sub-14,SD,eyesopen,75,0
PO4,0.14928603735801935,0.08962389085739061,False,sub-14,SD,eyesopen,75,0
PO8,0.2255626611244835,0.09747584401003072,False,sub-14,SD,eyesopen,75,0
O2,0.1540686119267481,0.07584798491127165,False,sub-14,SD,eyesopen,75,0
Fp1,0.27541217742831403,0.18630438973313865,False,sub-14,NS,eyesclosed,75,1
AF3,0.25376194875200186,0.18886856411251998,False,sub-14,NS,eyesclosed,75,1
AF7,0.2663342983061898,0.16038288870174128,False,sub-14,NS,eyesclosed,75,1
Fz,0.24085286119661645,0.16709266393469938,False,sub-14,NS,eyesclosed,75,1
F1,0.253704948094292,0.1556763485236078,False,sub-14,NS,eyesclosed,75,1
F3,0.27928715797911063,0.1867801611896476,False,sub-14,NS,eyesclosed,75,1
F5,0.2396499193223998,0.13565360663414483,False,sub-14,NS,eyesclosed,75,1
F7,0.2891041271769167,0.17337851207874597,False,sub-14,NS,eyesclosed,75,1
FC1,0.28290534047986293,0.16121837404585862,False,sub-14,NS,eyesclosed,75,1
FC3,0.2671628565552109,0.1700702925452671,False,sub-14,NS,eyesclosed,75,1
FC5,0.2737389864183691,0.14284561819658423,False,sub-14,NS,eyesclosed,75,1
FT7,0.2525394037156506,0.16373297835825493,False,sub-14,NS,eyesclosed,75,1
Cz,0.2557337686773933,0.13072095468282469,False,sub-14,NS,eyesclosed,75,1
C1,0.2680786345082981,0.18200420157399735,False,sub-14,NS,eyesclosed,75,1
C3,0.2624437089667834,0.1901019207252912,False,sub-14,NS,eyesclosed,75,1
C5,0.2603447417108771,0.16490011225796344,False,sub-14,NS,eyesclosed,75,1
T7,0.21564248341410963,0.11538928052762353,False,sub-14,NS,eyesclosed,75,1
CP1,0.27019671465628264,0.156452456665287,False,sub-14,NS,eyesclosed,75,1
CP3,0.25586622892985544,0.1546525158999527,False,sub-14,NS,eyesclosed,75,1
CP5,0.27826274994158207,0.1552055147590795,False,sub-14,NS,eyesclosed,75,1
TP7,0.27274219395033134,0.15219518526040457,False,sub-14,NS,eyesclosed,75,1
TP9,0.2788396245806405,0.15195524558712203,False,sub-14,NS,eyesclosed,75,1
Pz,0.2760558208188831,0.1521203176629287,False,sub-14,NS,eyesclosed,75,1
P1,0.26348999434358417,0.18135354371108697,False,sub-14,NS,eyesclosed,75,1
P3,0.29260113510996083,0.18569866267538918,False,sub-14,NS,eyesclosed,75,1
P5,0.25459559459316117,0.12882512379017438,False,sub-14,NS,eyesclosed,75,1
P7,0.2731203649468144,0.14737689816003616,False,sub-14,NS,eyesclosed,75,1
PO3,0.2610285655068754,0.16571093722983812,False,sub-14,NS,eyesclosed,75,1
PO7,0.2665301630297609,0.16248542162118426,False,sub-14,NS,eyesclosed,75,1
Oz,0.23974308495078275,0.15544117537193727,False,sub-14,NS,eyesclosed,75,1
O1,0.2540668170808336,0.16189238414897775,True,sub-14,NS,eyesclosed,75,1
Fpz,0.2779020443974751,0.1482794282011123,False,sub-14,NS,eyesclosed,75,1
Fp2,0.2806699570374049,0.18496594066843974,False,sub-14,NS,eyesclosed,75,1
AF4,0.26363565137398365,0.1753476650634901,False,sub-14,NS,eyesclosed,75,1
AF8,0.26418850378105635,0.1639186077928828,False,sub-14,NS,eyesclosed,75,1
F2,0.27619815893723026,0.15400398240324362,False,sub-14,NS,eyesclosed,75,1
F4,0.2458094715362283,0.19734659209010996,False,sub-14,NS,eyesclosed,75,1
F6,0.2630558717616036,0.15929943793620255,False,sub-14,NS,eyesclosed,75,1
F8,0.2844448861240136,0.17404347815611276,False,sub-14,NS,eyesclosed,75,1
FC2,0.2790512928425604,0.1602859265427265,False,sub-14,NS,eyesclosed,75,1
FC4,0.2621793524878399,0.1704258520164038,False,sub-14,NS,eyesclosed,75,1
FC6,0.2779407349231011,0.15296255709451306,False,sub-14,NS,eyesclosed,75,1
FT8,0.26072331142599725,0.16048210538280572,False,sub-14,NS,eyesclosed,75,1
C2,0.26437756672584195,0.17715339002470917,False,sub-14,NS,eyesclosed,75,1
C4,0.2899471681862595,0.18236997346093925,False,sub-14,NS,eyesclosed,75,1
C6,0.25411820027950627,0.16676851192974804,False,sub-14,NS,eyesclosed,75,1
T8,0.22860875030532532,0.10437276155994488,False,sub-14,NS,eyesclosed,75,1
CPz,0.27249104656458345,0.15395754461278569,False,sub-14,NS,eyesclosed,75,1
CP2,0.2766647547927755,0.14304447820906838,False,sub-14,NS,eyesclosed,75,1
CP4,0.24856053093816868,0.16278165342881237,False,sub-14,NS,eyesclosed,75,1
CP6,0.278478770066866,0.15426748978063745,False,sub-14,NS,eyesclosed,75,1
TP8,0.2739898842151585,0.15935395099983993,False,sub-14,NS,eyesclosed,75,1
TP10,0.28059036311764984,0.1524914237400686,False,sub-14,NS,eyesclosed,75,1
P2,0.25769652809134397,0.1721585999677274,False,sub-14,NS,eyesclosed,75,1
P4,0.2870840265767886,0.18318815892438126,False,sub-14,NS,eyesclosed,75,1
P6,0.26238650091371507,0.14583804447804874,False,sub-14,NS,eyesclosed,75,1
P8,0.28340254806210663,0.16377949860224814,False,sub-14,NS,eyesclosed,75,1
POz,0.2573280367049253,0.15939058772347076,False,sub-14,NS,eyesclosed,75,1
PO4,0.2650144475853659,0.16660510826484906,False,sub-14,NS,eyesclosed,75,1
PO8,0.26648634734621873,0.1623180923958308,False,sub-14,NS,eyesclosed,75,1
O2,0.2861107952201938,0.16157252725212495,False,sub-14,NS,eyesclosed,75,1
Fp1,0.14656421294977373,0.10636346688890953,False,sub-14,NS,eyesopen,75,0
AF3,0.19327128209670513,0.1233891106495237,False,sub-14,NS,eyesopen,75,0
AF7,0.17009676593977627,0.10508548813069798,False,sub-14,NS,eyesopen,75,0
Fz,0.21216427367260166,0.13128171551577336,False,sub-14,NS,eyesopen,75,0
F1,0.21465452762325418,0.12288182063673977,False,sub-14,NS,eyesopen,75,0
F3,0.21381183831479308,0.12031737943796776,False,sub-14,NS,eyesopen,75,0
F5,0.20494611024207215,0.11807068866760888,False,sub-14,NS,eyesopen,75,0
F7,0.21120513219226406,0.11431049389103437,False,sub-14,NS,eyesopen,75,0
FC1,0.1928077416662464,0.08253168474877687,False,sub-14,NS,eyesopen,75,0
FC3,0.22342389990101136,0.10899300556050805,False,sub-14,NS,eyesopen,75,0
FC5,0.22447149735759594,0.11500061355090639,False,sub-14,NS,eyesopen,75,0
FT7,0.14089298794396146,0.08274651914050128,False,sub-14,NS,eyesopen,75,0
Cz,0.2097413019841476,0.0899687005969192,False,sub-14,NS,eyesopen,75,0
C1,0.21621419170728928,0.08299998154419448,False,sub-14,NS,eyesopen,75,0
C3,0.23153221798665083,0.10506578753041168,False,sub-14,NS,eyesopen,75,0
C5,0.23792215059595728,0.11057072146227576,False,sub-14,NS,eyesopen,75,0
T7,0.21770660074595086,0.1149432880416483,False,sub-14,NS,eyesopen,75,0
CP1,0.22753204309280586,0.0959592963013951,False,sub-14,NS,eyesopen,75,0
CP3,0.23622046013649037,0.10319550643279589,False,sub-14,NS,eyesopen,75,0
CP5,0.24006729876618485,0.10641819102453429,False,sub-14,NS,eyesopen,75,0
TP7,0.23738264079701007,0.10510678444830071,False,sub-14,NS,eyesopen,75,0
TP9,0.2360931977588516,0.10239399537296949,False,sub-14,NS,eyesopen,75,0
Pz,0.23306181146745497,0.10129277748398959,False,sub-14,NS,eyesopen,75,0
P1,0.23338679585929573,0.10046597983589117,False,sub-14,NS,eyesopen,75,0
P3,0.23106801496084461,0.09745006889118937,False,sub-14,NS,eyesopen,75,0
P5,0.2305177025599439,0.09342342005757781,False,sub-14,NS,eyesopen,75,0
P7,0.23552758996503287,0.0964006543919098,False,sub-14,NS,eyesopen,75,0
PO3,0.22828276933243122,0.0954765807484996,False,sub-14,NS,eyesopen,75,0
PO7,0.2259208725200277,0.09124188897923337,False,sub-14,NS,eyesopen,75,0
Oz,0.21176620742313265,0.08999261840991409,False,sub-14,NS,eyesopen,75,0
O1,0.21663332284043482,0.09229113936362707,False,sub-14,NS,eyesopen,75,0
Fpz,0.15159180964955504,0.11227031572747796,False,sub-14,NS,eyesopen,75,0
Fp2,0.13301000219704281,0.10682910721141005,False,sub-14,NS,eyesopen,75,0
AF4,0.18182828334948598,0.13311771759956012,False,sub-14,NS,eyesopen,75,0
AF8,0.14104713550415,0.11448160129098899,False,sub-14,NS,eyesopen,75,0
F2,0.2143749577702351,0.12788918269539998,False,sub-14,NS,eyesopen,75,0
F4,0.19918231790928537,0.13072694402274312,False,sub-14,NS,eyesopen,75,0
F6,0.18660288364149552,0.12397416531692086,False,sub-14,NS,eyesopen,75,0
F8,0.18731160857012075,0.12072186186662483,False,sub-14,NS,eyesopen,75,0
FC2,0.21696612440153382,0.12430233313336489,False,sub-14,NS,eyesopen,75,0
FC4,0.2003781669767145,0.12223559872048875,False,sub-14,NS,eyesopen,75,0
FC6,0.21569218355558467,0.12386177832559382,False,sub-14,NS,eyesopen,75,0
FT8,0.21453164931870375,0.11779860133134386,False,sub-14,NS,eyesopen,75,0
C2,0.22131905434928067,0.10789047175286753,False,sub-14,NS,eyesopen,75,0
C4,0.23914461188935188,0.12704440240740966,False,sub-14,NS,eyesopen,75,0
C6,0.2296548912791831,0.1224303035287797,False,sub-14,NS,eyesopen,75,0
T8,0.22171821064649597,0.1187520996504665,False,sub-14,NS,eyesopen,75,0
CPz,0.22692460124634106,0.09379514813569788,False,sub-14,NS,eyesopen,75,0
CP2,0.23451900929688374,0.10396027111164241,False,sub-14,NS,eyesopen,75,0
CP4,0.23798747341859533,0.11429590916036564,False,sub-14,NS,eyesopen,75,0
CP6,0.24527327547192102,0.11180236936667176,False,sub-14,NS,eyesopen,75,0
TP8,0.24171099503143081,0.1086633345976598,False,sub-14,NS,eyesopen,75,0
TP10,0.24223693404473096,0.10063090718202139,False,sub-14,NS,eyesopen,75,0
P2,0.23250699598298719,0.10142049740128463,False,sub-14,NS,eyesopen,75,0
P4,0.238716768772232,0.10455252527695227,False,sub-14,NS,eyesopen,75,0
P6,0.246767734903573,0.1016525203759622,False,sub-14,NS,eyesopen,75,0
P8,0.24659799312218572,0.10084585955497127,False,sub-14,NS,eyesopen,75,0
POz,0.23058468868013923,0.09941947894070954,False,sub-14,NS,eyesopen,75,0
PO4,0.22938893848982223,0.10061368396947941,False,sub-14,NS,eyesopen,75,0
PO8,0.23529975264164543,0.09286477783438789,False,sub-14,NS,eyesopen,75,0
O2,0.21023571467326152,0.08713277623782534,False,sub-14,NS,eyesopen,75,0
Fp1,0.18195358656755356,0.10012654634377392,False,sub-15,SD,eyesclosed,75,0
AF3,0.19509929033657264,0.09637550419179261,False,sub-15,SD,eyesclosed,75,0
AF7,0.1846339945806221,0.09507611348341463,False,sub-15,SD,eyesclosed,75,0
Fz,0.18697691977506298,0.09951559112173193,False,sub-15,SD,eyesclosed,75,0
F1,0.1967329291293961,0.09733007331397706,False,sub-15,SD,eyesclosed,75,0
F3,0.18837347432013543,0.09753178473745967,False,sub-15,SD,eyesclosed,75,0
F5,0.19131395588782008,0.09491578177315452,False,sub-15,SD,eyesclosed,75,0
F7,0.20052182922448342,0.09434491085897519,False,sub-15,SD,eyesclosed,75,0
FC1,0.1781981602418061,0.06922294594003028,False,sub-15,SD,eyesclosed,75,0
FC3,0.16503911999900858,0.08357211775503633,False,sub-15,SD,eyesclosed,75,0
FC5,0.19853568674657726,0.09530206393379805,False,sub-15,SD,eyesclosed,75,0
FT7,0.21092558169766443,0.10031536304625503,False,sub-15,SD,eyesclosed,75,0
Cz,0.1822375620216724,0.08853642186949932,False,sub-15,SD,eyesclosed,75,0
C1,0.16451785116854603,0.08304768928879623,False,sub-15,SD,eyesclosed,75,0
C3,0.17888563781687458,0.09690136383596419,False,sub-15,SD,eyesclosed,75,0
C5,0.21048516992665972,0.10720844408800959,False,sub-15,SD,eyesclosed,75,0
T7,0.22347056151313496,0.10636958252410021,False,sub-15,SD,eyesclosed,75,0
CP1,0.19380544386981566,0.10065071453370823,False,sub-15,SD,eyesclosed,75,0
CP3,0.20286380633124695,0.10686675134224034,False,sub-15,SD,eyesclosed,75,0
CP5,0.21724137845464464,0.11329106841457147,False,sub-15,SD,eyesclosed,75,0
TP7,0.22816320942204973,0.11208101820018393,False,sub-15,SD,eyesclosed,75,0
TP9,0.2241704312850185,0.10826983305062642,False,sub-15,SD,eyesclosed,75,0
Pz,0.21138887716027324,0.09727822836954779,False,sub-15,SD,eyesclosed,75,0
P1,0.20417920732042827,0.09633175824783226,False,sub-15,SD,eyesclosed,75,0
P3,0.21791472464852782,0.10732488717447151,False,sub-15,SD,eyesclosed,75,0
P5,0.221683434659212,0.10897022817688798,False,sub-15,SD,eyesclosed,75,0
P7,0.2044211547894018,0.1062234006493571,False,sub-15,SD,eyesclosed,75,0
PO3,0.22755698431433966,0.10492060214674197,False,sub-15,SD,eyesclosed,75,0
PO7,0.23291572178514164,0.10928187815455957,False,sub-15,SD,eyesclosed,75,0
Oz,0.2329592395889091,0.0979578255136435,False,sub-15,SD,eyesclosed,75,0
O1,0.23452195033889373,0.10543259579061527,False,sub-15,SD,eyesclosed,75,0
Fpz,0.16236406834577535,0.09826217122338352,False,sub-15,SD,eyesclosed,75,0
Fp2,0.1758499389817967,0.09766188378603011,False,sub-15,SD,eyesclosed,75,0
AF4,0.18590627555652092,0.10006216074374778,False,sub-15,SD,eyesclosed,75,0
AF8,0.1705548486233245,0.09266873896686621,False,sub-15,SD,eyesclosed,75,0
F2,0.15966141963669936,0.09439533820512845,False,sub-15,SD,eyesclosed,75,0
F4,0.19469363717982557,0.0925277735719498,False,sub-15,SD,eyesclosed,75,0
F6,0.19667579313004868,0.0961934445579175,False,sub-15,SD,eyesclosed,75,0
F8,0.196370910585865,0.09882174489642002,False,sub-15,SD,eyesclosed,75,0
FC2,0.15992358947567445,0.06731443636664859,False,sub-15,SD,eyesclosed,75,0
FC4,0.21047185197049653,0.09165339046043502,False,sub-15,SD,eyesclosed,75,0
FC6,0.21142032338853173,0.10090240186542127,False,sub-15,SD,eyesclosed,75,0
FT8,0.21842260338527833,0.10472944245098528,False,sub-15,SD,eyesclosed,75,0
C2,0.1788407202233844,0.08367962512554092,False,sub-15,SD,eyesclosed,75,0
C4,0.2129079027182498,0.10109313445505451,False,sub-15,SD,eyesclosed,75,0
C6,0.22812514103316586,0.11155888429762517,False,sub-15,SD,eyesclosed,75,0
T8,0.22924777525505954,0.11025290875838978,False,sub-15,SD,eyesclosed,75,0
CPz,0.20490084496545108,0.09398935060871051,False,sub-15,SD,eyesclosed,75,0
CP2,0.20625653057030965,0.09268614227892316,False,sub-15,SD,eyesclosed,75,0
CP4,0.2197865345423728,0.1038731963715651,False,sub-15,SD,eyesclosed,75,0
CP6,0.2366302849080721,0.10959557545761142,False,sub-15,SD,eyesclosed,75,0
TP8,0.23859702684289075,0.10942816510211846,False,sub-15,SD,eyesclosed,75,0
TP10,0.22782094574193706,0.10743369268064182,False,sub-15,SD,eyesclosed,75,0
P2,0.21632938891286832,0.09851896017772829,False,sub-15,SD,eyesclosed,75,0
P4,0.23071696482855955,0.10371107196553354,False,sub-15,SD,eyesclosed,75,0
P6,0.24160767280795356,0.11049305414445645,False,sub-15,SD,eyesclosed,75,0
P8,0.24837038221628002,0.11043734679001659,False,sub-15,SD,eyesclosed,75,0
POz,0.2308451138151225,0.09903334650556288,False,sub-15,SD,eyesclosed,75,0
PO4,0.2385216961870424,0.10524625199503795,False,sub-15,SD,eyesclosed,75,0
PO8,0.2539046423141385,0.11462579898332416,False,sub-15,SD,eyesclosed,75,0
O2,0.246195239114421,0.10875190898109613,False,sub-15,SD,eyesclosed,75,0
Fp1,0.13946130751444966,0.08678665570135054,False,sub-15,SD,eyesopen,75,0
AF3,0.15584635640527075,0.0902686799093086,False,sub-15,SD,eyesopen,75,0
AF7,0.13980343255493824,0.08443892548292697,False,sub-15,SD,eyesopen,75,0
Fz,0.1603103179981761,0.08373608251253037,False,sub-15,SD,eyesopen,75,0
F1,0.16970546894477645,0.09265230061466286,False,sub-15,SD,eyesopen,75,0
F3,0.16062792646823873,0.07920874108820809,False,sub-15,SD,eyesopen,75,0
F5,0.1635257561147472,0.07802799502146866,False,sub-15,SD,eyesopen,75,0
F7,0.15958276058885146,0.07494386578221933,False,sub-15,SD,eyesopen,75,0
FC1,0.16456694412097125,0.07211481219504186,False,sub-15,SD,eyesopen,75,0
FC3,0.1556007351695199,0.07330989302001273,False,sub-15,SD,eyesopen,75,0
FC5,0.17423964207025336,0.07438331390112411,False,sub-15,SD,eyesopen,75,0
FT7,0.1740879984618067,0.0811092485590338,False,sub-15,SD,eyesopen,75,0
Cz,0.1590902571820826,0.08219558418170365,False,sub-15,SD,eyesopen,75,0
C1,0.1465337797572996,0.0747496958269527,False,sub-15,SD,eyesopen,75,0
C3,0.1579397733078853,0.07515063389108816,False,sub-15,SD,eyesopen,75,0
C5,0.17806074631803298,0.08049143446234203,False,sub-15,SD,eyesopen,75,0
T7,0.1858767313971784,0.08263664272624203,False,sub-15,SD,eyesopen,75,0
CP1,0.1622832191735062,0.09375948089656329,False,sub-15,SD,eyesopen,75,0
CP3,0.17366292962928315,0.09620813242943654,False,sub-15,SD,eyesopen,75,0
CP5,0.17176963259110264,0.09173786820255686,False,sub-15,SD,eyesopen,75,0
TP7,0.18078708565903448,0.08823671726535331,False,sub-15,SD,eyesopen,75,0
TP9,0.18202273404841607,0.08458755717588913,False,sub-15,SD,eyesopen,75,0
Pz,0.1682595716233658,0.09672495081429892,False,sub-15,SD,eyesopen,75,0
P1,0.16275466880704387,0.09908033174150697,False,sub-15,SD,eyesopen,75,0
P3,0.17150167474975275,0.10427085561620911,False,sub-15,SD,eyesopen,75,0
P5,0.16757466593530246,0.09797815884398772,False,sub-15,SD,eyesopen,75,0
P7,0.15072602051078873,0.08341230134955491,False,sub-15,SD,eyesopen,75,0
PO3,0.17196775346812246,0.10498779112558722,False,sub-15,SD,eyesopen,75,0
PO7,0.17158542765071802,0.1052488069283342,False,sub-15,SD,eyesopen,75,0
Oz,0.1736524677666058,0.09895636801317917,False,sub-15,SD,eyesopen,75,0
O1,0.17266919262196126,0.10524104051818962,False,sub-15,SD,eyesopen,75,0
Fpz,0.11564297167110837,0.06388494610240143,False,sub-15,SD,eyesopen,75,0
Fp2,0.12593427118806036,0.0738624049305358,False,sub-15,SD,eyesopen,75,0
AF4,0.13602084546378093,0.07403387344544535,False,sub-15,SD,eyesopen,75,0
AF8,0.10830501157049513,0.060814467446243,False,sub-15,SD,eyesopen,75,0
F2,0.1285959623049864,0.060920422442633716,False,sub-15,SD,eyesopen,75,0
F4,0.15724743843290942,0.07558402052431672,False,sub-15,SD,eyesopen,75,0
F6,0.15356610354800157,0.06558844788559606,False,sub-15,SD,eyesopen,75,0
F8,0.1547468736685431,0.05958043740087196,False,sub-15,SD,eyesopen,75,0
FC2,0.15092374298484193,0.06363690843685635,False,sub-15,SD,eyesopen,75,0
FC4,0.18946638490069048,0.07176130115388572,False,sub-15,SD,eyesopen,75,0
FC6,0.18710057738725763,0.07100629095056381,False,sub-15,SD,eyesopen,75,0
FT8,0.1900275588657033,0.06576008912573086,False,sub-15,SD,eyesopen,75,0
C2,0.1564111101705535,0.07275489457483063,False,sub-15,SD,eyesopen,75,0
C4,0.18552802381352276,0.07889884036116175,False,sub-15,SD,eyesopen,75,0
C6,0.20198888014656247,0.07807095874896432,False,sub-15,SD,eyesopen,75,0
T8,0.19501693953923546,0.07456325143514801,False,sub-15,SD,eyesopen,75,0
CPz,0.1790870150933089,0.0984555801548303,False,sub-15,SD,eyesopen,75,0
CP2,0.17784662874149648,0.08806724717617177,False,sub-15,SD,eyesopen,75,0
CP4,0.178467805083628,0.08606167171034143,False,sub-15,SD,eyesopen,75,0
CP6,0.19279480010058067,0.08739054103700884,False,sub-15,SD,eyesopen,75,0
TP8,0.1938018108371947,0.08342974428535525,False,sub-15,SD,eyesopen,75,0
TP10,0.18417518304973546,0.07860006354580014,False,sub-15,SD,eyesopen,75,0
P2,0.17273376963475215,0.09358855995634859,False,sub-15,SD,eyesopen,75,0
P4,0.17613697539665257,0.09043743162416593,False,sub-15,SD,eyesopen,75,0
P6,0.17849443412893506,0.09220667904420292,False,sub-15,SD,eyesopen,75,0
P8,0.18478595872407014,0.09451513132288539,False,sub-15,SD,eyesopen,75,0
POz,0.17289074210597974,0.0988068367397579,False,sub-15,SD,eyesopen,75,0
PO4,0.1745244339744728,0.09488732724291568,False,sub-15,SD,eyesopen,75,0
PO8,0.1694038971629151,0.09379652044294688,False,sub-15,SD,eyesopen,75,0
O2,0.1607851629211437,0.08943767292956312,False,sub-15,SD,eyesopen,75,0
Fp1,0.19824599298858633,0.09776830183430352,False,sub-15,NS,eyesclosed,75,1
AF3,0.2229186239736174,0.10448747500573656,False,sub-15,NS,eyesclosed,75,1
AF7,0.20597378430303076,0.09944264910307725,False,sub-15,NS,eyesclosed,75,1
Fz,0.24212808492756077,0.10766697273452966,False,sub-15,NS,eyesclosed,75,1
F1,0.22786254757766414,0.10458969097747317,False,sub-15,NS,eyesclosed,75,1
F3,0.22061063102242026,0.09382874455737052,False,sub-15,NS,eyesclosed,75,1
F5,0.22166398610967591,0.09605061584887707,False,sub-15,NS,eyesclosed,75,1
F7,0.23893319700543794,0.10247584606330709,False,sub-15,NS,eyesclosed,75,1
FC1,0.2245730427955002,0.09904766708661515,True,sub-15,NS,eyesclosed,75,1
FC3,0.22231403977049596,0.09229049487814583,False,sub-15,NS,eyesclosed,75,1
FC5,0.2294915069937362,0.09751833580879829,False,sub-15,NS,eyesclosed,75,1
FT7,0.23972527583775213,0.10345492086745034,False,sub-15,NS,eyesclosed,75,1
Cz,0.23728235168223644,0.11216309565481124,False,sub-15,NS,eyesclosed,75,1
C1,0.2256113547314755,0.11424307325740737,False,sub-15,NS,eyesclosed,75,1
C3,0.232224816678204,0.11548207241991947,False,sub-15,NS,eyesclosed,75,1
C5,0.24427527101554616,0.11174207554959538,False,sub-15,NS,eyesclosed,75,1
T7,0.25877472333798474,0.11054226397563642,False,sub-15,NS,eyesclosed,75,1
CP1,0.24573170768177144,0.1296034459423885,False,sub-15,NS,eyesclosed,75,1
CP3,0.247511513092104,0.12800097216461986,False,sub-15,NS,eyesclosed,75,1
CP5,0.260330132515389,0.12592165390833787,False,sub-15,NS,eyesclosed,75,1
TP7,0.2676137736123946,0.11686466514468324,False,sub-15,NS,eyesclosed,75,1
TP9,0.264970893982653,0.1117263307639732,False,sub-15,NS,eyesclosed,75,1
Pz,0.25341927380542695,0.1293910584172378,False,sub-15,NS,eyesclosed,75,1
P1,0.25161517031233543,0.1318238918296637,False,sub-15,NS,eyesclosed,75,1
P3,0.2567929019395357,0.1353397315828103,False,sub-15,NS,eyesclosed,75,1
P5,0.2593280002021329,0.13185246944288534,False,sub-15,NS,eyesclosed,75,1
P7,0.2639978121483686,0.12527005351701523,False,sub-15,NS,eyesclosed,75,1
PO3,0.2628239572119801,0.141313325498403,False,sub-15,NS,eyesclosed,75,1
PO7,0.2633108356056127,0.1328840070626075,False,sub-15,NS,eyesclosed,75,1
Oz,0.25542398718998116,0.12624299185406354,False,sub-15,NS,eyesclosed,75,1
O1,0.2640877875735348,0.13633438773067,False,sub-15,NS,eyesclosed,75,1
Fpz,0.19928098968921432,0.09567004060254304,False,sub-15,NS,eyesclosed,75,1
Fp2,0.2017192067825818,0.09587041123766492,False,sub-15,NS,eyesclosed,75,1
AF4,0.4025411238900917,0.11288313475625625,False,sub-15,NS,eyesclosed,75,1
AF8,0.2083281153983494,0.09382587988256134,False,sub-15,NS,eyesclosed,75,1
F2,0.23301508720706862,0.11090234576531492,False,sub-15,NS,eyesclosed,75,1
F4,0.3654862956385226,0.10927585058210279,False,sub-15,NS,eyesclosed,75,1
F6,0.2317134188337212,0.09899194726201146,False,sub-15,NS,eyesclosed,75,1
F8,0.23709045867651596,0.09757832014332685,False,sub-15,NS,eyesclosed,75,1
FC2,0.24035430338664582,0.10636870641776135,False,sub-15,NS,eyesclosed,75,1
FC4,0.25030456234810233,0.10580023512064382,False,sub-15,NS,eyesclosed,75,1
FC6,0.2527520424531652,0.10426454970965711,False,sub-15,NS,eyesclosed,75,1
FT8,0.2530361882102188,0.10426048765994422,False,sub-15,NS,eyesclosed,75,1
C2,0.24811437044070975,0.123257083974616,False,sub-15,NS,eyesclosed,75,1
C4,0.25984888681742047,0.12238002071462813,False,sub-15,NS,eyesclosed,75,1
C6,0.2660171674004906,0.11793278985512422,False,sub-15,NS,eyesclosed,75,1
T8,0.26081873071629197,0.11340939605031992,False,sub-15,NS,eyesclosed,75,1
CPz,0.251910308305333,0.12801641996306354,False,sub-15,NS,eyesclosed,75,1
CP2,0.2533293508067753,0.1286721395455173,False,sub-15,NS,eyesclosed,75,1
CP4,0.2604701852287015,0.13022615095610227,False,sub-15,NS,eyesclosed,75,1
CP6,0.26668133805270455,0.13019151436382753,False,sub-15,NS,eyesclosed,75,1
TP8,0.264731630015376,0.12346484564203718,False,sub-15,NS,eyesclosed,75,1
TP10,0.25620859619570996,0.11167325278189917,False,sub-15,NS,eyesclosed,75,1
P2,0.2570344338731223,0.13361433661020836,False,sub-15,NS,eyesclosed,75,1
P4,0.261410159689484,0.13678599861242552,False,sub-15,NS,eyesclosed,75,1
P6,0.2611267965999559,0.13540132416633827,False,sub-15,NS,eyesclosed,75,1
P8,0.26210588849390076,0.13017631433610893,False,sub-15,NS,eyesclosed,75,1
POz,0.26112090269957133,0.13600352448246958,False,sub-15,NS,eyesclosed,75,1
PO4,0.2597968234629916,0.13852478778349234,False,sub-15,NS,eyesclosed,75,1
PO8,0.2578665477322855,0.1324705591197326,False,sub-15,NS,eyesclosed,75,1
O2,0.23988660610403897,0.12012096858534672,False,sub-15,NS,eyesclosed,75,1
Fp1,0.13690673705032672,0.12825205497325523,False,sub-15,NS,eyesopen,75,0
AF3,0.16137513737449574,0.13062462859669785,False,sub-15,NS,eyesopen,75,0
AF7,0.12407741510846483,0.11016225076230568,False,sub-15,NS,eyesopen,75,0
Fz,0.1737579151002859,0.12061312430718586,False,sub-15,NS,eyesopen,75,0
F1,0.16456562418220333,0.10708801438387966,False,sub-15,NS,eyesopen,75,0
F3,0.17795710244886237,0.11393661124255172,False,sub-15,NS,eyesopen,75,0
F5,0.1773124524716719,0.10936236294238992,False,sub-15,NS,eyesopen,75,0
F7,0.175594251014332,0.10496988044792288,False,sub-15,NS,eyesopen,75,0
FC1,0.18916810376849147,0.09199666217807667,False,sub-15,NS,eyesopen,75,0
FC3,0.20435008321669776,0.10192113279468565,False,sub-15,NS,eyesopen,75,0
FC5,0.21289075440528427,0.10740603488316681,False,sub-15,NS,eyesopen,75,0
FT7,0.21645865340990578,0.11056219747791413,False,sub-15,NS,eyesopen,75,0
Cz,0.18752045453788782,0.12632982402007667,False,sub-15,NS,eyesopen,75,0
C1,0.18105713052266825,0.12243388588097029,False,sub-15,NS,eyesopen,75,0
C3,0.19937124839976442,0.12331858120008447,False,sub-15,NS,eyesopen,75,0
C5,0.21272585435183744,0.12423582858508532,False,sub-15,NS,eyesopen,75,0
T7,0.2124765470079952,0.1229574223996767,False,sub-15,NS,eyesopen,75,0
CP1,0.19932489426531116,0.14506525736694453,False,sub-15,NS,eyesopen,75,0
CP3,0.20321771609212677,0.13900538218353622,False,sub-15,NS,eyesopen,75,0
CP5,0.21133345796505473,0.1361848594866635,False,sub-15,NS,eyesopen,75,0
TP7,0.20890064411566764,0.13108620495377585,False,sub-15,NS,eyesopen,75,0
TP9,0.1918108575113944,0.12176386182238537,False,sub-15,NS,eyesopen,75,0
Pz,0.20430136267088403,0.15061079338411734,False,sub-15,NS,eyesopen,75,0
P1,0.20181811623658633,0.14844836888080143,False,sub-15,NS,eyesopen,75,0
P3,0.19928410718279296,0.1421805998001949,False,sub-15,NS,eyesopen,75,0
P5,0.19889065772136216,0.1344241159599488,False,sub-15,NS,eyesopen,75,0
P7,0.20014690346272804,0.12852088017899213,False,sub-15,NS,eyesopen,75,0
PO3,0.1922198450247257,0.14022607305334062,False,sub-15,NS,eyesopen,75,0
PO7,0.19184821433801916,0.12870554408839546,False,sub-15,NS,eyesopen,75,0
Oz,0.18784339086298193,0.13339724720933524,False,sub-15,NS,eyesopen,75,0
O1,0.18734520900374768,0.13199320527085848,False,sub-15,NS,eyesopen,75,0
Fpz,0.14093408236023916,0.12959278527738807,False,sub-15,NS,eyesopen,75,0
Fp2,0.13261741705474694,0.12428604977830505,False,sub-15,NS,eyesopen,75,0
AF4,0.1607021124396412,0.13506175913016233,False,sub-15,NS,eyesopen,75,0
AF8,0.1383603464486136,0.12194004980545785,False,sub-15,NS,eyesopen,75,0
F2,0.18757215974674954,0.12948290638634594,False,sub-15,NS,eyesopen,75,0
F4,0.1866574639605778,0.13401039715703367,False,sub-15,NS,eyesopen,75,0
F6,0.18177111814271546,0.1304017827078385,False,sub-15,NS,eyesopen,75,0
F8,0.17876420768630594,0.11949184087579451,False,sub-15,NS,eyesopen,75,0
FC2,0.18772263597043753,0.11579635157468948,False,sub-15,NS,eyesopen,75,0
FC4,0.23055616487681188,0.12503059909592049,False,sub-15,NS,eyesopen,75,0
FC6,0.22953973244965317,0.12071948265030671,False,sub-15,NS,eyesopen,75,0
FT8,0.22322830303414828,0.11341997047730276,False,sub-15,NS,eyesopen,75,0
C2,0.2019753623277034,0.13667368896119098,False,sub-15,NS,eyesopen,75,0
C4,0.22741660187548451,0.13835705345006005,False,sub-15,NS,eyesopen,75,0
C6,0.23373637746849885,0.1259014373691075,False,sub-15,NS,eyesopen,75,0
T8,0.21801774976668625,0.12595857865009358,False,sub-15,NS,eyesopen,75,0
CPz,0.20453265491541578,0.14786523114753214,False,sub-15,NS,eyesopen,75,0
CP2,0.20495908958737782,0.1505845617729187,False,sub-15,NS,eyesopen,75,0
CP4,0.2155879620654028,0.15057417519111357,False,sub-15,NS,eyesopen,75,0
CP6,0.22297596675390366,0.14305563618111516,False,sub-15,NS,eyesopen,75,0
TP8,0.21931096873884012,0.13163902541210248,False,sub-15,NS,eyesopen,75,0
TP10,0.19920598144214202,0.12300431231971283,False,sub-15,NS,eyesopen,75,0
P2,0.20225012987584942,0.15101450303824474,False,sub-15,NS,eyesopen,75,0
P4,0.2048192616553976,0.15040877860909457,False,sub-15,NS,eyesopen,75,0
P6,0.2100742736928441,0.14521964599449214,False,sub-15,NS,eyesopen,75,0
P8,0.21204160879279418,0.136163053861577,False,sub-15,NS,eyesopen,75,0
POz,0.1953891622021188,0.1468851908279276,False,sub-15,NS,eyesopen,75,0
PO4,0.19714383526893012,0.14714649983871964,False,sub-15,NS,eyesopen,75,0
PO8,0.20018652138662152,0.1396706728764382,False,sub-15,NS,eyesopen,75,0
O2,0.17951188974718307,0.12519102518453018,False,sub-15,NS,eyesopen,75,0
Fp1,0.1567442870811978,0.08392537016284332,False,sub-16,SD,eyesclosed,75,0
AF3,0.2241754639802832,0.08269525329801142,False,sub-16,SD,eyesclosed,75,0
AF7,0.17171964317954952,0.0837782951039415,False,sub-16,SD,eyesclosed,75,0
Fz,0.29223717693043855,0.10186430073971535,False,sub-16,SD,eyesclosed,75,0
F1,0.2602030250736554,0.08353393366611625,False,sub-16,SD,eyesclosed,75,0
F3,0.2294795732088168,0.06589921611105841,False,sub-16,SD,eyesclosed,75,0
F5,0.2066950886542554,0.0767571379150383,False,sub-16,SD,eyesclosed,75,0
F7,0.1842028582095183,0.07943491258259783,False,sub-16,SD,eyesclosed,75,0
FC1,0.18271845833159753,0.04882291792341578,False,sub-16,SD,eyesclosed,75,0
FC3,0.2206804411269429,0.06610863842929281,False,sub-16,SD,eyesclosed,75,0
FC5,0.21190617443269352,0.07505051943246836,False,sub-16,SD,eyesclosed,75,0
FT7,0.1851513306816858,0.06974454279663578,False,sub-16,SD,eyesclosed,75,0
Cz,0.22143457390185448,0.07854252606358908,False,sub-16,SD,eyesclosed,75,0
C1,0.20687823120679316,0.0658852690590642,False,sub-16,SD,eyesclosed,75,0
C3,0.20797677525905714,0.06790894899117056,False,sub-16,SD,eyesclosed,75,0
C5,0.20529472435617518,0.0718865174049263,False,sub-16,SD,eyesclosed,75,0
T7,0.14865881309879586,0.05346836697333835,False,sub-16,SD,eyesclosed,75,0
CP1,0.19090750803563716,0.0688363070319534,False,sub-16,SD,eyesclosed,75,0
CP3,0.19324142205257452,0.06641143018611452,False,sub-16,SD,eyesclosed,75,0
CP5,0.2067916280538168,0.0702322681921915,False,sub-16,SD,eyesclosed,75,0
TP7,0.20001197008073623,0.06972805812921791,False,sub-16,SD,eyesclosed,75,0
TP9,0.20657156948893576,0.07926789176098196,False,sub-16,SD,eyesclosed,75,0
Pz,0.15047174696599372,0.06233256346715467,False,sub-16,SD,eyesclosed,75,0
P1,0.15109401907932138,0.0586933644833983,False,sub-16,SD,eyesclosed,75,0
P3,0.14915016439628245,0.06037433079805005,False,sub-16,SD,eyesclosed,75,0
P5,0.17735760067533868,0.06824959988083298,False,sub-16,SD,eyesclosed,75,0
P7,0.20069457965554885,0.07410780078157844,False,sub-16,SD,eyesclosed,75,0
PO3,0.1296183387065231,0.05871128112441009,False,sub-16,SD,eyesclosed,75,0
PO7,0.17125018111532492,0.07004021028624058,False,sub-16,SD,eyesclosed,75,0
Oz,0.14211399821821558,0.06103468409998944,False,sub-16,SD,eyesclosed,75,0
O1,0.14793750765924393,0.06046864005538205,False,sub-16,SD,eyesclosed,75,0
Fpz,0.19213210783869702,0.1006422584896864,False,sub-16,SD,eyesclosed,75,0
Fp2,0.16150820452893497,0.088190229100032,False,sub-16,SD,eyesclosed,75,0
AF4,0.20291538813434107,0.08838819648754694,False,sub-16,SD,eyesclosed,75,0
AF8,0.16787410868515482,0.08381719757369846,False,sub-16,SD,eyesclosed,75,0
F2,0.23947660386119873,0.07915397753290047,False,sub-16,SD,eyesclosed,75,0
F4,0.22637896383353018,0.08062930416503766,False,sub-16,SD,eyesclosed,75,0
F6,0.21040788310487157,0.08105222166395863,False,sub-16,SD,eyesclosed,75,0
F8,0.197737403998967,0.07911163194303328,False,sub-16,SD,eyesclosed,75,0
FC2,0.17848401620837967,0.0695634512035032,False,sub-16,SD,eyesclosed,75,0
FC4,0.20381257439672396,0.06643036628743933,False,sub-16,SD,eyesclosed,75,0
FC6,0.17355370155944494,0.05973328783698238,False,sub-16,SD,eyesclosed,75,0
FT8,0.15689073451132118,0.05701851450576882,False,sub-16,SD,eyesclosed,75,0
C2,0.20537412695090448,0.06964490642383743,False,sub-16,SD,eyesclosed,75,0
C4,0.2057692998978866,0.06662444576957732,False,sub-16,SD,eyesclosed,75,0
C6,0.22378870429734107,0.07969851290848019,False,sub-16,SD,eyesclosed,75,0
T8,0.17464138951057406,0.06351289047717802,False,sub-16,SD,eyesclosed,75,0
CPz,0.19192304270923272,0.06887343612860787,False,sub-16,SD,eyesclosed,75,0
CP2,0.19061023196437035,0.07032707546738569,False,sub-16,SD,eyesclosed,75,0
CP4,0.19033960974396674,0.07006254606347655,False,sub-16,SD,eyesclosed,75,0
CP6,0.19208635193685353,0.0771977826453922,False,sub-16,SD,eyesclosed,75,0
TP8,0.2075197355507296,0.07954589496510427,False,sub-16,SD,eyesclosed,75,0
TP10,0.2105914377815222,0.08097959953367491,False,sub-16,SD,eyesclosed,75,0
P2,0.15783479112526477,0.06418030209155462,False,sub-16,SD,eyesclosed,75,0
P4,0.1454050555204266,0.06617692488459817,False,sub-16,SD,eyesclosed,75,0
P6,0.14345219383930796,0.06817103016120336,False,sub-16,SD,eyesclosed,75,0
P8,0.17525029069874337,0.07517388532717126,False,sub-16,SD,eyesclosed,75,0
POz,0.12697895698222098,0.06399809770609448,False,sub-16,SD,eyesclosed,75,0
PO4,0.12958841114162215,0.06695515330185244,False,sub-16,SD,eyesclosed,75,0
PO8,0.157689217725048,0.07381117315018404,False,sub-16,SD,eyesclosed,75,0
O2,0.1569170244578214,0.07213575782612365,False,sub-16,SD,eyesclosed,75,0
Fp1,0.12853146357072798,0.04814407963147483,False,sub-16,SD,eyesopen,75,0
AF3,0.16305274705030295,0.057255889882644496,False,sub-16,SD,eyesopen,75,0
AF7,0.10431376142076951,0.03997510716980973,False,sub-16,SD,eyesopen,75,0
Fz,0.21074053024170725,0.0871716184306162,False,sub-16,SD,eyesopen,75,0
F1,0.19509715769361716,0.07693881999620823,False,sub-16,SD,eyesopen,75,0
F3,0.1831828494746415,0.06353217610173473,False,sub-16,SD,eyesopen,75,0
F5,0.1701795445589911,0.06117266755248006,False,sub-16,SD,eyesopen,75,0
F7,0.16283104165727813,0.06665626032701472,False,sub-16,SD,eyesopen,75,0
FC1,0.13720298321627625,0.05191048788136422,False,sub-16,SD,eyesopen,75,0
FC3,0.15322135576327245,0.06160755398383311,False,sub-16,SD,eyesopen,75,0
FC5,0.18892108631952562,0.07436901055507927,False,sub-16,SD,eyesopen,75,0
FT7,0.19046270144982597,0.08669238434238398,False,sub-16,SD,eyesopen,75,0
Cz,0.17905501840565036,0.07037223678250064,False,sub-16,SD,eyesopen,75,0
C1,0.12285964325201607,0.056026263946687485,False,sub-16,SD,eyesopen,75,0
C3,0.11306446128182882,0.058660610024850866,False,sub-16,SD,eyesopen,75,0
C5,0.1631989549569007,0.0705356952532994,False,sub-16,SD,eyesopen,75,0
T7,0.173217594802566,0.07240206322157129,False,sub-16,SD,eyesopen,75,0
CP1,0.1476649757991775,0.05950090016251908,False,sub-16,SD,eyesopen,75,0
CP3,0.1434010922326776,0.06224595821434021,False,sub-16,SD,eyesopen,75,0
CP5,0.1744662664933617,0.07226797111554052,False,sub-16,SD,eyesopen,75,0
TP7,0.18478064694047294,0.07691052266593203,False,sub-16,SD,eyesopen,75,0
TP9,0.19975584410490488,0.07896499104929748,False,sub-16,SD,eyesopen,75,0
Pz,0.17215351918180635,0.06654879533801765,False,sub-16,SD,eyesopen,75,0
P1,0.16266645467430235,0.0626612060823649,False,sub-16,SD,eyesopen,75,0
P3,0.16899158769325748,0.0628397096870147,False,sub-16,SD,eyesopen,75,0
P5,0.1852483094601372,0.06876191466763432,False,sub-16,SD,eyesopen,75,0
P7,0.19771858221365135,0.07615707027321061,False,sub-16,SD,eyesopen,75,0
PO3,0.18016163685234157,0.06802278965112661,False,sub-16,SD,eyesopen,75,0
PO7,0.19146377077140941,0.07349518038596962,False,sub-16,SD,eyesopen,75,0
Oz,0.16451828098366045,0.05818777040832068,False,sub-16,SD,eyesopen,75,0
O1,0.15339878353056433,0.05385864974021812,False,sub-16,SD,eyesopen,75,0
Fpz,0.13316352344468074,0.0459742144285799,False,sub-16,SD,eyesopen,75,0
Fp2,0.09324166435748761,0.03585290277491051,False,sub-16,SD,eyesopen,75,0
AF4,0.10849614639338515,0.032948414851599044,False,sub-16,SD,eyesopen,75,0
AF8,0.15629097924364682,0.06797500874828889,False,sub-16,SD,eyesopen,75,0
F2,0.19279815800996514,0.06730278641058639,False,sub-16,SD,eyesopen,75,0
F4,0.19546826732602443,0.07363109357457624,False,sub-16,SD,eyesopen,75,0
F6,0.20669492962777505,0.08474296588251211,False,sub-16,SD,eyesopen,75,0
F8,0.118597798041981,0.04594635561964852,False,sub-16,SD,eyesopen,75,0
FC2,0.1274923934909259,0.05328302290502378,False,sub-16,SD,eyesopen,75,0
FC4,0.16737320190719548,0.06302333077983818,False,sub-16,SD,eyesopen,75,0
FC6,0.19334471641267834,0.07137259550700145,False,sub-16,SD,eyesopen,75,0
FT8,0.1765022575024218,0.06920572133886357,False,sub-16,SD,eyesopen,75,0
C2,0.15762633068238918,0.0631369498512457,False,sub-16,SD,eyesopen,75,0
C4,0.17817507921985487,0.06588824478439165,False,sub-16,SD,eyesopen,75,0
C6,0.22731822429435322,0.07905464141437267,False,sub-16,SD,eyesopen,75,0
T8,0.19029564546357516,0.07046623481857726,False,sub-16,SD,eyesopen,75,0
CPz,0.16832339170503516,0.06135020470666095,False,sub-16,SD,eyesopen,75,0
CP2,0.18282675565995066,0.06332028208321205,False,sub-16,SD,eyesopen,75,0
CP4,0.196623028097145,0.06687486042947097,False,sub-16,SD,eyesopen,75,0
CP6,0.2182835892024518,0.0739558696186796,False,sub-16,SD,eyesopen,75,0
TP8,0.22339267759994783,0.07499432018683408,False,sub-16,SD,eyesopen,75,0
TP10,0.22834452296075583,0.08227853797477004,False,sub-16,SD,eyesopen,75,0
P2,0.17908734006841842,0.06162750530380829,False,sub-16,SD,eyesopen,75,0
P4,0.19047732217011343,0.0623240281925288,False,sub-16,SD,eyesopen,75,0
P6,0.20461589841874595,0.06783129844414358,False,sub-16,SD,eyesopen,75,0
P8,0.21031526743829237,0.07076718397897581,False,sub-16,SD,eyesopen,75,0
POz,0.17994248990839778,0.06996779612193149,False,sub-16,SD,eyesopen,75,0
PO4,0.19506947965808155,0.07305027789869571,False,sub-16,SD,eyesopen,75,0
PO8,0.20845069558159268,0.07453038473584944,False,sub-16,SD,eyesopen,75,0
O2,0.19949781307787134,0.07322985895309662,False,sub-16,SD,eyesopen,75,0
Fp1,0.26816595776706004,0.09829922350194877,False,sub-16,NS,eyesclosed,75,1
AF3,0.264180318811582,0.09336656784475922,False,sub-16,NS,eyesclosed,75,1
AF7,0.25331448368953013,0.10399095339715399,False,sub-16,NS,eyesclosed,75,1
Fz,0.2984590495802614,0.13179741197137745,False,sub-16,NS,eyesclosed,75,1
F1,0.29120295108066474,0.11955169316983187,False,sub-16,NS,eyesclosed,75,1
F3,0.2619943206817183,0.0866097586068031,False,sub-16,NS,eyesclosed,75,1
F5,0.26399607444316603,0.09691380730981297,False,sub-16,NS,eyesclosed,75,1
F7,0.2597363383451143,0.10981611892074579,False,sub-16,NS,eyesclosed,75,1
FC1,0.2564663326781664,0.09891374368705977,True,sub-16,NS,eyesclosed,75,1
FC3,0.2626290100914551,0.09580105882265397,False,sub-16,NS,eyesclosed,75,1
FC5,0.27682783133136785,0.10296974234361571,False,sub-16,NS,eyesclosed,75,1
FT7,0.2779375877832895,0.11314629810274779,False,sub-16,NS,eyesclosed,75,1
Cz,0.31057233618412583,0.12494279419152238,False,sub-16,NS,eyesclosed,75,1
C1,0.27223338271704167,0.11328434682594131,False,sub-16,NS,eyesclosed,75,1
C3,0.26456188119026564,0.10627826413721768,False,sub-16,NS,eyesclosed,75,1
C5,0.287985801231746,0.10820674405001451,False,sub-16,NS,eyesclosed,75,1
T7,0.29064951752659063,0.11189331029569666,False,sub-16,NS,eyesclosed,75,1
CP1,0.28074393119754787,0.11266941916714417,False,sub-16,NS,eyesclosed,75,1
CP3,0.2812722403917375,0.10773533124319461,False,sub-16,NS,eyesclosed,75,1
CP5,0.2958478364624755,0.11217498409736935,False,sub-16,NS,eyesclosed,75,1
TP7,0.29564052809530283,0.11991479736821606,False,sub-16,NS,eyesclosed,75,1
TP9,0.30078073038057485,0.12352469470323758,False,sub-16,NS,eyesclosed,75,1
Pz,0.2907603254957599,0.11286627242054754,False,sub-16,NS,eyesclosed,75,1
P1,0.29107327992759824,0.10572038444002169,False,sub-16,NS,eyesclosed,75,1
P3,0.29306022059688014,0.10841374592179502,False,sub-16,NS,eyesclosed,75,1
P5,0.3038995695225774,0.11187117605142743,False,sub-16,NS,eyesclosed,75,1
P7,0.30717239472156954,0.11619198228414812,False,sub-16,NS,eyesclosed,75,1
PO3,0.30134685240723685,0.10933592628309964,False,sub-16,NS,eyesclosed,75,1
PO7,0.30883819858950207,0.10975643451266619,False,sub-16,NS,eyesclosed,75,1
Oz,0.3026068447029371,0.12401062461443933,False,sub-16,NS,eyesclosed,75,1
O1,0.2996197524577171,0.11651727872591722,False,sub-16,NS,eyesclosed,75,1
Fpz,0.2636844889811218,0.09895848569887747,False,sub-16,NS,eyesclosed,75,1
Fp2,0.24051648902442005,0.1050985374040403,False,sub-16,NS,eyesclosed,75,1
AF4,0.2531831478768114,0.09492699316548815,False,sub-16,NS,eyesclosed,75,1
AF8,0.2489009059775916,0.11754314632611744,False,sub-16,NS,eyesclosed,75,1
F2,0.25301392325153915,0.0852001389354423,False,sub-16,NS,eyesclosed,75,1
F4,0.26066551410335215,0.09172657382591524,False,sub-16,NS,eyesclosed,75,1
F6,0.2689172547034582,0.11147150083142938,False,sub-16,NS,eyesclosed,75,1
F8,0.2756956964255681,0.11775282358354788,False,sub-16,NS,eyesclosed,75,1
FC2,0.2577988893205438,0.10348683869110756,False,sub-16,NS,eyesclosed,75,1
FC4,0.27345060243299807,0.10988676785031001,False,sub-16,NS,eyesclosed,75,1
FC6,0.301722354128819,0.11498128720394177,False,sub-16,NS,eyesclosed,75,1
FT8,0.30300105768383434,0.11986126810851809,False,sub-16,NS,eyesclosed,75,1
C2,0.2696732256949751,0.11901350494659538,False,sub-16,NS,eyesclosed,75,1
C4,0.28446260875507445,0.12005132320267066,False,sub-16,NS,eyesclosed,75,1
C6,0.3097195165825903,0.11734057891355025,False,sub-16,NS,eyesclosed,75,1
T8,0.31020341525727957,0.11682341682015805,False,sub-16,NS,eyesclosed,75,1
CPz,0.2939977108859653,0.12023453554047654,False,sub-16,NS,eyesclosed,75,1
CP2,0.2894002669487245,0.12105481130991046,False,sub-16,NS,eyesclosed,75,1
CP4,0.29585963163864853,0.1137968479804932,False,sub-16,NS,eyesclosed,75,1
CP6,0.3153500950287823,0.11384328953242429,False,sub-16,NS,eyesclosed,75,1
TP8,0.3215831993207897,0.11392429285365,False,sub-16,NS,eyesclosed,75,1
TP10,0.3058406148442835,0.11862405176379084,False,sub-16,NS,eyesclosed,75,1
P2,0.29244169082689886,0.11509727981322528,False,sub-16,NS,eyesclosed,75,1
P4,0.3035952169505929,0.11072551916571875,False,sub-16,NS,eyesclosed,75,1
P6,0.3173787668445394,0.11003608748419064,False,sub-16,NS,eyesclosed,75,1
P8,0.32053096013863797,0.10934120528181648,False,sub-16,NS,eyesclosed,75,1
POz,0.29949971346834087,0.11521660039538134,False,sub-16,NS,eyesclosed,75,1
PO4,0.30434225908378426,0.11838975079827434,False,sub-16,NS,eyesclosed,75,1
PO8,0.30641886513610395,0.11824412385946621,False,sub-16,NS,eyesclosed,75,1
O2,0.3023451600641764,0.12494649496966438,False,sub-16,NS,eyesclosed,75,1
Fp1,0.08673335245989391,0.03431995002850911,False,sub-16,NS,eyesopen,75,0
AF3,0.11401481919980223,0.04252644628024176,False,sub-16,NS,eyesopen,75,0
AF7,0.0772618910406115,0.03389518179035493,False,sub-16,NS,eyesopen,75,0
Fz,0.21011108370408188,0.07712401384649357,False,sub-16,NS,eyesopen,75,0
F1,0.21225112340784513,0.07520901947210158,False,sub-16,NS,eyesopen,75,0
F3,0.15057703096311026,0.06108226488054843,False,sub-16,NS,eyesopen,75,0
F5,0.12265701644543504,0.049114044348887394,False,sub-16,NS,eyesopen,75,0
F7,0.13232505839311035,0.05906557335432738,False,sub-16,NS,eyesopen,75,0
FC1,0.16311447742467594,0.06830450814777768,False,sub-16,NS,eyesopen,75,0
FC3,0.21596171333302816,0.08287861379661941,False,sub-16,NS,eyesopen,75,0
FC5,0.21965077901340435,0.08787175277408676,False,sub-16,NS,eyesopen,75,0
FT7,0.14076874897228756,0.05698017853570652,False,sub-16,NS,eyesopen,75,0
Cz,0.22275751648351422,0.07271029620119154,False,sub-16,NS,eyesopen,75,0
C1,0.18592280924002585,0.07370324669459384,False,sub-16,NS,eyesopen,75,0
C3,0.18358603992062966,0.08162234614971173,False,sub-16,NS,eyesopen,75,0
C5,0.2169546428979245,0.0849495740181205,False,sub-16,NS,eyesopen,75,0
T7,0.14796759426449768,0.056151609301125026,False,sub-16,NS,eyesopen,75,0
CP1,0.1975925585006343,0.0762704448761917,False,sub-16,NS,eyesopen,75,0
CP3,0.1857395881390587,0.07779416175744083,False,sub-16,NS,eyesopen,75,0
CP5,0.21781366788870254,0.0858023297182738,False,sub-16,NS,eyesopen,75,0
TP7,0.22086619005332703,0.08320587943701695,False,sub-16,NS,eyesopen,75,0
TP9,0.23335133098135585,0.08975500541616131,False,sub-16,NS,eyesopen,75,0
Pz,0.20960678879066405,0.07028098263312614,False,sub-16,NS,eyesopen,75,0
P1,0.20288239611457548,0.07069315320220625,False,sub-16,NS,eyesopen,75,0
P3,0.2026697653062325,0.07397895789289462,False,sub-16,NS,eyesopen,75,0
P5,0.21028368331537925,0.07518651237479387,False,sub-16,NS,eyesopen,75,0
P7,0.23614407562942205,0.08447832519320182,False,sub-16,NS,eyesopen,75,0
PO3,0.20561146661175486,0.07447850601154982,False,sub-16,NS,eyesopen,75,0
PO7,0.22932374262455918,0.07960125430814217,False,sub-16,NS,eyesopen,75,0
Oz,0.20396882460286067,0.07457245300739353,False,sub-16,NS,eyesopen,75,0
O1,0.2167301158038993,0.07758093264447855,False,sub-16,NS,eyesopen,75,0
Fpz,0.11224766217903616,0.0434827746602848,False,sub-16,NS,eyesopen,75,0
Fp2,0.07460188501230372,0.03313034110356726,False,sub-16,NS,eyesopen,75,0
AF4,0.05523316839058123,0.023402814066213265,False,sub-16,NS,eyesopen,75,0
AF8,0.14648965608704267,0.06968761342090118,False,sub-16,NS,eyesopen,75,0
F2,0.19067776729345842,0.06906601596485502,False,sub-16,NS,eyesopen,75,0
F4,0.17691072471542904,0.06102057076776548,False,sub-16,NS,eyesopen,75,0
F6,0.18903869323358968,0.07567371238868456,False,sub-16,NS,eyesopen,75,0
F8,0.1613649903731222,0.06955072161982342,False,sub-16,NS,eyesopen,75,0
FC2,0.20410269829809932,0.07553055669043844,False,sub-16,NS,eyesopen,75,0
FC4,0.2108168118369157,0.08272819067241577,False,sub-16,NS,eyesopen,75,0
FC6,0.16910038136948696,0.06671021595396981,False,sub-16,NS,eyesopen,75,0
FT8,0.16548446484934104,0.0695784745256673,False,sub-16,NS,eyesopen,75,0
C2,0.19630020753561633,0.07762893217992181,False,sub-16,NS,eyesopen,75,0
C4,0.1979705309835325,0.07622856252535838,False,sub-16,NS,eyesopen,75,0
C6,0.2399994799201024,0.0812893882894276,False,sub-16,NS,eyesopen,75,0
T8,0.1270502109009409,0.04801394516344263,False,sub-16,NS,eyesopen,75,0
CPz,0.22115539693264158,0.06936112756309107,False,sub-16,NS,eyesopen,75,0
CP2,0.21788925039220652,0.06900240401430344,False,sub-16,NS,eyesopen,75,0
CP4,0.22144109334884254,0.06936585271125933,False,sub-16,NS,eyesopen,75,0
CP6,0.24067740663230916,0.07415899520571466,False,sub-16,NS,eyesopen,75,0
TP8,0.24021236522583678,0.07417238560246076,False,sub-16,NS,eyesopen,75,0
TP10,0.21964909829372578,0.07521214769642345,False,sub-16,NS,eyesopen,75,0
P2,0.21464796412716386,0.06805648104971614,False,sub-16,NS,eyesopen,75,0
P4,0.21862234734084054,0.06959704254900835,False,sub-16,NS,eyesopen,75,0
P6,0.22187158141203175,0.07305472108131576,False,sub-16,NS,eyesopen,75,0
P8,0.22911348497731784,0.0750551988478459,False,sub-16,NS,eyesopen,75,0
POz,0.2039027877536384,0.07328651371788308,False,sub-16,NS,eyesopen,75,0
PO4,0.2092563728097427,0.07627389969714807,False,sub-16,NS,eyesopen,75,0
PO8,0.21066418854951993,0.07849538520600455,False,sub-16,NS,eyesopen,75,0
O2,0.20685139412422487,0.07792520929227219,False,sub-16,NS,eyesopen,75,0
Fp1,0.152548675253327,0.07866599978189934,False,sub-17,SD,eyesclosed,75,0
AF3,0.1915223458670572,0.08156859086753303,False,sub-17,SD,eyesclosed,75,0
AF7,0.1698134556661051,0.09664225201480765,False,sub-17,SD,eyesclosed,75,0
Fz,0.20991227762674722,0.08467276577026504,False,sub-17,SD,eyesclosed,75,0
F1,0.21697649078401982,0.0803958160720003,False,sub-17,SD,eyesclosed,75,0
F3,0.17789137959256635,0.07554561333948219,False,sub-17,SD,eyesclosed,75,0
F5,0.19267316266233064,0.09328490253182714,False,sub-17,SD,eyesclosed,75,0
F7,0.19064572973167282,0.09391100274395484,False,sub-17,SD,eyesclosed,75,0
FC1,0.20223231192535004,0.07285441206409422,False,sub-17,SD,eyesclosed,75,0
FC3,0.1845727490866518,0.07805228742550646,False,sub-17,SD,eyesclosed,75,0
FC5,0.1923813768068726,0.08669110050448575,False,sub-17,SD,eyesclosed,75,0
FT7,0.2098051695325685,0.09180342485375306,False,sub-17,SD,eyesclosed,75,0
Cz,0.24124628522985436,0.09831475683636892,False,sub-17,SD,eyesclosed,75,0
C1,0.19113605689834576,0.09032410435288128,False,sub-17,SD,eyesclosed,75,0
C3,0.14032913175239556,0.07719748966858371,False,sub-17,SD,eyesclosed,75,0
C5,0.17312691786385614,0.08268683871821801,False,sub-17,SD,eyesclosed,75,0
T7,0.19868170484313777,0.0793920706939796,False,sub-17,SD,eyesclosed,75,0
CP1,0.15856183302566382,0.0862764946973649,False,sub-17,SD,eyesclosed,75,0
CP3,0.13549810790054062,0.08327076657732208,False,sub-17,SD,eyesclosed,75,0
CP5,0.1536700915436406,0.0746298418751619,False,sub-17,SD,eyesclosed,75,0
TP7,0.18094195759540757,0.06764780730661574,False,sub-17,SD,eyesclosed,75,0
TP9,0.18114190562224014,0.06741998700103684,False,sub-17,SD,eyesclosed,75,0
Pz,0.15537511941837034,0.07277363567644622,False,sub-17,SD,eyesclosed,75,0
P1,0.1449108668769194,0.06938552430790577,False,sub-17,SD,eyesclosed,75,0
P3,0.13506371720802327,0.06308571371730494,False,sub-17,SD,eyesclosed,75,0
P5,0.1354127510686567,0.05971652078085352,False,sub-17,SD,eyesclosed,75,0
P7,0.14533929627912612,0.05798299512413921,False,sub-17,SD,eyesclosed,75,0
PO3,0.12432306317713196,0.05649374049643159,False,sub-17,SD,eyesclosed,75,0
PO7,0.11371158276126593,0.05149439161851209,False,sub-17,SD,eyesclosed,75,0
Oz,0.1155245321520105,0.057121625969959136,False,sub-17,SD,eyesclosed,75,0
O1,0.10457446087722094,0.05066204971616534,False,sub-17,SD,eyesclosed,75,0
Fpz,0.16712242497981158,0.082772399790755,False,sub-17,SD,eyesclosed,75,0
Fp2,0.14972132420240633,0.07832343643972353,False,sub-17,SD,eyesclosed,75,0
AF4,0.1913469315538946,0.08719296083568152,False,sub-17,SD,eyesclosed,75,0
AF8,0.17503549851133557,0.0941351024496144,False,sub-17,SD,eyesclosed,75,0
F2,0.2462518427084838,0.09833813519016966,False,sub-17,SD,eyesclosed,75,0
F4,0.2287654010685503,0.10037343063147547,False,sub-17,SD,eyesclosed,75,0
F6,0.20752685031773574,0.09830031741043727,False,sub-17,SD,eyesclosed,75,0
F8,0.19797875386866823,0.09801408180978123,False,sub-17,SD,eyesclosed,75,0
FC2,0.21888604434435643,0.09069649026644734,False,sub-17,SD,eyesclosed,75,0
FC4,0.2102105099253465,0.09831389018048785,False,sub-17,SD,eyesclosed,75,0
FC6,0.19707201021991613,0.09610285339913513,False,sub-17,SD,eyesclosed,75,0
FT8,0.19203665528702693,0.08873217122721452,False,sub-17,SD,eyesclosed,75,0
C2,0.17523799064117335,0.09018844059654664,False,sub-17,SD,eyesclosed,75,0
C4,0.15206353751328025,0.08619933624588957,False,sub-17,SD,eyesclosed,75,0
C6,0.1624002972305251,0.08096709243811427,False,sub-17,SD,eyesclosed,75,0
T8,0.15502811092333907,0.0661924723421194,False,sub-17,SD,eyesclosed,75,0
CPz,0.1760149466866944,0.08377309978583042,False,sub-17,SD,eyesclosed,75,0
CP2,0.15354761125851182,0.07665379390626954,False,sub-17,SD,eyesclosed,75,0
CP4,0.13450272968939678,0.06995971059450949,False,sub-17,SD,eyesclosed,75,0
CP6,0.13747738274179788,0.06574883779841868,False,sub-17,SD,eyesclosed,75,0
TP8,0.14150520189043622,0.06400964652162186,False,sub-17,SD,eyesclosed,75,0
TP10,0.155990164636428,0.06497697071385725,False,sub-17,SD,eyesclosed,75,0
P2,0.13577909063946755,0.06370175609054145,False,sub-17,SD,eyesclosed,75,0
P4,0.11630934238258374,0.05856868610605885,False,sub-17,SD,eyesclosed,75,0
P6,0.09949246430753711,0.05146907621789119,False,sub-17,SD,eyesclosed,75,0
P8,0.09948054172568087,0.04995933979085485,False,sub-17,SD,eyesclosed,75,0
POz,0.1343367900921305,0.06303659755174398,False,sub-17,SD,eyesclosed,75,0
PO4,0.10274779876419922,0.055358075358548815,False,sub-17,SD,eyesclosed,75,0
PO8,0.0835953651790201,0.04604881352392227,False,sub-17,SD,eyesclosed,75,0
O2,0.09885464771299134,0.05248320101205873,False,sub-17,SD,eyesclosed,75,0
Fp1,0.10944590044042149,0.03198885273308582,False,sub-17,SD,eyesopen,75,0
AF3,0.10386342679820837,0.03305396483900377,False,sub-17,SD,eyesopen,75,0
AF7,0.11015956749408112,0.03417129278877357,False,sub-17,SD,eyesopen,75,0
Fz,0.1206210832230777,0.04226306705330641,False,sub-17,SD,eyesopen,75,0
F1,0.12688469979079026,0.04440817606894285,False,sub-17,SD,eyesopen,75,0
F3,0.12597013480656546,0.04230673385255256,False,sub-17,SD,eyesopen,75,0
F5,0.12185510868907355,0.0431696731068556,False,sub-17,SD,eyesopen,75,0
F7,0.13568112487833897,0.05204395331272594,False,sub-17,SD,eyesopen,75,0
FC1,0.21346473235537425,0.08335340078054006,False,sub-17,SD,eyesopen,75,0
FC3,0.1994144440122707,0.07597330503132517,False,sub-17,SD,eyesopen,75,0
FC5,0.22489036874295082,0.08608239063353863,False,sub-17,SD,eyesopen,75,0
FT7,0.252145373567545,0.09454422668346542,False,sub-17,SD,eyesopen,75,0
Cz,0.15267920081584735,0.06832363342547744,False,sub-17,SD,eyesopen,75,0
C1,0.1598419566587855,0.07170346552962274,False,sub-17,SD,eyesopen,75,0
C3,0.1614749941932162,0.08460626432271212,False,sub-17,SD,eyesopen,75,0
C5,0.19943042673192277,0.08915393130761316,False,sub-17,SD,eyesopen,75,0
T7,0.20714441145188095,0.08859569413677064,False,sub-17,SD,eyesopen,75,0
CP1,0.14604175547993808,0.06656806757921001,False,sub-17,SD,eyesopen,75,0
CP3,0.15037470980602624,0.075702986831667,False,sub-17,SD,eyesopen,75,0
CP5,0.16967089788635317,0.07700474745623542,False,sub-17,SD,eyesopen,75,0
TP7,0.16715609986066413,0.0699783301572703,False,sub-17,SD,eyesopen,75,0
TP9,0.16724983857980913,0.07001344201444297,False,sub-17,SD,eyesopen,75,0
Pz,0.13852583282505665,0.059570159191702374,False,sub-17,SD,eyesopen,75,0
P1,0.1367013824523617,0.06467937981281573,False,sub-17,SD,eyesopen,75,0
P3,0.1446846917076491,0.06704778208991917,False,sub-17,SD,eyesopen,75,0
P5,0.15856062977753688,0.0702315106902317,False,sub-17,SD,eyesopen,75,0
P7,0.1702186019295037,0.0716763478329626,False,sub-17,SD,eyesopen,75,0
PO3,0.14554868004163013,0.06264037548684143,False,sub-17,SD,eyesopen,75,0
PO7,0.16025451010121053,0.06585748026614842,False,sub-17,SD,eyesopen,75,0
Oz,0.14146742565042864,0.0627697007732497,False,sub-17,SD,eyesopen,75,0
O1,0.14859370154680693,0.06456632724877229,False,sub-17,SD,eyesopen,75,0
Fpz,0.11187029103893238,0.03259995055859987,False,sub-17,SD,eyesopen,75,0
Fp2,0.1107744495391502,0.032808769605641844,False,sub-17,SD,eyesopen,75,0
AF4,0.11007863924943066,0.037683203279854055,False,sub-17,SD,eyesopen,75,0
AF8,0.1168780945005398,0.04348843171401206,False,sub-17,SD,eyesopen,75,0
F2,0.1410872427497645,0.05271666511968255,False,sub-17,SD,eyesopen,75,0
F4,0.1556816528832288,0.06596255011460968,False,sub-17,SD,eyesopen,75,0
F6,0.1909097253700443,0.08639393597327479,False,sub-17,SD,eyesopen,75,0
F8,0.23849320985754593,0.10575292387165146,False,sub-17,SD,eyesopen,75,0
FC2,0.21778755306768702,0.08477191425913642,False,sub-17,SD,eyesopen,75,0
FC4,0.21546071244008166,0.09000642115394651,False,sub-17,SD,eyesopen,75,0
FC6,0.2238290331112292,0.10020736039436816,False,sub-17,SD,eyesopen,75,0
FT8,0.19797388288284687,0.08617363810662727,False,sub-17,SD,eyesopen,75,0
C2,0.15035268403151675,0.06970953791904652,False,sub-17,SD,eyesopen,75,0
C4,0.15832505079700462,0.07961398696773997,False,sub-17,SD,eyesopen,75,0
C6,0.17091985430508463,0.07969206037438299,False,sub-17,SD,eyesopen,75,0
T8,0.15306119259999662,0.06451458947853717,False,sub-17,SD,eyesopen,75,0
CPz,0.14421434433625047,0.05880188258085111,False,sub-17,SD,eyesopen,75,0
CP2,0.14105470548591117,0.0660568219765033,False,sub-17,SD,eyesopen,75,0
CP4,0.14264308070663495,0.07008409887799487,False,sub-17,SD,eyesopen,75,0
CP6,0.1543734283698278,0.07074098120745628,False,sub-17,SD,eyesopen,75,0
TP8,0.15318454384056665,0.06984403783153487,False,sub-17,SD,eyesopen,75,0
TP10,0.1559868927711525,0.06597403244132931,False,sub-17,SD,eyesopen,75,0
P2,0.13415617458971535,0.06035115018250003,False,sub-17,SD,eyesopen,75,0
P4,0.13670204787128257,0.06056221201918236,False,sub-17,SD,eyesopen,75,0
P6,0.1427585475148381,0.060314592417457034,False,sub-17,SD,eyesopen,75,0
P8,0.14987283860517123,0.0597433850712978,False,sub-17,SD,eyesopen,75,0
POz,0.1318410304163356,0.05801572407606629,False,sub-17,SD,eyesopen,75,0
PO4,0.13208934578956907,0.05851720504180725,False,sub-17,SD,eyesopen,75,0
PO8,0.14156138335475618,0.058479468807743656,False,sub-17,SD,eyesopen,75,0
O2,0.13859436104327086,0.06024525870621447,False,sub-17,SD,eyesopen,75,0
Fp1,0.20105517861263877,0.08947220483993235,False,sub-17,NS,eyesclosed,75,1
AF3,0.2150404019838615,0.08501679613889297,False,sub-17,NS,eyesclosed,75,1
AF7,0.2147823182895899,0.11237880305895312,False,sub-17,NS,eyesclosed,75,1
Fz,0.28022397616965233,0.10278225181806187,False,sub-17,NS,eyesclosed,75,1
F1,0.2523774011777041,0.10255664152848311,False,sub-17,NS,eyesclosed,75,1
F3,0.21307593652467618,0.08539684710219438,False,sub-17,NS,eyesclosed,75,1
F5,0.23664102662081382,0.1073677425553362,False,sub-17,NS,eyesclosed,75,1
F7,0.23769400777841185,0.11669228953374627,False,sub-17,NS,eyesclosed,75,1
FC1,0.20060981935387304,0.08513774621461163,True,sub-17,NS,eyesclosed,75,1
FC3,0.23307301226945015,0.10388930366316759,False,sub-17,NS,eyesclosed,75,1
FC5,0.23450992870427229,0.10945891427079701,False,sub-17,NS,eyesclosed,75,1
FT7,0.23664368027239296,0.11253626500705456,False,sub-17,NS,eyesclosed,75,1
Cz,0.24503335878850446,0.11470732124467585,False,sub-17,NS,eyesclosed,75,1
C1,0.18621465279421412,0.10197214155966224,False,sub-17,NS,eyesclosed,75,1
C3,0.16373547247888087,0.10234453468371742,False,sub-17,NS,eyesclosed,75,1
C5,0.19634831763279423,0.11289835406997703,False,sub-17,NS,eyesclosed,75,1
T7,0.21713309410067527,0.10803856764831968,False,sub-17,NS,eyesclosed,75,1
CP1,0.14776479434808318,0.09928103267035383,False,sub-17,NS,eyesclosed,75,1
CP3,0.13165861531459186,0.09761968757064549,False,sub-17,NS,eyesclosed,75,1
CP5,0.1671162562566282,0.10305756191665139,False,sub-17,NS,eyesclosed,75,1
TP7,0.2011051704798076,0.0977226073767113,False,sub-17,NS,eyesclosed,75,1
TP9,0.20972471041452478,0.0951244378438721,False,sub-17,NS,eyesclosed,75,1
Pz,0.1605568570532134,0.09023132984125565,False,sub-17,NS,eyesclosed,75,1
P1,0.14394006575436566,0.0896901821238995,False,sub-17,NS,eyesclosed,75,1
P3,0.14138856084505014,0.08553469128816693,False,sub-17,NS,eyesclosed,75,1
P5,0.1522800878545265,0.088603230542197,False,sub-17,NS,eyesclosed,75,1
P7,0.1727604508297481,0.09294664472571687,False,sub-17,NS,eyesclosed,75,1
PO3,0.13530880454050642,0.07984531544367918,False,sub-17,NS,eyesclosed,75,1
PO7,0.13880938591442496,0.08334509394255155,False,sub-17,NS,eyesclosed,75,1
Oz,0.14640648866951766,0.08440025785956541,False,sub-17,NS,eyesclosed,75,1
O1,0.13153494239139174,0.08416576649706864,False,sub-17,NS,eyesclosed,75,1
Fpz,0.215195975538486,0.09091777707745267,False,sub-17,NS,eyesclosed,75,1
Fp2,0.18836639614452647,0.08554687250029683,False,sub-17,NS,eyesclosed,75,1
AF4,0.21206605665545866,0.09165225316609887,False,sub-17,NS,eyesclosed,75,1
AF8,0.19909720620164129,0.10378662421534258,False,sub-17,NS,eyesclosed,75,1
F2,0.2573123773199018,0.09085591180575418,False,sub-17,NS,eyesclosed,75,1
F4,0.23528456116959617,0.09464770315916318,False,sub-17,NS,eyesclosed,75,1
F6,0.217182734648214,0.10125203465700258,False,sub-17,NS,eyesclosed,75,1
F8,0.21597771091438508,0.10591921666011092,False,sub-17,NS,eyesclosed,75,1
FC2,0.20896900121451728,0.07908105230993387,False,sub-17,NS,eyesclosed,75,1
FC4,0.18678821814485752,0.08727181233121022,False,sub-17,NS,eyesclosed,75,1
FC6,0.181652923262536,0.0892073955201225,False,sub-17,NS,eyesclosed,75,1
FT8,0.1922654098590651,0.08729707781565237,False,sub-17,NS,eyesclosed,75,1
C2,0.15100938704586558,0.09718170826423618,False,sub-17,NS,eyesclosed,75,1
C4,0.128756420965907,0.08551247544944919,False,sub-17,NS,eyesclosed,75,1
C6,0.15954440904828562,0.08068642069039535,False,sub-17,NS,eyesclosed,75,1
T8,0.1694993942380861,0.07953293003903215,False,sub-17,NS,eyesclosed,75,1
CPz,0.1730492110782418,0.09938780712522143,False,sub-17,NS,eyesclosed,75,1
CP2,0.14643855962395735,0.09351724103057492,False,sub-17,NS,eyesclosed,75,1
CP4,0.1244970764811378,0.08067548226741035,False,sub-17,NS,eyesclosed,75,1
CP6,0.13872755519538002,0.07936687712396572,False,sub-17,NS,eyesclosed,75,1
TP8,0.16024778239490928,0.0859539090599624,False,sub-17,NS,eyesclosed,75,1
TP10,0.1920841201720622,0.09414743216196138,False,sub-17,NS,eyesclosed,75,1
P2,0.1463323611648547,0.08746138278198125,False,sub-17,NS,eyesclosed,75,1
P4,0.12726609127555905,0.07788887699049588,False,sub-17,NS,eyesclosed,75,1
P6,0.10968506652956504,0.07027825039571478,False,sub-17,NS,eyesclosed,75,1
P8,0.11837970342956851,0.07433722089672666,False,sub-17,NS,eyesclosed,75,1
POz,0.15133571836506393,0.08600328424784712,False,sub-17,NS,eyesclosed,75,1
PO4,0.12459994152444721,0.07715298440281144,False,sub-17,NS,eyesclosed,75,1
PO8,0.11401268462741539,0.07312248040044382,False,sub-17,NS,eyesclosed,75,1
O2,0.14219370145676088,0.08156496974771121,False,sub-17,NS,eyesclosed,75,1
Fp1,0.0888258208100109,0.02383114477783375,False,sub-17,NS,eyesopen,75,0
AF3,0.0755540853989508,0.023846860202647143,False,sub-17,NS,eyesopen,75,0
AF7,0.08859747819649107,0.02464821043685818,False,sub-17,NS,eyesopen,75,0
Fz,0.10667565997581124,0.036681938006370415,False,sub-17,NS,eyesopen,75,0
F1,0.11308659215959281,0.03394111032824653,False,sub-17,NS,eyesopen,75,0
F3,0.10418986273616182,0.02898063816989332,False,sub-17,NS,eyesopen,75,0
F5,0.08398628056390606,0.030847604792167686,False,sub-17,NS,eyesopen,75,0
F7,0.12461198219686566,0.044630481611868854,False,sub-17,NS,eyesopen,75,0
FC1,0.20474151847467575,0.057537702769603495,False,sub-17,NS,eyesopen,75,0
FC3,0.18862822867722112,0.058358797312071775,False,sub-17,NS,eyesopen,75,0
FC5,0.21343175907008283,0.06927184623896347,False,sub-17,NS,eyesopen,75,0
FT7,0.2449076420221721,0.08040771939660628,False,sub-17,NS,eyesopen,75,0
Cz,0.12295931778531938,0.04748118169708194,False,sub-17,NS,eyesopen,75,0
C1,0.14172832817090023,0.05880280771520692,False,sub-17,NS,eyesopen,75,0
C3,0.1619870506375196,0.078214576443026,False,sub-17,NS,eyesopen,75,0
C5,0.19868872572257085,0.08139951407965024,False,sub-17,NS,eyesopen,75,0
T7,0.1973962808712838,0.07457156646527784,False,sub-17,NS,eyesopen,75,0
CP1,0.118168675863513,0.06110094078452434,False,sub-17,NS,eyesopen,75,0
CP3,0.13411423432608277,0.07275878895171109,False,sub-17,NS,eyesopen,75,0
CP5,0.16313084286027632,0.07255320983907908,False,sub-17,NS,eyesopen,75,0
TP7,0.17221716610350835,0.06391038315681569,False,sub-17,NS,eyesopen,75,0
TP9,0.1571864431682734,0.05547052292970233,False,sub-17,NS,eyesopen,75,0
Pz,0.11882988301293176,0.05344001045174902,False,sub-17,NS,eyesopen,75,0
P1,0.11952185230872217,0.058696305578255,False,sub-17,NS,eyesopen,75,0
P3,0.132446198694513,0.060899611226912675,False,sub-17,NS,eyesopen,75,0
P5,0.15243151893814996,0.06532931340115455,False,sub-17,NS,eyesopen,75,0
P7,0.16473436338219588,0.06400705084791002,False,sub-17,NS,eyesopen,75,0
PO3,0.13351992315172234,0.05736138089519063,False,sub-17,NS,eyesopen,75,0
PO7,0.15654436732624952,0.06252725476821364,False,sub-17,NS,eyesopen,75,0
Oz,0.12721868861349686,0.04924558658543958,False,sub-17,NS,eyesopen,75,0
O1,0.14165630354870107,0.05340212383186873,False,sub-17,NS,eyesopen,75,0
Fpz,0.09226550486610184,0.024818919513951404,False,sub-17,NS,eyesopen,75,0
Fp2,0.09163369453719715,0.023852525011528812,False,sub-17,NS,eyesopen,75,0
AF4,0.08693333921264879,0.026296424362098534,False,sub-17,NS,eyesopen,75,0
AF8,0.09811781322689367,0.030930822265009466,False,sub-17,NS,eyesopen,75,0
F2,0.126929713681389,0.04326579656173901,False,sub-17,NS,eyesopen,75,0
F4,0.13687171464749032,0.04909167616938497,False,sub-17,NS,eyesopen,75,0
F6,0.1526057727474539,0.05668936429007426,False,sub-17,NS,eyesopen,75,0
F8,0.21940466364814043,0.0705652831014195,False,sub-17,NS,eyesopen,75,0
FC2,0.16373474721471806,0.06099876977177072,False,sub-17,NS,eyesopen,75,0
FC4,0.19802390188274424,0.07442198804723199,False,sub-17,NS,eyesopen,75,0
FC6,0.18911938129434747,0.06734425090927401,False,sub-17,NS,eyesopen,75,0
FT8,0.17132396163124022,0.05108970584650816,False,sub-17,NS,eyesopen,75,0
C2,0.11501522825625261,0.05075308218071891,False,sub-17,NS,eyesopen,75,0
C4,0.1220030936938123,0.05683171874412252,False,sub-17,NS,eyesopen,75,0
C6,0.1407693479079762,0.05052249879191573,False,sub-17,NS,eyesopen,75,0
T8,0.13266426735514364,0.04146368044132495,False,sub-17,NS,eyesopen,75,0
CPz,0.12031041808361977,0.05421793047116071,False,sub-17,NS,eyesopen,75,0
CP2,0.11119442040975788,0.052162602470090975,False,sub-17,NS,eyesopen,75,0
CP4,0.1120187476483126,0.051183956804308206,False,sub-17,NS,eyesopen,75,0
CP6,0.12926640564599642,0.050716305469878514,False,sub-17,NS,eyesopen,75,0
TP8,0.1439156975079588,0.0495716906310263,False,sub-17,NS,eyesopen,75,0
TP10,0.1399638451553318,0.04455418892014838,False,sub-17,NS,eyesopen,75,0
P2,0.11355583774318208,0.052828094567826465,False,sub-17,NS,eyesopen,75,0
P4,0.11512347936157674,0.0476381388325386,False,sub-17,NS,eyesopen,75,0
P6,0.12612106394278444,0.04807259352037735,False,sub-17,NS,eyesopen,75,0
P8,0.13541253011284396,0.05010999023982078,False,sub-17,NS,eyesopen,75,0
POz,0.11750991173743187,0.04981717895988695,False,sub-17,NS,eyesopen,75,0
PO4,0.11317016535670398,0.046073574731429076,False,sub-17,NS,eyesopen,75,0
PO8,0.12619107542851613,0.04799166601613096,False,sub-17,NS,eyesopen,75,0
O2,0.12450531648429206,0.04507655019106369,False,sub-17,NS,eyesopen,75,0
Fp1,0.10377826523654815,0.07225119336846537,False,sub-18,SD,eyesclosed,75,0
AF3,0.20638663070424787,0.08834261067508904,False,sub-18,SD,eyesclosed,75,0
AF7,0.12875552634214418,0.0658846521606472,False,sub-18,SD,eyesclosed,75,0
Fz,0.2666120238486882,0.11379109332665177,False,sub-18,SD,eyesclosed,75,0
F1,0.2236770482543354,0.11121537260627266,False,sub-18,SD,eyesclosed,75,0
F3,0.17467706020081222,0.10238870682664145,False,sub-18,SD,eyesclosed,75,0
F5,0.12520516585918895,0.09368204276199024,False,sub-18,SD,eyesclosed,75,0
F7,0.10960094652428336,0.08789300083257054,False,sub-18,SD,eyesclosed,75,0
FC1,0.12777638835586047,0.07752974253473102,False,sub-18,SD,eyesclosed,75,0
FC3,0.10223776142295636,0.09421090147886299,False,sub-18,SD,eyesclosed,75,0
FC5,0.0992445137037837,0.08121500631396673,False,sub-18,SD,eyesclosed,75,0
FT7,0.10976341551249562,0.08068799978827125,False,sub-18,SD,eyesclosed,75,0
Cz,0.20298277444718896,0.08839705012389844,False,sub-18,SD,eyesclosed,75,0
C1,0.15669857930507464,0.07749513265194836,False,sub-18,SD,eyesclosed,75,0
C3,0.12206734130999881,0.07523154956253769,False,sub-18,SD,eyesclosed,75,0
C5,0.13730655738139944,0.06899803306339594,False,sub-18,SD,eyesclosed,75,0
T7,0.11857238894189173,0.07269156023942994,False,sub-18,SD,eyesclosed,75,0
CP1,0.17381660474374916,0.08549320499485978,False,sub-18,SD,eyesclosed,75,0
CP3,0.14169043846696067,0.06857402693615842,False,sub-18,SD,eyesclosed,75,0
CP5,0.1443747509105836,0.06577657461867906,False,sub-18,SD,eyesclosed,75,0
TP7,0.1281707880921637,0.0596382971743663,False,sub-18,SD,eyesclosed,75,0
TP9,0.14728958100005998,0.06671715138183597,False,sub-18,SD,eyesclosed,75,0
Pz,0.17771954072706833,0.08238597590081832,False,sub-18,SD,eyesclosed,75,0
P1,0.16261175780929749,0.07814829382929016,False,sub-18,SD,eyesclosed,75,0
P3,0.15135330887091594,0.07285677267004144,False,sub-18,SD,eyesclosed,75,0
P5,0.14479638556899982,0.07097403209380271,False,sub-18,SD,eyesclosed,75,0
P7,0.14733580768324223,0.07452413114314045,False,sub-18,SD,eyesclosed,75,0
PO3,0.15176302135858474,0.0799812423639815,False,sub-18,SD,eyesclosed,75,0
PO7,0.14831326589924088,0.08610325122684241,False,sub-18,SD,eyesclosed,75,0
Oz,0.15222640129401507,0.07976996654960046,False,sub-18,SD,eyesclosed,75,0
O1,0.14714029609366835,0.08412702350490138,False,sub-18,SD,eyesclosed,75,0
Fpz,0.1777911649248131,0.07179218180833784,False,sub-18,SD,eyesclosed,75,0
Fp2,0.1564389833845641,0.07219498695509412,False,sub-18,SD,eyesclosed,75,0
AF4,0.1698377299439319,0.08386426810108465,False,sub-18,SD,eyesclosed,75,0
AF8,0.08023667569880535,0.05167645277196781,False,sub-18,SD,eyesclosed,75,0
F2,0.20107837464708442,0.10778825959982448,False,sub-18,SD,eyesclosed,75,0
F4,0.12214821521182072,0.08246618322587135,False,sub-18,SD,eyesclosed,75,0
F6,0.07759084164807944,0.06187610783991047,False,sub-18,SD,eyesclosed,75,0
F8,0.08144988164378539,0.06316385901698991,False,sub-18,SD,eyesclosed,75,0
FC2,0.12332449815834742,0.06735670172165217,False,sub-18,SD,eyesclosed,75,0
FC4,0.08791458284214702,0.07392542245034743,False,sub-18,SD,eyesclosed,75,0
FC6,0.09397066567178486,0.08157960578983726,False,sub-18,SD,eyesclosed,75,0
FT8,0.09673080455001226,0.0921235034840686,False,sub-18,SD,eyesclosed,75,0
C2,0.14907906333280904,0.07500441148966093,False,sub-18,SD,eyesclosed,75,0
C4,0.09690693996550863,0.0750850357585383,False,sub-18,SD,eyesclosed,75,0
C6,0.1016312483374595,0.07923213628542015,False,sub-18,SD,eyesclosed,75,0
T8,0.09923060354008437,0.07798309380916033,False,sub-18,SD,eyesclosed,75,0
CPz,0.19084909522512697,0.08802093265051586,False,sub-18,SD,eyesclosed,75,0
CP2,0.17034179702678395,0.07741521806987338,False,sub-18,SD,eyesclosed,75,0
CP4,0.12883667705454024,0.06083205210640984,False,sub-18,SD,eyesclosed,75,0
CP6,0.11389876906733391,0.0623405300641059,False,sub-18,SD,eyesclosed,75,0
TP8,0.12728302006732184,0.06531784664721589,False,sub-18,SD,eyesclosed,75,0
TP10,0.14942897117386186,0.08066451175183165,False,sub-18,SD,eyesclosed,75,0
P2,0.17145612460189072,0.0782009031087345,False,sub-18,SD,eyesclosed,75,0
P4,0.15670604180946243,0.07342058090760024,False,sub-18,SD,eyesclosed,75,0
P6,0.1518577352214283,0.07797699911136419,False,sub-18,SD,eyesclosed,75,0
P8,0.15044108819397958,0.08733555144173226,False,sub-18,SD,eyesclosed,75,0
POz,0.16417710552814965,0.07998948074685583,False,sub-18,SD,eyesclosed,75,0
PO4,0.1632525792041507,0.07832936731126446,False,sub-18,SD,eyesclosed,75,0
PO8,0.15291904591881586,0.0893434127661617,False,sub-18,SD,eyesclosed,75,0
O2,0.15694049371242322,0.08347125848269488,False,sub-18,SD,eyesclosed,75,0
Fp1,0.11230214133492789,0.057079385898958133,False,sub-18,SD,eyesopen,75,0
AF3,0.1248352323240766,0.06621768958015105,False,sub-18,SD,eyesopen,75,0
AF7,0.10173812724300314,0.045128402606464696,False,sub-18,SD,eyesopen,75,0
Fz,0.18246367611571745,0.10207377672302814,False,sub-18,SD,eyesopen,75,0
F1,0.1726528279182482,0.08893999399383067,False,sub-18,SD,eyesopen,75,0
F3,0.1440482266057695,0.07367186811777213,False,sub-18,SD,eyesopen,75,0
F5,0.11887575024352746,0.05734313827038133,False,sub-18,SD,eyesopen,75,0
F7,0.1315191981148801,0.06412978536841975,False,sub-18,SD,eyesopen,75,0
FC1,0.22198199243430955,0.0926005525874373,False,sub-18,SD,eyesopen,75,0
FC3,0.21225509484099342,0.09132727645349216,False,sub-18,SD,eyesopen,75,0
FC5,0.14740981398912006,0.06788905230568877,False,sub-18,SD,eyesopen,75,0
FT7,0.1785462752438368,0.07523567195040873,False,sub-18,SD,eyesopen,75,0
Cz,0.17415332221401805,0.07903999306341052,False,sub-18,SD,eyesopen,75,0
C1,0.16969417583906038,0.08850324316491419,False,sub-18,SD,eyesopen,75,0
C3,0.1728601935162926,0.08405827939272004,False,sub-18,SD,eyesopen,75,0
C5,0.17714566881346028,0.08008537215147853,False,sub-18,SD,eyesopen,75,0
T7,0.15000113525823391,0.06764798617889713,False,sub-18,SD,eyesopen,75,0
CP1,0.140210460694218,0.06734906002016551,False,sub-18,SD,eyesopen,75,0
CP3,0.13473274091697984,0.06776356587576932,False,sub-18,SD,eyesopen,75,0
CP5,0.13725090958265027,0.06402001272712435,False,sub-18,SD,eyesopen,75,0
TP7,0.1051287117656587,0.0440927899539165,False,sub-18,SD,eyesopen,75,0
TP9,0.13087829952596639,0.057012096687276234,False,sub-18,SD,eyesopen,75,0
Pz,0.1242999313908999,0.05938578778327258,False,sub-18,SD,eyesopen,75,0
P1,0.11972741508010555,0.060200095255912384,False,sub-18,SD,eyesopen,75,0
P3,0.11467981998908933,0.05927705115013366,False,sub-18,SD,eyesopen,75,0
P5,0.11362640831205875,0.05753968331410556,False,sub-18,SD,eyesopen,75,0
P7,0.1173294838470873,0.05523716670403945,False,sub-18,SD,eyesopen,75,0
PO3,0.09904788965665498,0.05175528445114869,False,sub-18,SD,eyesopen,75,0
PO7,0.09671070552543694,0.05084893879506323,False,sub-18,SD,eyesopen,75,0
Oz,0.09478927718831409,0.041559484229737764,False,sub-18,SD,eyesopen,75,0
O1,0.08684059794666302,0.04359092140984511,False,sub-18,SD,eyesopen,75,0
Fpz,0.10757971586030943,0.05147332620932766,False,sub-18,SD,eyesopen,75,0
Fp2,0.09929400613556293,0.046428911712662266,False,sub-18,SD,eyesopen,75,0
AF4,0.10966869491299323,0.05770016237857932,False,sub-18,SD,eyesopen,75,0
AF8,0.11181486693221934,0.062134163480898404,False,sub-18,SD,eyesopen,75,0
F2,0.16521878853043287,0.08868609645517053,False,sub-18,SD,eyesopen,75,0
F4,0.14970468173705034,0.0783351648632948,False,sub-18,SD,eyesopen,75,0
F6,0.1372467163588036,0.07118173580712428,False,sub-18,SD,eyesopen,75,0
F8,0.1404166187739571,0.06777150119452331,False,sub-18,SD,eyesopen,75,0
FC2,0.19052018760764122,0.08003267744702093,False,sub-18,SD,eyesopen,75,0
FC4,0.15457132846711238,0.06890369180808287,False,sub-18,SD,eyesopen,75,0
FC6,0.14891624812378662,0.0649850081411161,False,sub-18,SD,eyesopen,75,0
FT8,0.1503242608188725,0.05944532224410319,False,sub-18,SD,eyesopen,75,0
C2,0.1587833662356686,0.06912541651363176,False,sub-18,SD,eyesopen,75,0
C4,0.13555850092392766,0.05893882055383871,False,sub-18,SD,eyesopen,75,0
C6,0.1322811197316528,0.0548934183481041,False,sub-18,SD,eyesopen,75,0
T8,0.1280516537338957,0.05119932969460226,False,sub-18,SD,eyesopen,75,0
CPz,0.14713214543586622,0.06795502764397081,False,sub-18,SD,eyesopen,75,0
CP2,0.1395571360525236,0.06175259796150867,False,sub-18,SD,eyesopen,75,0
CP4,0.12260913220021505,0.05396489405610565,False,sub-18,SD,eyesopen,75,0
CP6,0.1164370907232977,0.05128386105274586,False,sub-18,SD,eyesopen,75,0
TP8,0.11784539688910707,0.05024494541820344,False,sub-18,SD,eyesopen,75,0
TP10,0.12527249623824302,0.05033666534337732,False,sub-18,SD,eyesopen,75,0
P2,0.12000437836237196,0.05476350010121187,False,sub-18,SD,eyesopen,75,0
P4,0.10830239816583978,0.04858953156920298,False,sub-18,SD,eyesopen,75,0
P6,0.09977480971805155,0.043726529327604985,False,sub-18,SD,eyesopen,75,0
P8,0.09680651457277428,0.042957857181984346,False,sub-18,SD,eyesopen,75,0
POz,0.09888898776826065,0.046707521212998794,False,sub-18,SD,eyesopen,75,0
PO4,0.09719003242599213,0.042178395184533556,False,sub-18,SD,eyesopen,75,0
PO8,0.0897038554218749,0.03770685845658996,False,sub-18,SD,eyesopen,75,0
O2,0.098442794032002,0.04048689946359269,False,sub-18,SD,eyesopen,75,0
Fp1,0.23445746193928982,0.11434457587607007,False,sub-18,NS,eyesclosed,75,0
AF3,0.24364033181671027,0.11835447597761162,False,sub-18,NS,eyesclosed,75,0
AF7,0.19892647513323589,0.09881697513677068,False,sub-18,NS,eyesclosed,75,0
Fz,0.29076439831756756,0.12492239027740434,False,sub-18,NS,eyesclosed,75,0
F1,0.2520002891061519,0.11198607312029318,False,sub-18,NS,eyesclosed,75,0
F3,0.21710344192338188,0.10592340730540736,False,sub-18,NS,eyesclosed,75,0
F5,0.16128628253114405,0.08888542014693081,False,sub-18,NS,eyesclosed,75,0
F7,0.19577718898698138,0.08969614628784005,False,sub-18,NS,eyesclosed,75,0
FC1,0.22326040606700967,0.10322136289479254,False,sub-18,NS,eyesclosed,75,0
FC3,0.16559537866163757,0.0903785361793908,False,sub-18,NS,eyesclosed,75,0
FC5,0.1472911387324618,0.08766501356822307,False,sub-18,NS,eyesclosed,75,0
FT7,0.18607593320729685,0.09183182007676274,False,sub-18,NS,eyesclosed,75,0
Cz,0.25641350455357315,0.10984551910978468,False,sub-18,NS,eyesclosed,75,0
C1,0.24849137939836163,0.10308841612475385,False,sub-18,NS,eyesclosed,75,0
C3,0.22816840211204345,0.10833813718176481,False,sub-18,NS,eyesclosed,75,0
C5,0.250403826104621,0.11807710709340467,False,sub-18,NS,eyesclosed,75,0
T7,0.24325410170332665,0.11501849062291186,False,sub-18,NS,eyesclosed,75,0
CP1,0.27079036675771107,0.12851473864461085,False,sub-18,NS,eyesclosed,75,0
CP3,0.2671933657237681,0.1363024424335968,False,sub-18,NS,eyesclosed,75,0
CP5,0.27169396409997404,0.13660019159220987,False,sub-18,NS,eyesclosed,75,0
TP7,0.26598069890657033,0.12904084573422814,False,sub-18,NS,eyesclosed,75,0
TP9,0.26017881634370715,0.1210441928216555,False,sub-18,NS,eyesclosed,75,0
Pz,0.2902912465513562,0.14761828432194038,False,sub-18,NS,eyesclosed,75,0
P1,0.2814786531448407,0.14278745631199732,False,sub-18,NS,eyesclosed,75,0
P3,0.28109645406189615,0.1446244342326831,False,sub-18,NS,eyesclosed,75,0
P5,0.2800548331559702,0.14572966792326686,False,sub-18,NS,eyesclosed,75,0
P7,0.27319200937532634,0.14106011077548658,False,sub-18,NS,eyesclosed,75,0
PO3,0.2913119536064103,0.1522458344850155,False,sub-18,NS,eyesclosed,75,0
PO7,0.28467009989352865,0.15165418976325554,False,sub-18,NS,eyesclosed,75,0
Oz,0.32054103811748286,0.15435476694084915,False,sub-18,NS,eyesclosed,75,0
O1,0.2991762819390238,0.15644914320403902,False,sub-18,NS,eyesclosed,75,0
Fpz,0.24843631509779124,0.12572447576436654,False,sub-18,NS,eyesclosed,75,0
Fp2,0.23333527095507753,0.11735696713739488,False,sub-18,NS,eyesclosed,75,0
AF4,0.21198869202145107,0.12231778257964222,False,sub-18,NS,eyesclosed,75,0
AF8,0.19571511758446905,0.09949655010726462,False,sub-18,NS,eyesclosed,75,0
F2,0.2616544478894442,0.12740302969859346,False,sub-18,NS,eyesclosed,75,0
F4,0.19322455110239362,0.1095835238319154,False,sub-18,NS,eyesclosed,75,0
F6,0.12868823073033714,0.08639582815499272,False,sub-18,NS,eyesclosed,75,0
F8,0.14393154943828457,0.0858235299788561,False,sub-18,NS,eyesclosed,75,0
FC2,0.23461632895426532,0.12173398750706971,False,sub-18,NS,eyesclosed,75,0
FC4,0.18556773970602092,0.11076661920203709,False,sub-18,NS,eyesclosed,75,0
FC6,0.17426552809859341,0.10140073331655491,False,sub-18,NS,eyesclosed,75,0
FT8,0.14683795670848465,0.09144031229299943,False,sub-18,NS,eyesclosed,75,0
C2,0.2572379403143083,0.12344720367978872,False,sub-18,NS,eyesclosed,75,0
C4,0.20200128145758683,0.10843536975816924,False,sub-18,NS,eyesclosed,75,0
C6,0.22280832426286792,0.10996853572242325,False,sub-18,NS,eyesclosed,75,0
T8,0.17057730490502446,0.09540038308841414,False,sub-18,NS,eyesclosed,75,0
CPz,0.2752432898079645,0.12949015287961935,False,sub-18,NS,eyesclosed,75,0
CP2,0.2691689935256344,0.1312678661483294,False,sub-18,NS,eyesclosed,75,0
CP4,0.2601463419858707,0.12918813058859602,False,sub-18,NS,eyesclosed,75,0
CP6,0.22824284454688354,0.11048278873903605,False,sub-18,NS,eyesclosed,75,0
TP8,0.2585711851146855,0.11949480142471557,False,sub-18,NS,eyesclosed,75,0
TP10,0.26228527938370233,0.11779157737511037,False,sub-18,NS,eyesclosed,75,0
P2,0.28145050239667435,0.1439823585780699,False,sub-18,NS,eyesclosed,75,0
P4,0.27414626214197046,0.13652732903821282,False,sub-18,NS,eyesclosed,75,0
P6,0.2732240369823333,0.13070729526302907,False,sub-18,NS,eyesclosed,75,0
P8,0.2698745980883832,0.12698450841985065,False,sub-18,NS,eyesclosed,75,0
POz,0.30907649931950454,0.15738645247738567,False,sub-18,NS,eyesclosed,75,0
PO4,0.2947825330581799,0.14583388497410688,False,sub-18,NS,eyesclosed,75,0
PO8,0.2874866181438601,0.13708356615439451,False,sub-18,NS,eyesclosed,75,0
O2,0.3065751684661367,0.14686251870405065,False,sub-18,NS,eyesclosed,75,0
Fp1,0.09198311998735094,0.054829838088419194,False,sub-18,NS,eyesopen,75,0
AF3,0.10530047640282199,0.061770170291065886,False,sub-18,NS,eyesopen,75,0
AF7,0.0908954561015015,0.052697154060807404,False,sub-18,NS,eyesopen,75,0
Fz,0.14852438421027248,0.0816105283642309,False,sub-18,NS,eyesopen,75,0
F1,0.15242131343800266,0.08392062531416823,False,sub-18,NS,eyesopen,75,0
F3,0.12780921438229897,0.06420226755445421,False,sub-18,NS,eyesopen,75,0
F5,0.10520227767567089,0.046400984994846926,False,sub-18,NS,eyesopen,75,0
F7,0.12073655996964781,0.04723322133132736,False,sub-18,NS,eyesopen,75,0
FC1,0.20216298364468385,0.058459543883333985,False,sub-18,NS,eyesopen,75,0
FC3,0.14302285469588447,0.047900672429889296,False,sub-18,NS,eyesopen,75,0
FC5,0.10808699934638431,0.039552530377539044,False,sub-18,NS,eyesopen,75,0
FT7,0.16236842824681222,0.05569844436269306,False,sub-18,NS,eyesopen,75,0
Cz,0.16160098746542956,0.07017629348679251,False,sub-18,NS,eyesopen,75,0
C1,0.15738949171950378,0.06108452072351575,False,sub-18,NS,eyesopen,75,0
C3,0.14442357654961,0.05666720377485685,False,sub-18,NS,eyesopen,75,0
C5,0.1507792058874957,0.0550400250284369,False,sub-18,NS,eyesopen,75,0
T7,0.13700556403585062,0.04700295694543307,False,sub-18,NS,eyesopen,75,0
CP1,0.13804651528757317,0.059077133188428485,False,sub-18,NS,eyesopen,75,0
CP3,0.13337672115023586,0.05709577274598683,False,sub-18,NS,eyesopen,75,0
CP5,0.135219185996827,0.05746033529515611,False,sub-18,NS,eyesopen,75,0
TP7,0.10578520751596832,0.037533348471686864,False,sub-18,NS,eyesopen,75,0
TP9,0.1293940900933827,0.053270960005522436,False,sub-18,NS,eyesopen,75,0
Pz,0.12827956950431027,0.05314051655495463,False,sub-18,NS,eyesopen,75,0
P1,0.12565926558867674,0.05411316712253914,False,sub-18,NS,eyesopen,75,0
P3,0.11721080147681628,0.053922819345386314,False,sub-18,NS,eyesopen,75,0
P5,0.11354471273201165,0.05501020782307928,False,sub-18,NS,eyesopen,75,0
P7,0.11205719450723703,0.0527844315614349,False,sub-18,NS,eyesopen,75,0
PO3,0.10222279508222035,0.05100060354684723,False,sub-18,NS,eyesopen,75,0
PO7,0.09549313583815407,0.05144066548324492,False,sub-18,NS,eyesopen,75,0
Oz,0.09780691241559178,0.04338968860043819,False,sub-18,NS,eyesopen,75,0
O1,0.09226631177492464,0.04640626732273144,False,sub-18,NS,eyesopen,75,0
Fpz,0.09404756415332136,0.05572284348349136,False,sub-18,NS,eyesopen,75,0
Fp2,0.08258560035170026,0.04888426226321263,False,sub-18,NS,eyesopen,75,0
AF4,0.09551397176581145,0.05608387750404881,False,sub-18,NS,eyesopen,75,0
AF8,0.09264724187255947,0.051171612008774146,False,sub-18,NS,eyesopen,75,0
F2,0.15195804305939126,0.07674205815683877,False,sub-18,NS,eyesopen,75,0
F4,0.1391269576453797,0.06607333373857947,False,sub-18,NS,eyesopen,75,0
F6,0.12487545300014165,0.06054698877352161,False,sub-18,NS,eyesopen,75,0
F8,0.1339510886577589,0.05511148165346604,False,sub-18,NS,eyesopen,75,0
FC2,0.18668737938063795,0.06115992225811192,False,sub-18,NS,eyesopen,75,0
FC4,0.12815425132592353,0.0702959487319709,False,sub-18,NS,eyesopen,75,0
FC6,0.12082775680876835,0.05120567518127215,False,sub-18,NS,eyesopen,75,0
FT8,0.08199194429243044,0.03233379956894986,False,sub-18,NS,eyesopen,75,0
C2,0.14430631393112106,0.061552442128825505,False,sub-18,NS,eyesopen,75,0
C4,0.11245799003520117,0.0464548711664436,False,sub-18,NS,eyesopen,75,0
C6,0.13614884782027065,0.058168637086134026,False,sub-18,NS,eyesopen,75,0
T8,0.09470807112044662,0.03744393283806696,False,sub-18,NS,eyesopen,75,0
CPz,0.14525129183971908,0.06059246775274642,False,sub-18,NS,eyesopen,75,0
CP2,0.13125803949177284,0.05578193788613666,False,sub-18,NS,eyesopen,75,0
CP4,0.12024172308063705,0.05252681809730983,False,sub-18,NS,eyesopen,75,0
CP6,0.10356329759985163,0.041228741898734766,False,sub-18,NS,eyesopen,75,0
TP8,0.11714281103199925,0.04883401718996253,False,sub-18,NS,eyesopen,75,0
TP10,0.12193801872553071,0.050102346728337466,False,sub-18,NS,eyesopen,75,0
P2,0.119809552761991,0.051253730929961404,False,sub-18,NS,eyesopen,75,0
P4,0.10496592503607921,0.04493131186161302,False,sub-18,NS,eyesopen,75,0
P6,0.0958935920879996,0.03985308076464502,False,sub-18,NS,eyesopen,75,0
P8,0.0949159852920128,0.04003554891287586,False,sub-18,NS,eyesopen,75,0
POz,0.10813772633037312,0.04698056776304035,False,sub-18,NS,eyesopen,75,0
PO4,0.09474744473712886,0.039840409263994285,False,sub-18,NS,eyesopen,75,0
PO8,0.08269612506945972,0.03539414124506059,False,sub-18,NS,eyesopen,75,0
O2,0.08719330463887817,0.03723796236627505,False,sub-18,NS,eyesopen,75,0
Fp1,0.17585931262679372,0.0812705271226058,False,sub-19,SD,eyesclosed,75,0
AF3,0.117938365723894,0.0536290395353152,False,sub-19,SD,eyesclosed,75,0
AF7,0.1629092268929812,0.060106119620750534,False,sub-19,SD,eyesclosed,75,0
Fz,0.1527582892165457,0.07595810868247665,False,sub-19,SD,eyesclosed,75,0
F1,0.16746801561005933,0.05282508927803439,False,sub-19,SD,eyesclosed,75,0
F3,0.18865371824367264,0.08566091816982954,False,sub-19,SD,eyesclosed,75,0
F5,0.12790045747119236,0.05472813112456307,False,sub-19,SD,eyesclosed,75,0
F7,0.17541145560866792,0.08260410675999232,False,sub-19,SD,eyesclosed,75,0
FC1,0.13571596828634505,0.05479806284963996,False,sub-19,SD,eyesclosed,75,0
FC3,0.10440400311006577,0.058959468267735266,False,sub-19,SD,eyesclosed,75,0
FC5,0.10702230187063973,0.053708377509426586,False,sub-19,SD,eyesclosed,75,0
FT7,0.11182383988977485,0.05099377373600014,False,sub-19,SD,eyesclosed,75,0
Cz,0.10491419660920613,0.05076771191707783,False,sub-19,SD,eyesclosed,75,0
C1,0.12933162534422551,0.04882555398790572,False,sub-19,SD,eyesclosed,75,0
C3,0.1452495852391338,0.07495990742900638,False,sub-19,SD,eyesclosed,75,0
C5,0.10894861979170799,0.06075934317545391,False,sub-19,SD,eyesclosed,75,0
T7,0.16830639759807667,0.0651113656669226,False,sub-19,SD,eyesclosed,75,0
CP1,0.15003181194491041,0.05481218732090528,False,sub-19,SD,eyesclosed,75,0
CP3,0.18625702846163994,0.08096110575405915,False,sub-19,SD,eyesclosed,75,0
CP5,0.18394186102661234,0.061851366249078506,False,sub-19,SD,eyesclosed,75,0
TP7,0.1703814696339476,0.056136934223964395,False,sub-19,SD,eyesclosed,75,0
TP9,0.13262518005379917,0.0537056084752803,False,sub-19,SD,eyesclosed,75,0
Pz,0.10411100980178906,0.06108911454374168,False,sub-19,SD,eyesclosed,75,0
P1,0.17670613467280535,0.06765044808775557,False,sub-19,SD,eyesclosed,75,0
P3,0.11848375075274965,0.06443040122237204,False,sub-19,SD,eyesclosed,75,0
P5,0.18229558962486,0.06212561148426069,False,sub-19,SD,eyesclosed,75,0
P7,0.11847786458609398,0.06440998644767777,False,sub-19,SD,eyesclosed,75,0
PO3,0.1648670497847697,0.06325436375493473,False,sub-19,SD,eyesclosed,75,0
PO7,0.1717138452379169,0.0557702083737099,False,sub-19,SD,eyesclosed,75,0
Oz,0.17764958763252445,0.07961122084298819,False,sub-19,SD,eyesclosed,75,0
O1,0.1237264713373324,0.05991492762399546,False,sub-19,SD,eyesclosed,75,0
Fpz,0.1265275167430181,0.04911038059948039,False,sub-19,SD,eyesclosed,75,0
Fp2,0.17217062734385238,0.06611799142635855,False,sub-19,SD,eyesclosed,75,0
AF4,0.10693505453734736,0.06458135975471149,False,sub-19,SD,eyesclosed,75,0
AF8,0.11841406150388396,0.0646632132941585,False,sub-19,SD,eyesclosed,75,0
F2,0.141847347240018,0.050116281032957226,False,sub-19,SD,eyesclosed,75,0
F4,0.1880667991336626,0.06482919080123095,False,sub-19,SD,eyesclosed,75,0
F6,0.11016922337544283,0.0682044816104474,False,sub-19,SD,eyesclosed,75,0
F8,0.17619420661254423,0.05722326933696794,False,sub-19,SD,eyesclosed,75,0
FC2,0.1501988093688665,0.07312205099878691,False,sub-19,SD,eyesclosed,75,0
FC4,0.186782844268376,0.0927369823120072,False,sub-19,SD,eyesclosed,75,0
FC6,0.17914106761961654,0.0731839108999661,False,sub-19,SD,eyesclosed,75,0
FT8,0.17519571016510727,0.08336738327756145,False,sub-19,SD,eyesclosed,75,0
C2,0.18042501809715333,0.08327312260360961,False,sub-19,SD,eyesclosed,75,0
C4,0.15134967797960083,0.06124849337255856,False,sub-19,SD,eyesclosed,75,0
C6,0.18701511505821397,0.08682012725339787,False,sub-19,SD,eyesclosed,75,0
T8,0.14869657363786756,0.05326319628191099,False,sub-19,SD,eyesclosed,75,0
CPz,0.12134734480165114,0.06377648582462458,False,sub-19,SD,eyesclosed,75,0
CP2,0.10655072776878068,0.06030620139081879,False,sub-19,SD,eyesclosed,75,0
CP4,0.14775604523116126,0.07664866274682999,False,sub-19,SD,eyesclosed,75,0
CP6,0.1468083350603206,0.06218848763236745,False,sub-19,SD,eyesclosed,75,0
TP8,0.17816303013431886,0.07253003986750131,False,sub-19,SD,eyesclosed,75,0
TP10,0.16940354611250671,0.07018015593130518,False,sub-19,SD,eyesclosed,75,0
P2,0.11186889845302336,0.06041742325092139,False,sub-19,SD,eyesclosed,75,0
P4,0.10982849685986044,0.05476499380213608,False,sub-19,SD,eyesclosed,75,0
P6,0.16674475843920972,0.06929838268726883,False,sub-19,SD,eyesclosed,75,0
P8,0.11678754217980263,0.05005370225211399,False,sub-19,SD,eyesclosed,75,0
POz,0.1121873035115508,0.050727592761400535,False,sub-19,SD,eyesclosed,75,0
PO4,0.13565433420929257,0.07119903630224769,False,sub-19,SD,eyesclosed,75,0
PO8,0.1488109306477237,0.05817868408270854,False,sub-19,SD,eyesclosed,75,0
O2,0.1236899116498522,0.059509842636215456,False,sub-19,SD,eyesclosed,75,0
Fp1,0.1532828158924757,0.061339789761988166,False,sub-19,SD,eyesopen,75,0
AF3,0.1486335250165399,0.0554232793701369,False,sub-19,SD,eyesopen,75,0
AF7,0.1763066454053884,0.054859980871025046,False,sub-19,SD,eyesopen,75,0
Fz,0.1308144029701991,0.062422478990800244,False,sub-19,SD,eyesopen,75,0
F1,0.12544298851881086,0.06589528451449501,False,sub-19,SD,eyesopen,75,0
F3,0.17038755879893605,0.06398408924343718,False,sub-19,SD,eyesopen,75,0
F5,0.17209945516876546,0.05688404482309853,False,sub-19,SD,eyesopen,75,0
F7,0.170660005269172,0.062341233372669135,False,sub-19,SD,eyesopen,75,0
FC1,0.13590001775569757,0.051210293422783305,False,sub-19,SD,eyesopen,75,0
FC3,0.13484578308909406,0.05777835340657642,False,sub-19,SD,eyesopen,75,0
FC5,0.17605684122227672,0.05964551369269231,False,sub-19,SD,eyesopen,75,0
FT7,0.16298070503781759,0.05732417630489465,False,sub-19,SD,eyesopen,75,0
Cz,0.11309606305380107,0.0707299313473631,False,sub-19,SD,eyesopen,75,0
C1,0.10640357616695639,0.06354110403041349,False,sub-19,SD,eyesopen,75,0
C3,0.1410311773080651,0.0570889512464784,False,sub-19,SD,eyesopen,75,0
C5,0.12404762171390615,0.06082515962937952,False,sub-19,SD,eyesopen,75,0
T7,0.17504009384190658,0.05695034893048742,False,sub-19,SD,eyesopen,75,0
CP1,0.10721639920411716,0.06081658977518286,False,sub-19,SD,eyesopen,75,0
CP3,0.11141897561022529,0.062360541426139046,False,sub-19,SD,eyesopen,75,0
CP5,0.13613576922935378,0.057316988880112676,False,sub-19,SD,eyesopen,75,0
TP7,0.09024966337497764,0.035010184664931956,False,sub-19,SD,eyesopen,75,0
TP9,0.14395254259694273,0.06108387845009486,False,sub-19,SD,eyesopen,75,0
Pz,0.09896616807321919,0.06317596468557034,False,sub-19,SD,eyesopen,75,0
P1,0.17528738446830702,0.08344441391985558,False,sub-19,SD,eyesopen,75,0
P3,0.12376809434260826,0.06078311042954129,False,sub-19,SD,eyesopen,75,0
P5,0.17046408991416687,0.061980764834025134,False,sub-19,SD,eyesopen,75,0
P7,0.12403398373864512,0.060828691331947446,False,sub-19,SD,eyesopen,75,0
PO3,0.17425734831223794,0.06381081294996402,False,sub-19,SD,eyesopen,75,0
PO7,0.15817729999709965,0.06493838138247951,False,sub-19,SD,eyesopen,75,0
Oz,0.15320636813711458,0.05806249005572951,False,sub-19,SD,eyesopen,75,0
O1,0.09023359468369663,0.03228606469663329,False,sub-19,SD,eyesopen,75,0
Fpz,0.1004160603806609,0.053290654768677066,False,sub-19,SD,eyesopen,75,0
Fp2,0.15893505228218865,0.06619368076054828,False,sub-19,SD,eyesopen,75,0
AF4,0.1510035797921158,0.05639829404722275,False,sub-19,SD,eyesopen,75,0
AF8,0.1771414479380271,0.05783350783374826,False,sub-19,SD,eyesopen,75,0
F2,0.12046380480023286,0.06062324193864104,False,sub-19,SD,eyesopen,75,0
F4,0.1775622082348601,0.06528327658083616,False,sub-19,SD,eyesopen,75,0
F6,0.15601448936043455,0.05625542257982224,False,sub-19,SD,eyesopen,75,0
F8,0.1811221281999656,0.06756115979704624,False,sub-19,SD,eyesopen,75,0
FC2,0.11302573705249791,0.06311900619257794,False,sub-19,SD,eyesopen,75,0
FC4,0.11961117855806125,0.0537003331173656,False,sub-19,SD,eyesopen,75,0
FC6,0.15016570291694312,0.057209364216643785,False,sub-19,SD,eyesopen,75,0
FT8,0.13227054646697126,0.05564873922689049,False,sub-19,SD,eyesopen,75,0
C2,0.09394240447548421,0.0571607421273361,False,sub-19,SD,eyesopen,75,0
C4,0.13957960328523825,0.0543281650169862,False,sub-19,SD,eyesopen,75,0
C6,0.10003574886108042,0.053164382481562425,False,sub-19,SD,eyesopen,75,0
T8,0.15933112249752726,0.05732836958837653,False,sub-19,SD,eyesopen,75,0
CPz,0.09007050384767386,0.03228543950632956,False,sub-19,SD,eyesopen,75,0
CP2,0.17821126040762758,0.058328706717058414,False,sub-19,SD,eyesopen,75,0
CP4,0.08789506929349239,0.04583600484238979,False,sub-19,SD,eyesopen,75,0
CP6,0.15528393455238895,0.052630182499933655,False,sub-19,SD,eyesopen,75,0
TP8,0.07683215986838968,0.030074524482429303,False,sub-19,SD,eyesopen,75,0
TP10,0.17266247874562785,0.06484134289212189,False,sub-19,SD,eyesopen,75,0
P2,0.16406072297718316,0.0685424404509277,False,sub-19,SD,eyesopen,75,0
P4,0.09673414977400735,0.054629785464630445,False,sub-19,SD,eyesopen,75,0
P6,0.16245164704047244,0.06285554267979182,False,sub-19,SD,eyesopen,75,0
P8,0.11932272880523996,0.060676091064497256,False,sub-19,SD,eyesopen,75,0
POz,0.16093546790435193,0.06622563018647908,False,sub-19,SD,eyesopen,75,0
PO4,0.1761701937285145,0.0617560811472182,False,sub-19,SD,eyesopen,75,0
PO8,0.09328784913645065,0.05234649669873975,False,sub-19,SD,eyesopen,75,0
O2,0.08969514785940698,0.03198140930488151,False,sub-19,SD,eyesopen,75,0
Fp1,0.18225957304684917,0.0640218025099426,False,sub-19,NS,eyesclosed,75,0
AF3,0.13956824300653922,0.06432284254028994,False,sub-19,NS,eyesclosed,75,0
AF7,0.1419220387425974,0.06253054002084175,False,sub-19,NS,eyesclosed,75,0
Fz,0.20664816331935493,0.08541466037113883,False,sub-19,NS,eyesclosed,75,0
F1,0.15028989158257183,0.052676648796838234,False,sub-19,NS,eyesclosed,75,0
F3,0.20704314399119383,0.08304559373292499,False,sub-19,NS,eyesclosed,75,0
F5,0.12181243618357085,0.047380877031860016,False,sub-19,NS,eyesclosed,75,0
F7,0.17526509746698232,0.06585451830551467,False,sub-19,NS,eyesclosed,75,0
FC1,0.13226337797748988,0.05197405961587082,False,sub-19,NS,eyesclosed,75,0
FC3,0.10541018449691174,0.03568132939026078,False,sub-19,NS,eyesclosed,75,0
FC5,0.11374619390974322,0.042833872634102516,False,sub-19,NS,eyesclosed,75,0
FT7,0.09674602132435214,0.038134671196984576,False,sub-19,NS,eyesclosed,75,0
Cz,0.1322126364198364,0.055017066482778876,False,sub-19,NS,eyesclosed,75,0
C1,0.11616664716699536,0.05757629877717064,False,sub-19,NS,eyesclosed,75,0
C3,0.14255873013881978,0.07677452133128783,False,sub-19,NS,eyesclosed,75,0
C5,0.10007504751943935,0.0354411326811355,False,sub-19,NS,eyesclosed,75,0
T7,0.1567600120706527,0.055430287054425986,False,sub-19,NS,eyesclosed,75,0
CP1,0.19373585888768322,0.0936918926584519,False,sub-19,NS,eyesclosed,75,0
CP3,0.18898293848652958,0.060129354614686326,False,sub-19,NS,eyesclosed,75,0
CP5,0.17490445254643358,0.06854422950562998,False,sub-19,NS,eyesclosed,75,0
TP7,0.17200126046496556,0.05312857052246232,False,sub-19,NS,eyesclosed,75,0
TP9,0.11368211000541555,0.045169905712969326,False,sub-19,NS,eyesclosed,75,0
Pz,0.10523502868894102,0.035507239167978384,False,sub-19,NS,eyesclosed,75,0
P1,0.20512063979783007,0.06877961521748999,False,sub-19,NS,eyesclosed,75,0
P3,0.1142837042660419,0.04512530225358718,False,sub-19,NS,eyesclosed,75,0
P5,0.18293754757503633,0.057641947436782796,False,sub-19,NS,eyesclosed,75,0
P7,0.12184248635783793,0.05070398713519396,False,sub-19,NS,eyesclosed,75,0
PO3,0.19367055922949217,0.09308590088209093,False,sub-19,NS,eyesclosed,75,0
PO7,0.1469320875786424,0.052953765008060004,False,sub-19,NS,eyesclosed,75,0
Oz,0.17073649483885528,0.05554065042152989,False,sub-19,NS,eyesclosed,75,0
O1,0.08728153057045931,0.041859120391336685,False,sub-19,NS,eyesclosed,75,0
Fpz,0.10551263999029212,0.049444925797048296,False,sub-19,NS,eyesclosed,75,0
Fp2,0.1692428846358638,0.05521086958380918,False,sub-19,NS,eyesclosed,75,0
AF4,0.10507816880823828,0.03722174660218664,False,sub-19,NS,eyesclosed,75,0
AF8,0.12004849063624233,0.04901562730145071,False,sub-19,NS,eyesclosed,75,0
F2,0.13382188494324582,0.048836372224889624,False,sub-19,NS,eyesclosed,75,0
F4,0.185138825523471,0.0591656319111851,False,sub-19,NS,eyesclosed,75,0
F6,0.0900203000059438,0.03831258426782219,False,sub-19,NS,eyesclosed,75,0
F8,0.1702826535637661,0.04967375489134629,False,sub-19,NS,eyesclosed,75,0
FC2,0.1775885799219971,0.08231364095810632,False,sub-19,NS,eyesclosed,75,0
FC4,0.21246892623865926,0.09077066341199559,False,sub-19,NS,eyesclosed,75,0
FC6,0.1827779892558308,0.0709090953282985,False,sub-19,NS,eyesclosed,75,0
FT8,0.17664319010014817,0.06608303330668262,False,sub-19,NS,eyesclosed,75,0
C2,0.21918825129785954,0.0991548161707481,False,sub-19,NS,eyesclosed,75,0
C4,0.16113801770595548,0.08610382542786917,False,sub-19,NS,eyesclosed,75,0
C6,0.18732043780391336,0.07282356412080625,False,sub-19,NS,eyesclosed,75,0
T8,0.1262334471894064,0.05405963064041046,False,sub-19,NS,eyesclosed,75,0
CPz,0.10312178419062594,0.047065553496872525,False,sub-19,NS,eyesclosed,75,0
CP2,0.10908563256802076,0.03905442198223321,False,sub-19,NS,eyesclosed,75,0
CP4,0.19925204416307152,0.08769817465102892,False,sub-19,NS,eyesclosed,75,0
CP6,0.13957907045548312,0.059746557141152505,False,sub-19,NS,eyesclosed,75,0
TP8,0.159796463811766,0.05888524074631233,False,sub-19,NS,eyesclosed,75,0
TP10,0.1563420521061014,0.057600096042987305,False,sub-19,NS,eyesclosed,75,0
P2,0.1253351260084922,0.053111446067836056,False,sub-19,NS,eyesclosed,75,0
P4,0.10333745173862105,0.032223923532055256,False,sub-19,NS,eyesclosed,75,0
P6,0.1587488601688069,0.06577867467815092,False,sub-19,NS,eyesclosed,75,0
P8,0.10033741316477708,0.04973753604441022,False,sub-19,NS,eyesclosed,75,0
POz,0.09033943018833915,0.04296099169003658,False,sub-19,NS,eyesclosed,75,0
PO4,0.13423145661732544,0.06474320161563737,False,sub-19,NS,eyesclosed,75,0
PO8,0.1406144423259648,0.053636724972533883,False,sub-19,NS,eyesclosed,75,0
O2,0.09575696960771433,0.044862767698056756,False,sub-19,NS,eyesclosed,75,0
Fp1,0.16590160615438093,0.11430292909456703,False,sub-19,NS,eyesopen,75,0
AF3,0.20598092842471175,0.12038876916999336,False,sub-19,NS,eyesopen,75,0
AF7,0.21067385095329855,0.11942809792912266,False,sub-19,NS,eyesopen,75,0
Fz,0.22529154337668444,0.11608753744638665,False,sub-19,NS,eyesopen,75,0
F1,0.18808627320002208,0.08985978367063657,False,sub-19,NS,eyesopen,75,0
F3,0.20869516057504536,0.11429569096817231,False,sub-19,NS,eyesopen,75,0
F5,0.22429543738999816,0.1260392255038982,False,sub-19,NS,eyesopen,75,0
F7,0.1965298703097614,0.11097843625129855,False,sub-19,NS,eyesopen,75,0
FC1,0.2118600253316253,0.12633457646759186,False,sub-19,NS,eyesopen,75,0
FC3,0.23854343827606048,0.1395296165864807,False,sub-19,NS,eyesopen,75,0
FC5,0.22906004721255935,0.12805881891207138,False,sub-19,NS,eyesopen,75,0
FT7,0.21550008640393473,0.12387832926124726,False,sub-19,NS,eyesopen,75,0
Cz,0.21259811594158748,0.11045104536334888,False,sub-19,NS,eyesopen,75,0
C1,0.20857545791232215,0.13540852707750997,False,sub-19,NS,eyesopen,75,0
C3,0.17191093002386154,0.09968204792438681,False,sub-19,NS,eyesopen,75,0
C5,0.21923520462193746,0.1280064703026137,False,sub-19,NS,eyesopen,75,0
T7,0.21509459173616055,0.1214421062296108,False,sub-19,NS,eyesopen,75,0
CP1,0.20265881276735564,0.1350215804554658,False,sub-19,NS,eyesopen,75,0
CP3,0.18290507953037544,0.1258288249039898,False,sub-19,NS,eyesopen,75,0
CP5,0.19895366955741497,0.1322410437231912,False,sub-19,NS,eyesopen,75,0
TP7,0.19092002780833817,0.11762033331843065,False,sub-19,NS,eyesopen,75,0
TP9,0.18471216910273436,0.11449606024672003,False,sub-19,NS,eyesopen,75,0
Pz,0.19970443118745457,0.13814890070948418,False,sub-19,NS,eyesopen,75,0
P1,0.20677967385253745,0.12322888095741942,False,sub-19,NS,eyesopen,75,0
P3,0.2181820621325663,0.13366849475346806,False,sub-19,NS,eyesopen,75,0
P5,0.13906336190676508,0.08769316898720404,False,sub-19,NS,eyesopen,75,0
P7,0.21632140222082125,0.12436767185248816,False,sub-19,NS,eyesopen,75,0
PO3,0.1949878253076776,0.10749268813827041,False,sub-19,NS,eyesopen,75,0
PO7,0.15559230601697527,0.1164243115287772,False,sub-19,NS,eyesopen,75,0
Oz,0.17300871421722785,0.10614702827308319,False,sub-19,NS,eyesopen,75,0
O1,0.15269485012422454,0.10469536750658272,False,sub-19,NS,eyesopen,75,0
Fpz,0.18118428211016008,0.1258772306253213,False,sub-19,NS,eyesopen,75,0
Fp2,0.12203594114238064,0.0969222812571272,False,sub-19,NS,eyesopen,75,0
AF4,0.23185993528086044,0.13895214381859577,False,sub-19,NS,eyesopen,75,0
AF8,0.14513629832684966,0.0916095209191567,False,sub-19,NS,eyesopen,75,0
F2,0.21218703478976877,0.131508271291788,False,sub-19,NS,eyesopen,75,0
F4,0.2035288245163588,0.12216106003069827,False,sub-19,NS,eyesopen,75,0
F6,0.2231123819435488,0.13530969557991326,False,sub-19,NS,eyesopen,75,0
F8,0.17096297809443395,0.09706181795398491,False,sub-19,NS,eyesopen,75,0
FC2,0.22227499951853563,0.13075638703244893,False,sub-19,NS,eyesopen,75,0
FC4,0.20349731050147388,0.14160753908612392,False,sub-19,NS,eyesopen,75,0
FC6,0.22844987683437248,0.13184577909191708,False,sub-19,NS,eyesopen,75,0
FT8,0.17309995066045622,0.11538632473480658,False,sub-19,NS,eyesopen,75,0
C2,0.19932536334426662,0.13813083984481264,False,sub-19,NS,eyesopen,75,0
C4,0.2314613279102648,0.14822386285125905,False,sub-19,NS,eyesopen,75,0
C6,0.16430123749860104,0.12467775235557617,False,sub-19,NS,eyesopen,75,0
T8,0.12692311433047732,0.08550113648571149,False,sub-19,NS,eyesopen,75,0
CPz,0.13793880841217435,0.09798630628941013,False,sub-19,NS,eyesopen,75,0
CP2,0.21644193425578606,0.11752646863045742,False,sub-19,NS,eyesopen,75,0
CP4,0.17336105388461212,0.12474858643498896,False,sub-19,NS,eyesopen,75,0
CP6,0.21147094434333294,0.12078088805676782,False,sub-19,NS,eyesopen,75,0
TP8,0.1267902383643971,0.09583292145260246,False,sub-19,NS,eyesopen,75,0
TP10,0.2243780174280099,0.12087426670379259,False,sub-19,NS,eyesopen,75,0
P2,0.17494211129548518,0.11257670408020544,False,sub-19,NS,eyesopen,75,0
P4,0.1785820068054266,0.134450453056989,False,sub-19,NS,eyesopen,75,0
P6,0.14916223933320377,0.09949846157797766,False,sub-19,NS,eyesopen,75,0
P8,0.16724686713112424,0.11905539201625881,False,sub-19,NS,eyesopen,75,0
POz,0.2224072819881005,0.1219516845028564,False,sub-19,NS,eyesopen,75,0
PO4,0.19783164487285618,0.11642887603437523,False,sub-19,NS,eyesopen,75,0
PO8,0.2142386827647732,0.13139758690010878,False,sub-19,NS,eyesopen,75,0
O2,0.13424490252074162,0.0947686335703044,False,sub-19,NS,eyesopen,75,0
Fp1,0.1788412972015759,0.07379312257278568,False,sub-20,SD,eyesclosed,75,0
AF3,0.1907993155635812,0.07793116914219167,False,sub-20,SD,eyesclosed,75,0
AF7,0.16818467552957259,0.06335307330336541,False,sub-20,SD,eyesclosed,75,0
Fz,0.2004093951473699,0.08268530220709065,False,sub-20,SD,eyesclosed,75,0
F1,0.198751765868807,0.07767312470161696,False,sub-20,SD,eyesclosed,75,0
F3,0.19223185658133723,0.07110475519318074,False,sub-20,SD,eyesclosed,75,0
F5,0.18762051323604517,0.07602806427901503,False,sub-20,SD,eyesclosed,75,0
F7,0.17891513221062794,0.06644865352731946,False,sub-20,SD,eyesclosed,75,0
FC1,0.17893818459190924,0.06663396241243075,False,sub-20,SD,eyesclosed,75,0
FC3,0.18251999270303115,0.07496439361882308,False,sub-20,SD,eyesclosed,75,0
FC5,0.1915110577287688,0.07529590055022721,False,sub-20,SD,eyesclosed,75,0
FT7,0.1970689280138694,0.07086718379863716,False,sub-20,SD,eyesclosed,75,0
Cz,0.18579253344071894,0.07092018047047051,False,sub-20,SD,eyesclosed,75,0
C1,0.17175625252614649,0.0616254047952428,False,sub-20,SD,eyesclosed,75,0
C3,0.17428743955296017,0.06853781365439755,False,sub-20,SD,eyesclosed,75,0
C5,0.19407557955992408,0.07058968267818032,False,sub-20,SD,eyesclosed,75,0
T7,0.1935752102212314,0.0638706470989577,False,sub-20,SD,eyesclosed,75,0
CP1,0.17937654084709687,0.07046441986006373,False,sub-20,SD,eyesclosed,75,0
CP3,0.1772211278044033,0.07204903273284993,False,sub-20,SD,eyesclosed,75,0
CP5,0.18884051903252863,0.07615852765813358,False,sub-20,SD,eyesclosed,75,0
TP7,0.1939911369116554,0.07523443191984151,False,sub-20,SD,eyesclosed,75,0
TP9,0.16773880511406186,0.06498485303674871,False,sub-20,SD,eyesclosed,75,0
Pz,0.18801105501964552,0.08837055861703184,False,sub-20,SD,eyesclosed,75,0
P1,0.1868462794521301,0.08344479944145919,False,sub-20,SD,eyesclosed,75,0
P3,0.18559658242843,0.0838978764809535,False,sub-20,SD,eyesclosed,75,0
P5,0.19147204962724332,0.08744456104174507,False,sub-20,SD,eyesclosed,75,0
P7,0.19574302285767153,0.08185794133753624,False,sub-20,SD,eyesclosed,75,0
PO3,0.1866476121166618,0.08929533279944808,False,sub-20,SD,eyesclosed,75,0
PO7,0.19224245702505033,0.08762603492106195,False,sub-20,SD,eyesclosed,75,0
Oz,0.18090488240387323,0.08135432535526524,False,sub-20,SD,eyesclosed,75,0
O1,0.18073054127082833,0.08074668524304608,False,sub-20,SD,eyesclosed,75,0
Fpz,0.17238114979401362,0.07243508413063626,False,sub-20,SD,eyesclosed,75,0
Fp2,0.17056928690918038,0.07216973064039583,False,sub-20,SD,eyesclosed,75,0
AF4,0.18318626788285153,0.07144071842310755,False,sub-20,SD,eyesclosed,75,0
AF8,0.17338677007643402,0.07033412407862687,False,sub-20,SD,eyesclosed,75,0
F2,0.19400919954756823,0.07812461820754674,False,sub-20,SD,eyesclosed,75,0
F4,0.19394190157107738,0.07200914373934798,False,sub-20,SD,eyesclosed,75,0
F6,0.1888227751567436,0.06738462824493158,False,sub-20,SD,eyesclosed,75,0
F8,0.18790838636566443,0.06598412780795701,False,sub-20,SD,eyesclosed,75,0
FC2,0.19739818357753489,0.061727023458264356,False,sub-20,SD,eyesclosed,75,0
FC4,0.20078952759379287,0.060836621440661896,False,sub-20,SD,eyesclosed,75,0
FC6,0.1967190706894304,0.05965291368036719,False,sub-20,SD,eyesclosed,75,0
FT8,0.19899581155937232,0.0649610413151191,False,sub-20,SD,eyesclosed,75,0
C2,0.1918632396221627,0.06572514739746166,False,sub-20,SD,eyesclosed,75,0
C4,0.19476833906471555,0.05925969024057316,False,sub-20,SD,eyesclosed,75,0
C6,0.19806531587375636,0.061236770574325354,False,sub-20,SD,eyesclosed,75,0
T8,0.1915498422896801,0.0673201325673983,False,sub-20,SD,eyesclosed,75,0
CPz,0.185052726163051,0.07372867176347092,False,sub-20,SD,eyesclosed,75,0
CP2,0.18441577984419358,0.0724591244200919,False,sub-20,SD,eyesclosed,75,0
CP4,0.19072184848860824,0.06801015889856825,False,sub-20,SD,eyesclosed,75,0
CP6,0.19644560183701007,0.0720833681526135,False,sub-20,SD,eyesclosed,75,0
TP8,0.19286461035711644,0.07490162785416418,False,sub-20,SD,eyesclosed,75,0
TP10,0.19215353153302164,0.07080364303578213,False,sub-20,SD,eyesclosed,75,0
P2,0.1873492696514466,0.08426967987864878,False,sub-20,SD,eyesclosed,75,0
P4,0.19049061761810313,0.08104875554546358,False,sub-20,SD,eyesclosed,75,0
P6,0.19636746556852064,0.08445198056384723,False,sub-20,SD,eyesclosed,75,0
P8,0.19647048701721923,0.08074140119946456,False,sub-20,SD,eyesclosed,75,0
POz,0.1903491772156598,0.0972953401418733,False,sub-20,SD,eyesclosed,75,0
PO4,0.18857808133439544,0.08946593634517144,False,sub-20,SD,eyesclosed,75,0
PO8,0.19056794878121766,0.08271055334202274,False,sub-20,SD,eyesclosed,75,0
O2,0.181132910796341,0.07902330357802394,False,sub-20,SD,eyesclosed,75,0
Fp1,0.07222931548902094,0.05226532410244428,False,sub-20,SD,eyesopen,75,0
AF3,0.07991808688354825,0.04609802851167033,False,sub-20,SD,eyesopen,75,0
AF7,0.09830003217512581,0.06756838040622806,False,sub-20,SD,eyesopen,75,0
Fz,0.15260830459939637,0.09218398222069689,False,sub-20,SD,eyesopen,75,0
F1,0.14854533024073283,0.06799723193289203,False,sub-20,SD,eyesopen,75,0
F3,0.13261260022664675,0.056280176738718664,False,sub-20,SD,eyesopen,75,0
F5,0.13658155072493283,0.05835049167749383,False,sub-20,SD,eyesopen,75,0
F7,0.1591216851239195,0.06513350284172248,False,sub-20,SD,eyesopen,75,0
FC1,0.19865681661174694,0.056268443405847274,False,sub-20,SD,eyesopen,75,0
FC3,0.197296689339162,0.06387763055780397,False,sub-20,SD,eyesopen,75,0
FC5,0.20198287762058262,0.0686266413481447,False,sub-20,SD,eyesopen,75,0
FT7,0.21193325819812792,0.07401134476068418,False,sub-20,SD,eyesopen,75,0
Cz,0.16997508204091266,0.07046082878779752,False,sub-20,SD,eyesopen,75,0
C1,0.17105118577933107,0.06273207572532706,False,sub-20,SD,eyesopen,75,0
C3,0.18565511076503383,0.06693968232299462,False,sub-20,SD,eyesopen,75,0
C5,0.20310958018809744,0.07441383272888323,False,sub-20,SD,eyesopen,75,0
T7,0.18908567744804372,0.07083294626020595,False,sub-20,SD,eyesopen,75,0
CP1,0.14922163601741445,0.0633144532926348,False,sub-20,SD,eyesopen,75,0
CP3,0.1615235005383024,0.06580269119958597,False,sub-20,SD,eyesopen,75,0
CP5,0.17403341811859638,0.06963725797259825,False,sub-20,SD,eyesopen,75,0
TP7,0.16874066682673952,0.06695324496057226,False,sub-20,SD,eyesopen,75,0
TP9,0.11608631118336547,0.04391642566282298,False,sub-20,SD,eyesopen,75,0
Pz,0.11676093963812939,0.05573668595384201,False,sub-20,SD,eyesopen,75,0
P1,0.12368554281634722,0.058796886359370484,False,sub-20,SD,eyesopen,75,0
P3,0.12536727770977632,0.0587591217403848,False,sub-20,SD,eyesopen,75,0
P5,0.14923105488351648,0.06594419199424155,False,sub-20,SD,eyesopen,75,0
P7,0.16132427777509378,0.06709651034000685,False,sub-20,SD,eyesopen,75,0
PO3,0.1054298113583759,0.05445428774763777,False,sub-20,SD,eyesopen,75,0
PO7,0.14457209100200774,0.06437029817721135,False,sub-20,SD,eyesopen,75,0
Oz,0.13042337674622725,0.05858044278748546,False,sub-20,SD,eyesopen,75,0
O1,0.13137110819695466,0.05872804743304784,False,sub-20,SD,eyesopen,75,0
Fpz,0.08466902576335891,0.06321462793682146,False,sub-20,SD,eyesopen,75,0
Fp2,0.09325179330279912,0.0715270533505391,False,sub-20,SD,eyesopen,75,0
AF4,0.10119509579457737,0.06786271885479504,False,sub-20,SD,eyesopen,75,0
AF8,0.13276262756348786,0.07999452032394996,False,sub-20,SD,eyesopen,75,0
F2,0.17776259584316753,0.08418859961528909,False,sub-20,SD,eyesopen,75,0
F4,0.1724352268756058,0.06884891410456537,False,sub-20,SD,eyesopen,75,0
F6,0.1939141494688744,0.07080367139128664,False,sub-20,SD,eyesopen,75,0
F8,0.21074364717516766,0.07484114568027475,False,sub-20,SD,eyesopen,75,0
FC2,0.22837711726324136,0.06577369235976599,False,sub-20,SD,eyesopen,75,0
FC4,0.23910090131817904,0.0663137142721405,False,sub-20,SD,eyesopen,75,0
FC6,0.2255093331154336,0.06886785602874756,False,sub-20,SD,eyesopen,75,0
FT8,0.21333752006910284,0.07038526222381547,False,sub-20,SD,eyesopen,75,0
C2,0.17425151741619513,0.06577723772028951,False,sub-20,SD,eyesopen,75,0
C4,0.19666911871981121,0.06255823977595112,False,sub-20,SD,eyesopen,75,0
C6,0.20364460810941148,0.06667690592515937,False,sub-20,SD,eyesopen,75,0
T8,0.17954824111112658,0.06425930419121208,False,sub-20,SD,eyesopen,75,0
CPz,0.14583281604044904,0.06259775213677556,False,sub-20,SD,eyesopen,75,0
CP2,0.14831920605651086,0.06146500670407967,False,sub-20,SD,eyesopen,75,0
CP4,0.1645156906637118,0.062085426145737144,False,sub-20,SD,eyesopen,75,0
CP6,0.17757367002532057,0.06635911829145011,False,sub-20,SD,eyesopen,75,0
TP8,0.17095887136837856,0.06413167076941206,False,sub-20,SD,eyesopen,75,0
TP10,0.15497270545330447,0.06305806144056735,False,sub-20,SD,eyesopen,75,0
P2,0.12326574296093447,0.0553808351899394,False,sub-20,SD,eyesopen,75,0
P4,0.1354408943009619,0.057478735460606334,False,sub-20,SD,eyesopen,75,0
P6,0.15039840435938376,0.06459449184696085,False,sub-20,SD,eyesopen,75,0
P8,0.1569819828034399,0.0629650150585437,False,sub-20,SD,eyesopen,75,0
POz,0.10285543251101299,0.05075270445473771,False,sub-20,SD,eyesopen,75,0
PO4,0.11426960501948846,0.05319589020851059,False,sub-20,SD,eyesopen,75,0
PO8,0.14226143830522076,0.06315694736274448,False,sub-20,SD,eyesopen,75,0
O2,0.1358062625500973,0.060894006192671365,False,sub-20,SD,eyesopen,75,0
Fp1,0.12637012825159202,0.06381549819618108,False,sub-20,NS,eyesclosed,75,1
AF3,0.12625884774624574,0.06040095907917149,False,sub-20,NS,eyesclosed,75,1
AF7,0.12313848374171374,0.05873361755530791,False,sub-20,NS,eyesclosed,75,1
Fz,0.13014127298492117,0.05912346126994599,False,sub-20,NS,eyesclosed,75,1
F1,0.1251487213383212,0.05695530147556815,False,sub-20,NS,eyesclosed,75,1
F3,0.12369045369382588,0.05648599407439798,False,sub-20,NS,eyesclosed,75,1
F5,0.12947785558744251,0.05607843032101216,False,sub-20,NS,eyesclosed,75,1
F7,0.13684183610720924,0.06075248114663421,False,sub-20,NS,eyesclosed,75,1
FC1,0.13352134218977316,0.05471204460610974,True,sub-20,NS,eyesclosed,75,1
FC3,0.1342214117230258,0.05619882619568349,False,sub-20,NS,eyesclosed,75,1
FC5,0.1423123104765361,0.05432011084089176,False,sub-20,NS,eyesclosed,75,1
FT7,0.15188889400962244,0.060902111233884164,False,sub-20,NS,eyesclosed,75,1
Cz,0.14596755069374973,0.0679430852597552,False,sub-20,NS,eyesclosed,75,1
C1,0.15435892041461724,0.07580398429342292,False,sub-20,NS,eyesclosed,75,1
C3,0.1482878719964133,0.06839826366551692,False,sub-20,NS,eyesclosed,75,1
C5,0.15757052196163704,0.06235971013769759,False,sub-20,NS,eyesclosed,75,1
T7,0.15870693135432315,0.06376107394655625,False,sub-20,NS,eyesclosed,75,1
CP1,0.1689568439094038,0.07941961435741142,False,sub-20,NS,eyesclosed,75,1
CP3,0.16938088912382485,0.07945545107540965,False,sub-20,NS,eyesclosed,75,1
CP5,0.17631214947098028,0.07735106646065165,False,sub-20,NS,eyesclosed,75,1
TP7,0.1769128463815902,0.07587183762358442,False,sub-20,NS,eyesclosed,75,1
TP9,0.1415508252362795,0.06470988322413895,False,sub-20,NS,eyesclosed,75,1
Pz,0.20234702356278236,0.09294012836802408,False,sub-20,NS,eyesclosed,75,1
P1,0.1899728493500052,0.08662423126377772,False,sub-20,NS,eyesclosed,75,1
P3,0.19568834770521298,0.08912037331431374,False,sub-20,NS,eyesclosed,75,1
P5,0.196388128990994,0.0879317222367132,False,sub-20,NS,eyesclosed,75,1
P7,0.18974079979155842,0.08542362998742369,False,sub-20,NS,eyesclosed,75,1
PO3,0.22100926935677231,0.09975050199271698,False,sub-20,NS,eyesclosed,75,1
PO7,0.1986764059858909,0.08519033477866937,False,sub-20,NS,eyesclosed,75,1
Oz,0.19383136267092183,0.08970149356880346,False,sub-20,NS,eyesclosed,75,1
O1,0.18158272988331703,0.0812419924828234,False,sub-20,NS,eyesclosed,75,1
Fpz,0.12507129278977147,0.0631966557455117,False,sub-20,NS,eyesclosed,75,1
Fp2,0.11985749764680215,0.05714971845694547,False,sub-20,NS,eyesclosed,75,1
AF4,0.12358467350738676,0.05572584509068786,False,sub-20,NS,eyesclosed,75,1
AF8,0.13220597227332764,0.0565637843130036,False,sub-20,NS,eyesclosed,75,1
F2,0.12856447041632993,0.05628319554873689,False,sub-20,NS,eyesclosed,75,1
F4,0.12930154215007736,0.050964134806445675,False,sub-20,NS,eyesclosed,75,1
F6,0.14112792293439816,0.05359433474715272,False,sub-20,NS,eyesclosed,75,1
F8,0.15516297007692786,0.058449542263083076,False,sub-20,NS,eyesclosed,75,1
FC2,0.12838267327459435,0.05381502681293518,False,sub-20,NS,eyesclosed,75,1
FC4,0.1379433691514664,0.0535437672504547,False,sub-20,NS,eyesclosed,75,1
FC6,0.15662342751167366,0.05975997672560405,False,sub-20,NS,eyesclosed,75,1
FT8,0.1719254931539882,0.07035104501798546,False,sub-20,NS,eyesclosed,75,1
C2,0.13984895529301303,0.061316790672753536,False,sub-20,NS,eyesclosed,75,1
C4,0.14702608575631598,0.061028357386811435,False,sub-20,NS,eyesclosed,75,1
C6,0.16881724909020734,0.0675991381610858,False,sub-20,NS,eyesclosed,75,1
T8,0.18098311745001797,0.07633940398044861,False,sub-20,NS,eyesclosed,75,1
CPz,0.17164486275585278,0.07897247085680453,False,sub-20,NS,eyesclosed,75,1
CP2,0.16112665926374048,0.0763419290470828,False,sub-20,NS,eyesclosed,75,1
CP4,0.1630586534455928,0.07324629465084134,False,sub-20,NS,eyesclosed,75,1
CP6,0.17944597604148135,0.07693332777004193,False,sub-20,NS,eyesclosed,75,1
TP8,0.18896545030691428,0.08141846548224692,False,sub-20,NS,eyesclosed,75,1
TP10,0.17525109266368516,0.07890038066661291,False,sub-20,NS,eyesclosed,75,1
P2,0.1955192518661621,0.09026463358815094,False,sub-20,NS,eyesclosed,75,1
P4,0.19487843345884953,0.08752046859924545,False,sub-20,NS,eyesclosed,75,1
P6,0.20473479920629942,0.08942939985155134,False,sub-20,NS,eyesclosed,75,1
P8,0.20669765850782745,0.09034472865674119,False,sub-20,NS,eyesclosed,75,1
POz,0.22839359871623263,0.10656523957976348,False,sub-20,NS,eyesclosed,75,1
PO4,0.22277931617137825,0.09831681580822926,False,sub-20,NS,eyesclosed,75,1
PO8,0.2102758128859992,0.0924975279276497,False,sub-20,NS,eyesclosed,75,1
O2,0.19843932140993045,0.09141296793851014,False,sub-20,NS,eyesclosed,75,1
Fp1,0.04465054018595807,0.02907720908962058,False,sub-20,NS,eyesopen,75,0
AF3,0.06062904003548571,0.030502487207289368,False,sub-20,NS,eyesopen,75,0
AF7,0.06724024051226976,0.03658389756953165,False,sub-20,NS,eyesopen,75,0
Fz,0.18969863231914622,0.08472084490093079,False,sub-20,NS,eyesopen,75,0
F1,0.10761301236814652,0.052307921011681885,False,sub-20,NS,eyesopen,75,0
F3,0.09137331377408137,0.038980524665033815,False,sub-20,NS,eyesopen,75,0
F5,0.0751958793102559,0.03902409548378576,False,sub-20,NS,eyesopen,75,0
F7,0.10625768814814739,0.04867027926247611,False,sub-20,NS,eyesopen,75,0
FC1,0.12476466808042298,0.05682020317671844,False,sub-20,NS,eyesopen,75,0
FC3,0.11592109689181636,0.05231138166212444,False,sub-20,NS,eyesopen,75,0
FC5,0.14338149992079696,0.06281947572852824,False,sub-20,NS,eyesopen,75,0
FT7,0.14915890892156866,0.06302755678793069,False,sub-20,NS,eyesopen,75,0
Cz,0.1419473711109955,0.06033981581615758,False,sub-20,NS,eyesopen,75,0
C1,0.14274640592697654,0.06134869017103727,False,sub-20,NS,eyesopen,75,0
C3,0.1532757477699873,0.0702186869259395,False,sub-20,NS,eyesopen,75,0
C5,0.162214421408005,0.07245218776310185,False,sub-20,NS,eyesopen,75,0
T7,0.16198391478897947,0.06860715000788302,False,sub-20,NS,eyesopen,75,0
CP1,0.16302830917128228,0.06776181502737154,False,sub-20,NS,eyesopen,75,0
CP3,0.16487615229107266,0.07372048091996894,False,sub-20,NS,eyesopen,75,0
CP5,0.1745800031147377,0.07550970231002366,False,sub-20,NS,eyesopen,75,0
TP7,0.1800479889546162,0.07650052262682476,False,sub-20,NS,eyesopen,75,0
TP9,0.16179052181371553,0.06643010980564969,False,sub-20,NS,eyesopen,75,0
Pz,0.1718935965852394,0.06664110187754334,False,sub-20,NS,eyesopen,75,0
P1,0.16955501729463923,0.07056319830504096,False,sub-20,NS,eyesopen,75,0
P3,0.17764181761853115,0.07708388776917813,False,sub-20,NS,eyesopen,75,0
P5,0.18246331605420585,0.08108437326863145,False,sub-20,NS,eyesopen,75,0
P7,0.18523374515945704,0.0798583475724761,False,sub-20,NS,eyesopen,75,0
PO3,0.18592718720966248,0.08167098003529705,False,sub-20,NS,eyesopen,75,0
PO7,0.18724172502846387,0.08424866175759502,False,sub-20,NS,eyesopen,75,0
Oz,0.18381127701823816,0.08349022925645042,False,sub-20,NS,eyesopen,75,0
O1,0.18348007808942612,0.08272114784107308,False,sub-20,NS,eyesopen,75,0
Fpz,0.07466835675109702,0.04322686712242765,False,sub-20,NS,eyesopen,75,0
Fp2,0.07479582192267627,0.03890623988475164,False,sub-20,NS,eyesopen,75,0
AF4,0.07841136246584315,0.03855287051458922,False,sub-20,NS,eyesopen,75,0
AF8,0.10859210859945849,0.048677319941336644,False,sub-20,NS,eyesopen,75,0
F2,0.6689203475286806,0.06942265319227545,False,sub-20,NS,eyesopen,75,0
F4,0.1806616406818679,0.06849553282102017,False,sub-20,NS,eyesopen,75,0
F6,0.12800662858320414,0.05197728550335127,False,sub-20,NS,eyesopen,75,0
F8,0.2394422105067307,0.08000097376005659,False,sub-20,NS,eyesopen,75,0
FC2,0.14078003565184347,0.06205249491300758,False,sub-20,NS,eyesopen,75,0
FC4,0.1595779308456646,0.0637177594398252,False,sub-20,NS,eyesopen,75,0
FC6,0.1717393162774906,0.06925715581835255,False,sub-20,NS,eyesopen,75,0
FT8,0.16808513854142834,0.06501037277161617,False,sub-20,NS,eyesopen,75,0
C2,0.14261569949582198,0.06321888098691883,False,sub-20,NS,eyesopen,75,0
C4,0.16061425431553955,0.07391750338011582,False,sub-20,NS,eyesopen,75,0
C6,0.17771324706486283,0.07741594708964789,False,sub-20,NS,eyesopen,75,0
T8,0.18301525771458482,0.0724068415579659,False,sub-20,NS,eyesopen,75,0
CPz,0.1589016329854391,0.06543129264610668,False,sub-20,NS,eyesopen,75,0
CP2,0.15549523997707554,0.0705859736399131,False,sub-20,NS,eyesopen,75,0
CP4,0.16486755523305474,0.07932884537806763,False,sub-20,NS,eyesopen,75,0
CP6,0.1794636427238763,0.08196106976578935,False,sub-20,NS,eyesopen,75,0
TP8,0.18647698203488214,0.07989774521955098,False,sub-20,NS,eyesopen,75,0
TP10,0.17707724591569543,0.0778241602009158,False,sub-20,NS,eyesopen,75,0
P2,0.17091270082665555,0.07192026735345942,False,sub-20,NS,eyesopen,75,0
P4,0.17552241136302354,0.07927093768016015,False,sub-20,NS,eyesopen,75,0
P6,0.1860531924347575,0.08623832299582808,False,sub-20,NS,eyesopen,75,0
P8,0.19782375247698641,0.09197852747303875,False,sub-20,NS,eyesopen,75,0
POz,0.18682039627737268,0.07458842828401714,False,sub-20,NS,eyesopen,75,0
PO4,0.1831977544078734,0.08195680570744718,False,sub-20,NS,eyesopen,75,0
PO8,0.1916891973887273,0.09116121318140818,False,sub-20,NS,eyesopen,75,0
O2,0.183873157668298,0.08573992878410443,False,sub-20,NS,eyesopen,75,0
Fp1,0.15177799029266056,0.09532384796563166,False,sub-21,SD,eyesclosed,75,0
AF3,0.163138095250844,0.09015567245265824,False,sub-21,SD,eyesclosed,75,0
AF7,0.15333299733632907,0.09940374283925281,False,sub-21,SD,eyesclosed,75,0
Fz,0.20153829621926775,0.12870109148184403,False,sub-21,SD,eyesclosed,75,0
F1,0.1965815912608212,0.10963303498154321,False,sub-21,SD,eyesclosed,75,0
F3,0.16164580900724926,0.08520735048550283,False,sub-21,SD,eyesclosed,75,0
F5,0.1665189736475897,0.09790246562146515,False,sub-21,SD,eyesclosed,75,0
F7,0.16952589385008235,0.10462762497122449,False,sub-21,SD,eyesclosed,75,0
FC1,0.12430337377654704,0.07221476114710441,False,sub-21,SD,eyesclosed,75,0
FC3,0.16989187652120288,0.08928607570204941,False,sub-21,SD,eyesclosed,75,0
FC5,0.17602633110740049,0.10267065998811685,False,sub-21,SD,eyesclosed,75,0
FT7,0.17281798321215402,0.1031658608277815,False,sub-21,SD,eyesclosed,75,0
Cz,0.18840679228276822,0.10198454815750807,False,sub-21,SD,eyesclosed,75,0
C1,0.17937024613073374,0.09732447319958086,False,sub-21,SD,eyesclosed,75,0
C3,0.17100657227296212,0.08980241581167472,False,sub-21,SD,eyesclosed,75,0
C5,0.18217547154952965,0.09993685874357168,False,sub-21,SD,eyesclosed,75,0
T7,0.18073157295967146,0.10521071391698783,False,sub-21,SD,eyesclosed,75,0
CP1,0.18311003943737827,0.09569078379481462,False,sub-21,SD,eyesclosed,75,0
CP3,0.1716150179614617,0.09203746629268343,False,sub-21,SD,eyesclosed,75,0
CP5,0.17177137248050628,0.09948768725769432,False,sub-21,SD,eyesclosed,75,0
TP7,0.17878664255266524,0.10613639125256621,False,sub-21,SD,eyesclosed,75,0
TP9,0.09784612841023409,0.05643642305667244,False,sub-21,SD,eyesclosed,75,0
Pz,0.18065439998706084,0.09721254692956778,False,sub-21,SD,eyesclosed,75,0
P1,0.17575040410066714,0.09361889156730431,False,sub-21,SD,eyesclosed,75,0
P3,0.1613208315813408,0.09183813123166243,False,sub-21,SD,eyesclosed,75,0
P5,0.16406336650108388,0.09982165058302749,False,sub-21,SD,eyesclosed,75,0
P7,0.17076730080268226,0.11294113719892207,False,sub-21,SD,eyesclosed,75,0
PO3,0.16432377646742669,0.09865564165293145,False,sub-21,SD,eyesclosed,75,0
PO7,0.15345543421244043,0.09973542684280243,False,sub-21,SD,eyesclosed,75,0
Oz,0.1834589748449483,0.10876427457711935,False,sub-21,SD,eyesclosed,75,0
O1,0.17364589883699422,0.10827678587733508,False,sub-21,SD,eyesclosed,75,0
Fpz,0.15568525079807247,0.09131147460624107,False,sub-21,SD,eyesclosed,75,0
Fp2,0.15768573804264488,0.08796053774566592,False,sub-21,SD,eyesclosed,75,0
AF4,0.16529432039220565,0.08880899791749601,False,sub-21,SD,eyesclosed,75,0
AF8,0.15501135036516026,0.0932958731390952,False,sub-21,SD,eyesclosed,75,0
F2,0.17369297610400491,0.09478503720235104,False,sub-21,SD,eyesclosed,75,0
F4,0.16687669186914733,0.08278139404285272,False,sub-21,SD,eyesclosed,75,0
F6,0.16575569428206097,0.09235804677910713,False,sub-21,SD,eyesclosed,75,0
F8,0.16517315707124527,0.09824541302637248,False,sub-21,SD,eyesclosed,75,0
FC2,0.14690319179978156,0.07053723427382513,False,sub-21,SD,eyesclosed,75,0
FC4,0.16656604242707257,0.0851905305152813,False,sub-21,SD,eyesclosed,75,0
FC6,0.17288325982527003,0.09399441022175627,False,sub-21,SD,eyesclosed,75,0
FT8,0.17119527737516466,0.10024346935790343,False,sub-21,SD,eyesclosed,75,0
C2,0.18697055719335276,0.09533503627095666,False,sub-21,SD,eyesclosed,75,0
C4,0.1717173653525953,0.09190320466969762,False,sub-21,SD,eyesclosed,75,0
C6,0.16986349470971293,0.08932040774510276,False,sub-21,SD,eyesclosed,75,0
T8,0.10758372526808638,0.07971460236439822,False,sub-21,SD,eyesclosed,75,0
CPz,0.18670533668137418,0.10353317647561443,False,sub-21,SD,eyesclosed,75,0
CP2,0.18263909770221975,0.09682678982700633,False,sub-21,SD,eyesclosed,75,0
CP4,0.17630182557638144,0.09488852973585347,False,sub-21,SD,eyesclosed,75,0
CP6,0.1787603910967317,0.10030638175563847,False,sub-21,SD,eyesclosed,75,0
TP8,0.15889453711494594,0.092314455920303,False,sub-21,SD,eyesclosed,75,0
TP10,0.1403354799796126,0.08240398138294011,False,sub-21,SD,eyesclosed,75,0
P2,0.1760915589215029,0.09556665732271238,False,sub-21,SD,eyesclosed,75,0
P4,0.168396828185627,0.09713771760494744,False,sub-21,SD,eyesclosed,75,0
P6,0.1625396542380263,0.09724047670838439,False,sub-21,SD,eyesclosed,75,0
P8,0.17703550888888925,0.10335952982759918,False,sub-21,SD,eyesclosed,75,0
POz,0.17298975985150286,0.09796258096119652,False,sub-21,SD,eyesclosed,75,0
PO4,0.1669414503289242,0.09780816823037598,False,sub-21,SD,eyesclosed,75,0
PO8,0.17226663837471104,0.10797482483788609,False,sub-21,SD,eyesclosed,75,0
O2,0.17807692747683657,0.10956986958401613,False,sub-21,SD,eyesclosed,75,0
Fp1,0.11560869518328379,0.0433200220448455,False,sub-21,SD,eyesopen,75,0
AF3,0.12873146049856418,0.044675769333937555,False,sub-21,SD,eyesopen,75,0
AF7,0.10075055250741395,0.04119115544781518,False,sub-21,SD,eyesopen,75,0
Fz,0.15988346721138644,0.06918743184937741,False,sub-21,SD,eyesopen,75,0
F1,0.15069473980643347,0.06219802260205865,False,sub-21,SD,eyesopen,75,0
F3,0.10320263306452195,0.051656882050977466,False,sub-21,SD,eyesopen,75,0
F5,0.10076378485222535,0.04833440622033369,False,sub-21,SD,eyesopen,75,0
F7,0.09996419411991475,0.050373574348174174,False,sub-21,SD,eyesopen,75,0
FC1,0.09691116103832431,0.05424990382515624,False,sub-21,SD,eyesopen,75,0
FC3,0.13496008368587223,0.0725303732586663,False,sub-21,SD,eyesopen,75,0
FC5,0.12790277746802156,0.06837292441944429,False,sub-21,SD,eyesopen,75,0
FT7,0.08746905815956099,0.050368764669720824,False,sub-21,SD,eyesopen,75,0
Cz,0.15187998078786782,0.06546244248616379,False,sub-21,SD,eyesopen,75,0
C1,0.15398712909602472,0.06583233802029746,False,sub-21,SD,eyesopen,75,0
C3,0.15430810284155774,0.0701671352185225,False,sub-21,SD,eyesopen,75,0
C5,0.15727922548306617,0.0738348956463892,False,sub-21,SD,eyesopen,75,0
T7,0.15168322728112965,0.07205228949019647,False,sub-21,SD,eyesopen,75,0
CP1,0.16222342732833997,0.06171108640976244,False,sub-21,SD,eyesopen,75,0
CP3,0.15166770602078608,0.05696596168239459,False,sub-21,SD,eyesopen,75,0
CP5,0.15498301896617514,0.06172517341620822,False,sub-21,SD,eyesopen,75,0
TP7,0.155902214328203,0.06366829688655885,False,sub-21,SD,eyesopen,75,0
TP9,0.09057360408794041,0.03784829736658728,False,sub-21,SD,eyesopen,75,0
Pz,0.15984946459455912,0.062339905343046724,False,sub-21,SD,eyesopen,75,0
P1,0.15495846176076186,0.05753836456678417,False,sub-21,SD,eyesopen,75,0
P3,0.1431699862644966,0.05328028438592966,False,sub-21,SD,eyesopen,75,0
P5,0.14137636009162716,0.05318175790117229,False,sub-21,SD,eyesopen,75,0
P7,0.14178033433145174,0.05509822125372941,False,sub-21,SD,eyesopen,75,0
PO3,0.14310311522600908,0.05565311045747819,False,sub-21,SD,eyesopen,75,0
PO7,0.12880550012739242,0.05191764796393505,False,sub-21,SD,eyesopen,75,0
Oz,0.15026779688617872,0.058273232494132333,False,sub-21,SD,eyesopen,75,0
O1,0.13701479926613716,0.05196375268913147,False,sub-21,SD,eyesopen,75,0
Fpz,0.15255095602469357,0.06717872628781621,False,sub-21,SD,eyesopen,75,0
Fp2,0.14760534893669439,0.06699044632329912,False,sub-21,SD,eyesopen,75,0
AF4,0.15287802058008323,0.06863366815972415,False,sub-21,SD,eyesopen,75,0
AF8,0.1311737418637338,0.06550588742021128,False,sub-21,SD,eyesopen,75,0
F2,0.14506326226324362,0.06605989334427227,False,sub-21,SD,eyesopen,75,0
F4,0.14632674698841966,0.07069174574627886,False,sub-21,SD,eyesopen,75,0
F6,0.13506981698208098,0.07229021491434533,False,sub-21,SD,eyesopen,75,0
F8,0.11098578563283984,0.05363554358922282,False,sub-21,SD,eyesopen,75,0
FC2,0.12447191875161688,0.0633116679489886,False,sub-21,SD,eyesopen,75,0
FC4,0.13558564160572234,0.06780155866703733,False,sub-21,SD,eyesopen,75,0
FC6,0.1338838671831474,0.07364288833539666,False,sub-21,SD,eyesopen,75,0
FT8,0.09844742175078866,0.047727089175751865,False,sub-21,SD,eyesopen,75,0
C2,0.15215413592733218,0.061048074699013195,False,sub-21,SD,eyesopen,75,0
C4,0.14246521819772467,0.059301178665349966,False,sub-21,SD,eyesopen,75,0
C6,0.13283661091504909,0.056035504981576195,False,sub-21,SD,eyesopen,75,0
T8,0.0833689423035765,0.04635539846343618,False,sub-21,SD,eyesopen,75,0
CPz,0.16081397339296727,0.06039417048210799,False,sub-21,SD,eyesopen,75,0
CP2,0.1624839531971984,0.06574754044378818,False,sub-21,SD,eyesopen,75,0
CP4,0.15706650240717696,0.06253726007493146,False,sub-21,SD,eyesopen,75,0
CP6,0.15253389869274797,0.0612756128862804,False,sub-21,SD,eyesopen,75,0
TP8,0.13385275519203316,0.05017182143023949,False,sub-21,SD,eyesopen,75,0
TP10,0.11638329025820376,0.05542940634662135,False,sub-21,SD,eyesopen,75,0
P2,0.1583222679223104,0.06291783586987916,False,sub-21,SD,eyesopen,75,0
P4,0.15344367277999887,0.058196870359570156,False,sub-21,SD,eyesopen,75,0
P6,0.14242924777721763,0.05239231172510203,False,sub-21,SD,eyesopen,75,0
P8,0.15160408357946195,0.05759609669558169,False,sub-21,SD,eyesopen,75,0
POz,0.15103584385765909,0.054872991148729316,False,sub-21,SD,eyesopen,75,0
PO4,0.15060213662278665,0.05770302671787044,False,sub-21,SD,eyesopen,75,0
PO8,0.14385283209398547,0.057325695180265354,False,sub-21,SD,eyesopen,75,0
O2,0.15181385804719782,0.060126552590179544,False,sub-21,SD,eyesopen,75,0
Fp1,0.18101012363288746,0.1418924546090974,False,sub-21,NS,eyesclosed,75,0
AF3,0.1777765718444317,0.14604965882584547,False,sub-21,NS,eyesclosed,75,0
AF7,0.18045291640503908,0.13491683668598714,False,sub-21,NS,eyesclosed,75,0
Fz,0.2147617574736553,0.16112738202636448,False,sub-21,NS,eyesclosed,75,0
F1,0.20725760409761457,0.1490761669728746,False,sub-21,NS,eyesclosed,75,0
F3,0.1790671198100684,0.13635608591485004,False,sub-21,NS,eyesclosed,75,0
F5,0.18267969720392768,0.1292131690049896,False,sub-21,NS,eyesclosed,75,0
F7,0.20872483832898062,0.13105032425246613,False,sub-21,NS,eyesclosed,75,0
FC1,0.16286955243407097,0.0878119626240134,False,sub-21,NS,eyesclosed,75,0
FC3,0.20893436210501734,0.1132803406941445,False,sub-21,NS,eyesclosed,75,0
FC5,0.21468557834476784,0.1253328181117883,False,sub-21,NS,eyesclosed,75,0
FT7,0.21725005141575035,0.13041992438314318,False,sub-21,NS,eyesclosed,75,0
Cz,0.21178855231336843,0.1158025363572121,False,sub-21,NS,eyesclosed,75,0
C1,0.20665969244453447,0.1091366025299393,False,sub-21,NS,eyesclosed,75,0
C3,0.21613409453212745,0.11855658482308731,False,sub-21,NS,eyesclosed,75,0
C5,0.23488203407067157,0.1277482697576029,False,sub-21,NS,eyesclosed,75,0
T7,0.22286321506208517,0.1266500563411086,False,sub-21,NS,eyesclosed,75,0
CP1,0.229853926186123,0.12728275130621963,False,sub-21,NS,eyesclosed,75,0
CP3,0.23956654227962068,0.1351920258758534,False,sub-21,NS,eyesclosed,75,0
CP5,0.2507934640643011,0.13685527189432034,False,sub-21,NS,eyesclosed,75,0
TP7,0.24759556722277304,0.13713743601825015,False,sub-21,NS,eyesclosed,75,0
TP9,0.19450105757231229,0.12338011958732323,False,sub-21,NS,eyesclosed,75,0
Pz,0.24907298471574094,0.13251449344528732,False,sub-21,NS,eyesclosed,75,0
P1,0.24947775950460135,0.13473898510249158,False,sub-21,NS,eyesclosed,75,0
P3,0.2569379159999338,0.1377904629782166,False,sub-21,NS,eyesclosed,75,0
P5,0.272696546782295,0.13495043307373406,False,sub-21,NS,eyesclosed,75,0
P7,0.27582702775748874,0.13566058508613663,False,sub-21,NS,eyesclosed,75,0
PO3,0.2725088516706836,0.1330010291488963,False,sub-21,NS,eyesclosed,75,0
PO7,0.28094326260343766,0.13254156805843734,False,sub-21,NS,eyesclosed,75,0
Oz,0.2773616559760042,0.13521799700144246,False,sub-21,NS,eyesclosed,75,0
O1,0.2739764789613027,0.13425994595382862,False,sub-21,NS,eyesclosed,75,0
Fpz,0.2021174651515974,0.14963250989186305,False,sub-21,NS,eyesclosed,75,0
Fp2,0.20076226970608332,0.14581267844595946,False,sub-21,NS,eyesclosed,75,0
AF4,0.2115837404485034,0.14779923567010944,False,sub-21,NS,eyesclosed,75,0
AF8,0.21358569565886437,0.14454293172927882,False,sub-21,NS,eyesclosed,75,0
F2,0.21997111683331516,0.139253440862345,False,sub-21,NS,eyesclosed,75,0
F4,0.21981632984892915,0.13130956294935278,False,sub-21,NS,eyesclosed,75,0
F6,0.21925982986611345,0.13635517580040862,False,sub-21,NS,eyesclosed,75,0
F8,0.2234224496944014,0.13868971837737717,False,sub-21,NS,eyesclosed,75,0
FC2,0.20898636174839408,0.13321975514312748,False,sub-21,NS,eyesclosed,75,0
FC4,0.2375304527052198,0.12374154151420665,False,sub-21,NS,eyesclosed,75,0
FC6,0.2443589744182718,0.1336662171265608,False,sub-21,NS,eyesclosed,75,0
FT8,0.21045587172563357,0.13840925583188082,False,sub-21,NS,eyesclosed,75,0
C2,0.2338687529503738,0.12372716676585382,False,sub-21,NS,eyesclosed,75,0
C4,0.2454938424914097,0.13620606404061616,False,sub-21,NS,eyesclosed,75,0
C6,0.24515706158235204,0.1357361814098974,False,sub-21,NS,eyesclosed,75,0
T8,0.15850286072351893,0.13128647580832786,False,sub-21,NS,eyesclosed,75,0
CPz,0.2367995757333259,0.1253377506819584,False,sub-21,NS,eyesclosed,75,0
CP2,0.24159533353605436,0.13276642615251014,False,sub-21,NS,eyesclosed,75,0
CP4,0.2522203034771909,0.1386282424556706,False,sub-21,NS,eyesclosed,75,0
CP6,0.259825661521258,0.13730176566182573,False,sub-21,NS,eyesclosed,75,0
TP8,0.24109206630486255,0.13327798216387593,False,sub-21,NS,eyesclosed,75,0
TP10,0.20003671448629637,0.13419925160343307,False,sub-21,NS,eyesclosed,75,0
P2,0.25482577784643773,0.13541430879168384,False,sub-21,NS,eyesclosed,75,0
P4,0.26292122241858407,0.13673533026021623,False,sub-21,NS,eyesclosed,75,0
P6,0.27099949011502467,0.13408132144601054,False,sub-21,NS,eyesclosed,75,0
P8,0.26771375710934125,0.1248626637317876,False,sub-21,NS,eyesclosed,75,0
POz,0.2718219178003662,0.13454300382827944,False,sub-21,NS,eyesclosed,75,0
PO4,0.2773789727812492,0.1354545994735107,False,sub-21,NS,eyesclosed,75,0
PO8,0.2729964432910164,0.13152141214920116,False,sub-21,NS,eyesclosed,75,0
O2,0.2824636592840845,0.13531207600965972,False,sub-21,NS,eyesclosed,75,0
Fp1,0.0822081120385404,0.06752329707186167,False,sub-21,NS,eyesopen,75,0
AF3,0.10216623784448035,0.07055207116328051,False,sub-21,NS,eyesopen,75,0
AF7,0.09680551475919094,0.07319850093038273,False,sub-21,NS,eyesopen,75,0
Fz,0.1945061812057308,0.12760003076946638,False,sub-21,NS,eyesopen,75,0
F1,0.17654578107290492,0.10479981291717999,False,sub-21,NS,eyesopen,75,0
F3,0.12336335296466219,0.08170967096964767,False,sub-21,NS,eyesopen,75,0
F5,0.11317769606231778,0.07702480543984538,False,sub-21,NS,eyesopen,75,0
F7,0.15040587647144202,0.09757395699407176,False,sub-21,NS,eyesopen,75,0
FC1,0.1572837986304968,0.07386814251128859,False,sub-21,NS,eyesopen,75,0
FC3,0.19309313889173144,0.09368118883042341,False,sub-21,NS,eyesopen,75,0
FC5,0.20201873673822998,0.10238443994855788,False,sub-21,NS,eyesopen,75,0
FT7,0.10673015433886938,0.06768163876579733,False,sub-21,NS,eyesopen,75,0
Cz,0.20511940085482738,0.10899574684629519,False,sub-21,NS,eyesopen,75,0
C1,0.20112686364020763,0.11050808632509479,False,sub-21,NS,eyesopen,75,0
C3,0.21741475661595208,0.10852901164405836,False,sub-21,NS,eyesopen,75,0
C5,0.2275107978121276,0.11539006981597372,False,sub-21,NS,eyesopen,75,0
T7,0.2015277095738091,0.12199842402723458,False,sub-21,NS,eyesopen,75,0
CP1,0.21683637748440526,0.1301708331892791,False,sub-21,NS,eyesopen,75,0
CP3,0.2268558082731442,0.13300843776288568,False,sub-21,NS,eyesopen,75,0
CP5,0.24105497664822995,0.13622418214918522,False,sub-21,NS,eyesopen,75,0
TP7,0.2263001770463061,0.12717459142349494,False,sub-21,NS,eyesopen,75,0
TP9,0.15183007785456185,0.09586054856141994,False,sub-21,NS,eyesopen,75,0
Pz,0.21854071826183827,0.12774901715933845,False,sub-21,NS,eyesopen,75,0
P1,0.2233650520178042,0.13327257168357926,False,sub-21,NS,eyesopen,75,0
P3,0.2344410231416805,0.1381782079047735,False,sub-21,NS,eyesopen,75,0
P5,0.2458922681068837,0.14203161004113116,False,sub-21,NS,eyesopen,75,0
P7,0.23491305178621583,0.14239137821745235,False,sub-21,NS,eyesopen,75,0
PO3,0.2363647262831103,0.1365716873336538,False,sub-21,NS,eyesopen,75,0
PO7,0.206278721931453,0.13780547761028458,False,sub-21,NS,eyesopen,75,0
Oz,0.228782484032576,0.13455556379611772,False,sub-21,NS,eyesopen,75,0
O1,0.21922067238745405,0.12892547130321846,False,sub-21,NS,eyesopen,75,0
Fpz,0.121151978628317,0.08843345552501705,False,sub-21,NS,eyesopen,75,0
Fp2,0.0942177912340207,0.06957755751150016,False,sub-21,NS,eyesopen,75,0
AF4,0.11552166539193495,0.07618867445913644,False,sub-21,NS,eyesopen,75,0
AF8,0.12023528501500257,0.0798591097561061,False,sub-21,NS,eyesopen,75,0
F2,0.178332435713137,0.10513316424978293,False,sub-21,NS,eyesopen,75,0
F4,0.12064889733037575,0.08194717197759065,False,sub-21,NS,eyesopen,75,0
F6,0.1097065418513953,0.06631979862438922,False,sub-21,NS,eyesopen,75,0
F8,0.12624556316589708,0.07793208531039286,False,sub-21,NS,eyesopen,75,0
FC2,0.1654742356765215,0.08096064521872133,False,sub-21,NS,eyesopen,75,0
FC4,0.19341602909504554,0.09225378755708423,False,sub-21,NS,eyesopen,75,0
FC6,0.19210733063114502,0.09587727645671629,False,sub-21,NS,eyesopen,75,0
FT8,0.111361318051968,0.06967958606593994,False,sub-21,NS,eyesopen,75,0
C2,0.20207475034434938,0.09623900624887292,False,sub-21,NS,eyesopen,75,0
C4,0.21143446620277526,0.10335297226379186,False,sub-21,NS,eyesopen,75,0
C6,0.20548712744781839,0.10591525943015898,False,sub-21,NS,eyesopen,75,0
T8,0.10162510594408221,0.08117161464292517,False,sub-21,NS,eyesopen,75,0
CPz,0.21616006716661545,0.1240334312275826,False,sub-21,NS,eyesopen,75,0
CP2,0.21351443133487588,0.11640408869288214,False,sub-21,NS,eyesopen,75,0
CP4,0.2138700985759003,0.11287124246420048,False,sub-21,NS,eyesopen,75,0
CP6,0.22562180623379793,0.11780482287628805,False,sub-21,NS,eyesopen,75,0
TP8,0.1967335635881136,0.10497163452760166,False,sub-21,NS,eyesopen,75,0
TP10,0.1585853599908435,0.10289457879190714,False,sub-21,NS,eyesopen,75,0
P2,0.21937911090565326,0.1260775512080925,False,sub-21,NS,eyesopen,75,0
P4,0.21824335257703104,0.12342226985855073,False,sub-21,NS,eyesopen,75,0
P6,0.22659436949107245,0.12570736296105592,False,sub-21,NS,eyesopen,75,0
P8,0.2282710379623211,0.11778784415580847,False,sub-21,NS,eyesopen,75,0
POz,0.2304680764877566,0.13307258435893615,False,sub-21,NS,eyesopen,75,0
PO4,0.22881111331036738,0.13082069778428906,False,sub-21,NS,eyesopen,75,0
PO8,0.20707115380536756,0.12092431829295977,False,sub-21,NS,eyesopen,75,0
O2,0.2282209154152753,0.13275011860516062,False,sub-21,NS,eyesopen,75,0
Fp1,0.14331611740041708,0.09012987094682763,False,sub-22,SD,eyesclosed,75,0
AF3,0.16099212431928756,0.08505336107297816,False,sub-22,SD,eyesclosed,75,0
AF7,0.11060073986375256,0.06920550159402278,False,sub-22,SD,eyesclosed,75,0
Fz,0.2049492440823898,0.0955193654893035,False,sub-22,SD,eyesclosed,75,0
F1,0.18568373304552024,0.07921359185805137,False,sub-22,SD,eyesclosed,75,0
F3,0.17882552005803737,0.08056848691306,False,sub-22,SD,eyesclosed,75,0
F5,0.14500998055012357,0.07322453972055444,False,sub-22,SD,eyesclosed,75,0
F7,0.12535596398528187,0.06715054057135245,False,sub-22,SD,eyesclosed,75,0
FC1,0.16900073887588,0.08094869046920404,False,sub-22,SD,eyesclosed,75,0
FC3,0.17200319371920628,0.08303193782309673,False,sub-22,SD,eyesclosed,75,0
FC5,0.16769032553959684,0.07761622052813785,False,sub-22,SD,eyesclosed,75,0
FT7,0.15979278885402926,0.07840137975222525,False,sub-22,SD,eyesclosed,75,0
Cz,0.19561727580314558,0.08479266452691583,False,sub-22,SD,eyesclosed,75,0
C1,0.2058764792019117,0.09374228738397541,False,sub-22,SD,eyesclosed,75,0
C3,0.1964073441859936,0.08961314361487024,False,sub-22,SD,eyesclosed,75,0
C5,0.2008900119097573,0.08480837044819135,False,sub-22,SD,eyesclosed,75,0
T7,0.14481236545542245,0.06124787767189244,False,sub-22,SD,eyesclosed,75,0
CP1,0.22170333345437893,0.08748775272664668,False,sub-22,SD,eyesclosed,75,0
CP3,0.2018478259236492,0.08532146450397116,False,sub-22,SD,eyesclosed,75,0
CP5,0.2106085022512647,0.08771749153298018,False,sub-22,SD,eyesclosed,75,0
TP7,0.2124417914748867,0.08601358552997941,False,sub-22,SD,eyesclosed,75,0
TP9,0.19509890006571118,0.08210698862950092,False,sub-22,SD,eyesclosed,75,0
Pz,0.21447369502835165,0.07884036135676692,False,sub-22,SD,eyesclosed,75,0
P1,0.20238567787757203,0.07701163336344621,False,sub-22,SD,eyesclosed,75,0
P3,0.18995504482050335,0.07305214286766484,False,sub-22,SD,eyesclosed,75,0
P5,0.17828432739613256,0.06879534794097548,False,sub-22,SD,eyesclosed,75,0
P7,0.1806930799029515,0.07048575915718627,False,sub-22,SD,eyesclosed,75,0
PO3,0.15390465471384862,0.05611351615889318,False,sub-22,SD,eyesclosed,75,0
PO7,0.11555537027935117,0.04349257684565606,False,sub-22,SD,eyesclosed,75,0
Oz,0.1042553084143828,0.036265247685203436,False,sub-22,SD,eyesclosed,75,0
O1,0.08935497058676453,0.033048379172120855,False,sub-22,SD,eyesclosed,75,0
Fpz,0.17161099724404255,0.09691840706288121,False,sub-22,SD,eyesclosed,75,0
Fp2,0.14868156072731872,0.08045391078279723,False,sub-22,SD,eyesclosed,75,0
AF4,0.1733101332885247,0.08091117132439439,False,sub-22,SD,eyesclosed,75,0
AF8,0.10685190323671614,0.06459912638432809,False,sub-22,SD,eyesclosed,75,0
F2,0.19417966310927873,0.08608526607900889,False,sub-22,SD,eyesclosed,75,0
F4,0.1679450147884263,0.07657943771297394,False,sub-22,SD,eyesclosed,75,0
F6,0.13583022415688448,0.06918239503729558,False,sub-22,SD,eyesclosed,75,0
F8,0.11650687434081164,0.06474187085565088,False,sub-22,SD,eyesclosed,75,0
FC2,0.17877146558919338,0.07777169835238462,False,sub-22,SD,eyesclosed,75,0
FC4,0.186123600300144,0.08570172395138616,False,sub-22,SD,eyesclosed,75,0
FC6,0.15707810884691095,0.07315928630762021,False,sub-22,SD,eyesclosed,75,0
FT8,0.1540595951530199,0.07320566911058156,False,sub-22,SD,eyesclosed,75,0
C2,0.22964840981412793,0.09082803651140972,False,sub-22,SD,eyesclosed,75,0
C4,0.2227273095907321,0.09280316152992245,False,sub-22,SD,eyesclosed,75,0
C6,0.19366214498060833,0.07881158679791737,False,sub-22,SD,eyesclosed,75,0
T8,0.12075315630590687,0.0485983339435752,False,sub-22,SD,eyesclosed,75,0
CPz,0.22744462231605236,0.09028209865523701,False,sub-22,SD,eyesclosed,75,0
CP2,0.2315461826503127,0.08248754898838391,False,sub-22,SD,eyesclosed,75,0
CP4,0.2292562902983436,0.08214594498348705,False,sub-22,SD,eyesclosed,75,0
CP6,0.224886754933864,0.08349010756624893,False,sub-22,SD,eyesclosed,75,0
TP8,0.2001162713529377,0.07883262715104607,False,sub-22,SD,eyesclosed,75,0
TP10,0.17843033013668969,0.07950009340635636,False,sub-22,SD,eyesclosed,75,0
P2,0.20392164155279338,0.07432722898150894,False,sub-22,SD,eyesclosed,75,0
P4,0.1981056118914465,0.0672984155382567,False,sub-22,SD,eyesclosed,75,0
P6,0.18499048204465934,0.0609932893521813,False,sub-22,SD,eyesclosed,75,0
P8,0.18218654463348308,0.06501146906632947,False,sub-22,SD,eyesclosed,75,0
POz,0.16461324464024163,0.059111342703067296,False,sub-22,SD,eyesclosed,75,0
PO4,0.16838864375776108,0.05699301399450629,False,sub-22,SD,eyesclosed,75,0
PO8,0.1369066299574029,0.04467612691374402,False,sub-22,SD,eyesclosed,75,0
O2,0.09576207853874678,0.030962882445431113,False,sub-22,SD,eyesclosed,75,0
Fp1,0.15863604413617194,0.0717045155204595,False,sub-22,SD,eyesopen,75,0
AF3,0.16854800143364537,0.07237555511471805,False,sub-22,SD,eyesopen,75,0
AF7,0.16707491919807838,0.07788361093459657,False,sub-22,SD,eyesopen,75,0
Fz,0.18467527497251468,0.07862769710510648,False,sub-22,SD,eyesopen,75,0
F1,0.1857082816664982,0.07986135657001302,False,sub-22,SD,eyesopen,75,0
F3,0.2089265828384046,0.08306966892801819,False,sub-22,SD,eyesopen,75,0
F5,0.1974987262475976,0.08564775898861177,False,sub-22,SD,eyesopen,75,0
F7,0.1885349057016591,0.07745918675127539,False,sub-22,SD,eyesopen,75,0
FC1,0.2159221650539223,0.09061367706614924,False,sub-22,SD,eyesopen,75,0
FC3,0.21638480982959687,0.08530773796600254,False,sub-22,SD,eyesopen,75,0
FC5,0.21951874716437453,0.08199215833925749,False,sub-22,SD,eyesopen,75,0
FT7,0.18312391664939132,0.06489458833099325,False,sub-22,SD,eyesopen,75,0
Cz,0.1836089359557867,0.09081147641446208,False,sub-22,SD,eyesopen,75,0
C1,0.1971939966647522,0.08810905640302284,False,sub-22,SD,eyesopen,75,0
C3,0.22528514338312652,0.08406681185550507,False,sub-22,SD,eyesopen,75,0
C5,0.22932171575737048,0.08009703701074525,False,sub-22,SD,eyesopen,75,0
T7,0.18975973071314559,0.06508288782382435,False,sub-22,SD,eyesopen,75,0
CP1,0.23052683269587443,0.09942911579951676,False,sub-22,SD,eyesopen,75,0
CP3,0.22286753592987416,0.0875716649064284,False,sub-22,SD,eyesopen,75,0
CP5,0.24202939516529284,0.0870408967299553,False,sub-22,SD,eyesopen,75,0
TP7,0.21016975323940576,0.07227984104367072,False,sub-22,SD,eyesopen,75,0
TP9,0.21986708193059498,0.08494839630344939,False,sub-22,SD,eyesopen,75,0
Pz,0.21179701244186291,0.07854917985232258,False,sub-22,SD,eyesopen,75,0
P1,0.21417176465804422,0.08235998534190889,False,sub-22,SD,eyesopen,75,0
P3,0.21868881083104497,0.08217769329296597,False,sub-22,SD,eyesopen,75,0
P5,0.2228594071461487,0.08093582900774524,False,sub-22,SD,eyesopen,75,0
P7,0.2289071065464896,0.08195890276528231,False,sub-22,SD,eyesopen,75,0
PO3,0.20416458362951337,0.07519150284994305,False,sub-22,SD,eyesopen,75,0
PO7,0.19226806323767803,0.07188857729356872,False,sub-22,SD,eyesopen,75,0
Oz,0.1778968913364363,0.06946714098965726,False,sub-22,SD,eyesopen,75,0
O1,0.1699079391440179,0.06636327661855124,False,sub-22,SD,eyesopen,75,0
Fpz,0.16238819598346868,0.07160205680737403,False,sub-22,SD,eyesopen,75,0
Fp2,0.15967612999228412,0.07225678844410607,False,sub-22,SD,eyesopen,75,0
AF4,0.17159109906652215,0.07660833987841499,False,sub-22,SD,eyesopen,75,0
AF8,0.16237529129609948,0.0791330021997304,False,sub-22,SD,eyesopen,75,0
F2,0.19758413002886682,0.08686513896413799,False,sub-22,SD,eyesopen,75,0
F4,0.1836848259867651,0.08401354818139697,False,sub-22,SD,eyesopen,75,0
F6,0.18537662644680256,0.07933679052415878,False,sub-22,SD,eyesopen,75,0
F8,0.18564284332525052,0.07848906188942126,False,sub-22,SD,eyesopen,75,0
FC2,0.19412021073275,0.07443481970321499,False,sub-22,SD,eyesopen,75,0
FC4,0.22519775875369571,0.08696478070104628,False,sub-22,SD,eyesopen,75,0
FC6,0.20354645505672164,0.07489389810552281,False,sub-22,SD,eyesopen,75,0
FT8,0.20455799456020926,0.0748301220756434,False,sub-22,SD,eyesopen,75,0
C2,0.2337751135547326,0.09933631856437682,False,sub-22,SD,eyesopen,75,0
C4,0.2450618446464237,0.09039402582389042,False,sub-22,SD,eyesopen,75,0
C6,0.25566368667617034,0.09487956680912944,False,sub-22,SD,eyesopen,75,0
T8,0.23465106071945552,0.08957283166467452,False,sub-22,SD,eyesopen,75,0
CPz,0.22271913998283377,0.09755404725243709,False,sub-22,SD,eyesopen,75,0
CP2,0.23363245034549793,0.09359149381927044,False,sub-22,SD,eyesopen,75,0
CP4,0.23972063630763066,0.09379710917852174,False,sub-22,SD,eyesopen,75,0
CP6,0.24340081442074346,0.09602899503372507,False,sub-22,SD,eyesopen,75,0
TP8,0.16739995523305087,0.06339409488644404,False,sub-22,SD,eyesopen,75,0
TP10,0.22624956215251837,0.09707350761252434,False,sub-22,SD,eyesopen,75,0
P2,0.20602952251364498,0.07701588131501873,False,sub-22,SD,eyesopen,75,0
P4,0.20842750616250486,0.07746416490126898,False,sub-22,SD,eyesopen,75,0
P6,0.21512594119800202,0.07900718119614791,False,sub-22,SD,eyesopen,75,0
P8,0.2246741651883105,0.08951068496046218,False,sub-22,SD,eyesopen,75,0
POz,0.1977116667116028,0.07249026420831632,False,sub-22,SD,eyesopen,75,0
PO4,0.20580736311812656,0.07616370476076051,False,sub-22,SD,eyesopen,75,0
PO8,0.1832111867983011,0.06852549252869657,False,sub-22,SD,eyesopen,75,0
O2,0.17343989253417105,0.06554358415264447,False,sub-22,SD,eyesopen,75,0
Fp1,0.2523827271777055,0.09374444011814904,False,sub-22,NS,eyesclosed,75,0
AF3,0.26261423733611633,0.09286829317458001,False,sub-22,NS,eyesclosed,75,0
AF7,0.17788218023781877,0.0836219453868383,False,sub-22,NS,eyesclosed,75,0
Fz,0.29039746801749655,0.10086584623007,False,sub-22,NS,eyesclosed,75,0
F1,0.2506516599882682,0.09214536237944732,False,sub-22,NS,eyesclosed,75,0
F3,0.24658985246976775,0.09790864352215509,False,sub-22,NS,eyesclosed,75,0
F5,0.21383294716387444,0.0958197216807259,False,sub-22,NS,eyesclosed,75,0
F7,0.16718000621284973,0.07920085559848873,False,sub-22,NS,eyesclosed,75,0
FC1,0.20099449515317416,0.07196271253354865,False,sub-22,NS,eyesclosed,75,0
FC3,0.23807404304555463,0.09145337855796126,False,sub-22,NS,eyesclosed,75,0
FC5,0.21638146689181045,0.09229748926607853,False,sub-22,NS,eyesclosed,75,0
FT7,0.21326038864955538,0.0857317020615686,False,sub-22,NS,eyesclosed,75,0
Cz,0.24157671416815038,0.08311655795220431,False,sub-22,NS,eyesclosed,75,0
C1,0.2588509642301781,0.07962552604077977,False,sub-22,NS,eyesclosed,75,0
C3,0.2760190990846675,0.08658623193359048,False,sub-22,NS,eyesclosed,75,0
C5,0.24638506615719147,0.09124282239317445,False,sub-22,NS,eyesclosed,75,0
T7,0.244701547838618,0.08213759659751144,False,sub-22,NS,eyesclosed,75,0
CP1,0.2692367172003055,0.08450176422840266,False,sub-22,NS,eyesclosed,75,0
CP3,0.2765543753646229,0.0923331941666016,False,sub-22,NS,eyesclosed,75,0
CP5,0.29482312406967137,0.09535625404655913,False,sub-22,NS,eyesclosed,75,0
TP7,0.2937954172311104,0.0912969502966861,False,sub-22,NS,eyesclosed,75,0
TP9,0.27557440699242275,0.08570932826118212,False,sub-22,NS,eyesclosed,75,0
Pz,0.26400754596522724,0.07733778785164849,False,sub-22,NS,eyesclosed,75,0
P1,0.25847208656659376,0.08538512752182213,False,sub-22,NS,eyesclosed,75,0
P3,0.2574192898753923,0.09796222189318184,False,sub-22,NS,eyesclosed,75,0
P5,0.2576832163621056,0.0975512786457137,False,sub-22,NS,eyesclosed,75,0
P7,0.25756696393820194,0.08728092135193265,False,sub-22,NS,eyesclosed,75,0
PO3,0.22038420863765254,0.0867723209275717,False,sub-22,NS,eyesclosed,75,0
PO7,0.18633838557170002,0.07821146960753386,False,sub-22,NS,eyesclosed,75,0
Oz,0.14044772869099234,0.06154962125186963,False,sub-22,NS,eyesclosed,75,0
O1,0.14023397459869055,0.06590263510202708,False,sub-22,NS,eyesclosed,75,0
Fpz,0.23177343281142754,0.08607953816948447,False,sub-22,NS,eyesclosed,75,0
Fp2,0.19775516667886908,0.08403461529700527,False,sub-22,NS,eyesclosed,75,0
AF4,0.23731846182003277,0.09452690297484094,False,sub-22,NS,eyesclosed,75,0
AF8,0.17996964739505927,0.08213697893642685,False,sub-22,NS,eyesclosed,75,0
F2,0.2482005282149179,0.09011283119758293,False,sub-22,NS,eyesclosed,75,0
F4,0.22734859413127367,0.08927741655476785,False,sub-22,NS,eyesclosed,75,0
F6,0.18564307884108175,0.0757006136384566,False,sub-22,NS,eyesclosed,75,0
F8,0.18328091978423977,0.07967541721572897,False,sub-22,NS,eyesclosed,75,0
FC2,0.24149834023596067,0.08758466638983677,False,sub-22,NS,eyesclosed,75,0
FC4,0.2326800432344059,0.08439947890883613,False,sub-22,NS,eyesclosed,75,0
FC6,0.1897653613937114,0.07480039834652331,False,sub-22,NS,eyesclosed,75,0
FT8,0.21861801121054872,0.08528422535652166,False,sub-22,NS,eyesclosed,75,0
C2,0.28129182469687763,0.08801559002830155,False,sub-22,NS,eyesclosed,75,0
C4,0.26927477486150947,0.0888254169036704,False,sub-22,NS,eyesclosed,75,0
C6,0.24040559144392565,0.08302844004830519,False,sub-22,NS,eyesclosed,75,0
T8,0.20602990293450843,0.07310354914638705,False,sub-22,NS,eyesclosed,75,0
CPz,0.2691961450700031,0.08265983133775003,False,sub-22,NS,eyesclosed,75,0
CP2,0.2701721002182006,0.08215341342249316,False,sub-22,NS,eyesclosed,75,0
CP4,0.2675655270799554,0.08107457581943854,False,sub-22,NS,eyesclosed,75,0
CP6,0.2598321557058235,0.0833885585713857,False,sub-22,NS,eyesclosed,75,0
TP8,0.27548599660991746,0.08981336341823092,False,sub-22,NS,eyesclosed,75,0
TP10,0.24282953166509297,0.07984252934915086,False,sub-22,NS,eyesclosed,75,0
P2,0.25112776743869925,0.07313059947980535,False,sub-22,NS,eyesclosed,75,0
P4,0.25089033443523273,0.07341159419131851,False,sub-22,NS,eyesclosed,75,0
P6,0.2391737721032943,0.07355557627555727,False,sub-22,NS,eyesclosed,75,0
P8,0.22926629417756217,0.0765782281012217,False,sub-22,NS,eyesclosed,75,0
POz,0.22568043562858292,0.0733233563356461,False,sub-22,NS,eyesclosed,75,0
PO4,0.2270046957324214,0.07045020750160647,False,sub-22,NS,eyesclosed,75,0
PO8,0.1817560223650495,0.06432505313896315,False,sub-22,NS,eyesclosed,75,0
O2,0.1506396431205808,0.058761414363121635,False,sub-22,NS,eyesclosed,75,0
Fp1,0.16165208706254694,0.1115677756236584,False,sub-22,NS,eyesopen,75,0
AF3,0.17028460686970454,0.1089838472953402,False,sub-22,NS,eyesopen,75,0
AF7,0.15317645128367977,0.10508632074130851,False,sub-22,NS,eyesopen,75,0
Fz,0.21093646322944634,0.10731048320660927,False,sub-22,NS,eyesopen,75,0
F1,0.19347539133027244,0.09400170933253223,False,sub-22,NS,eyesopen,75,0
F3,0.1923135610179327,0.09542337422485762,False,sub-22,NS,eyesopen,75,0
F5,0.181658647581556,0.08940718992276267,False,sub-22,NS,eyesopen,75,0
F7,0.17785939255335287,0.08628259429433519,False,sub-22,NS,eyesopen,75,0
FC1,0.19984773386306864,0.07271800862486785,False,sub-22,NS,eyesopen,75,0
FC3,0.21389162662363276,0.07643302647519808,False,sub-22,NS,eyesopen,75,0
FC5,0.18137363086035652,0.06658018384636798,False,sub-22,NS,eyesopen,75,0
FT7,0.2443869519409074,0.07946304388354784,False,sub-22,NS,eyesopen,75,0
Cz,0.21740883311126818,0.0792907888315774,False,sub-22,NS,eyesopen,75,0
C1,0.23323111613139963,0.07749704892055531,False,sub-22,NS,eyesopen,75,0
C3,0.25238901975241373,0.07648272446419106,False,sub-22,NS,eyesopen,75,0
C5,0.21595257560702028,0.06774655367055749,False,sub-22,NS,eyesopen,75,0
T7,0.25183903422365655,0.0784769357570296,False,sub-22,NS,eyesopen,75,0
CP1,0.2465040112209635,0.07710619161544251,False,sub-22,NS,eyesopen,75,0
CP3,0.2472588023399668,0.07390294356236717,False,sub-22,NS,eyesopen,75,0
CP5,0.2505949788096666,0.0826065170387151,False,sub-22,NS,eyesopen,75,0
TP7,0.24550720769124798,0.08367356984176334,False,sub-22,NS,eyesopen,75,0
TP9,0.22926717119781556,0.08376083782515491,False,sub-22,NS,eyesopen,75,0
Pz,0.24025110870306762,0.07585653275161741,False,sub-22,NS,eyesopen,75,0
P1,0.2361535665082508,0.07404955167880285,False,sub-22,NS,eyesopen,75,0
P3,0.22560872720637926,0.07085693571706564,False,sub-22,NS,eyesopen,75,0
P5,0.2213491124542917,0.07642673676639881,False,sub-22,NS,eyesopen,75,0
P7,0.22647285427540334,0.08401280715586316,False,sub-22,NS,eyesopen,75,0
PO3,0.20417764139200345,0.0654769971348101,False,sub-22,NS,eyesopen,75,0
PO7,0.18087817921977112,0.0644866183834975,False,sub-22,NS,eyesopen,75,0
Oz,0.14964846153213948,0.053832613505805,False,sub-22,NS,eyesopen,75,0
O1,0.1443535244185398,0.05294344420535713,False,sub-22,NS,eyesopen,75,0
Fpz,0.16267788843261172,0.10478503385620018,False,sub-22,NS,eyesopen,75,0
Fp2,0.16991244662968555,0.10045087081561774,False,sub-22,NS,eyesopen,75,0
AF4,0.1881827803065787,0.10816587098584346,False,sub-22,NS,eyesopen,75,0
AF8,0.17694257733764812,0.07899442399150217,False,sub-22,NS,eyesopen,75,0
F2,0.2134618110689282,0.09251241991955617,False,sub-22,NS,eyesopen,75,0
F4,0.20102691406135115,0.08234934413509915,False,sub-22,NS,eyesopen,75,0
F6,0.16739003244419456,0.05782945773712858,False,sub-22,NS,eyesopen,75,0
F8,0.17449979715285766,0.053046129091685136,False,sub-22,NS,eyesopen,75,0
FC2,0.24444819710010426,0.060666261755869796,False,sub-22,NS,eyesopen,75,0
FC4,0.23633709142250392,0.0589429255592106,False,sub-22,NS,eyesopen,75,0
FC6,0.20963923632780523,0.0541428789595595,False,sub-22,NS,eyesopen,75,0
FT8,0.23577822539948703,0.06435184114604238,False,sub-22,NS,eyesopen,75,0
C2,0.25655650005712244,0.08269862783744326,False,sub-22,NS,eyesopen,75,0
C4,0.25805282683964237,0.07191201111208727,False,sub-22,NS,eyesopen,75,0
C6,0.25851930849117477,0.06754142995349031,False,sub-22,NS,eyesopen,75,0
T8,0.25507060804971105,0.07579422977251164,False,sub-22,NS,eyesopen,75,0
CPz,0.24732160621683646,0.08058332084760345,False,sub-22,NS,eyesopen,75,0
CP2,0.24819074298083876,0.0821160914625013,False,sub-22,NS,eyesopen,75,0
CP4,0.2519331049234367,0.08033585958735258,False,sub-22,NS,eyesopen,75,0
CP6,0.25217432755744723,0.07759450283509546,False,sub-22,NS,eyesopen,75,0
TP8,0.2472714293636642,0.07739804721978287,False,sub-22,NS,eyesopen,75,0
TP10,0.23944461368460204,0.08202753585269543,False,sub-22,NS,eyesopen,75,0
P2,0.236622618432377,0.07797629019344439,False,sub-22,NS,eyesopen,75,0
P4,0.2352579102725593,0.07799135180736023,False,sub-22,NS,eyesopen,75,0
P6,0.2275880015771681,0.07577865213956854,False,sub-22,NS,eyesopen,75,0
P8,0.22817227967393625,0.07482691943912056,False,sub-22,NS,eyesopen,75,0
POz,0.21578327613211012,0.07240096724152402,False,sub-22,NS,eyesopen,75,0
PO4,0.21675755461366972,0.0761354562927205,False,sub-22,NS,eyesopen,75,0
PO8,0.19944356762324575,0.06643974166638102,False,sub-22,NS,eyesopen,75,0
O2,0.17126530854942254,0.06057024357698382,False,sub-22,NS,eyesopen,75,0
Fp1,0.1819552619406116,0.08530134733463184,False,sub-23,NS,eyesclosed,75,0
AF3,0.19782060212149463,0.0875976687218529,False,sub-23,NS,eyesclosed,75,0
AF7,0.1855494896723716,0.08729590028593322,False,sub-23,NS,eyesclosed,75,0
Fz,0.17324624304939718,0.07352724593014594,False,sub-23,NS,eyesclosed,75,0
F1,0.19082676268979495,0.08067872091641545,False,sub-23,NS,eyesclosed,75,0
F3,0.1909885140489828,0.08237011238619818,False,sub-23,NS,eyesclosed,75,0
F5,0.20062701643888908,0.09126067283693234,False,sub-23,NS,eyesclosed,75,0
F7,0.20914683726337932,0.0919259361575071,False,sub-23,NS,eyesclosed,75,0
FC1,0.17039425677173514,0.07558707689399344,False,sub-23,NS,eyesclosed,75,0
FC3,0.18397651378838742,0.07774253237104417,False,sub-23,NS,eyesclosed,75,0
FC5,0.20824061971092728,0.09297127582321213,False,sub-23,NS,eyesclosed,75,0
FT7,0.21543841129498525,0.09236742836319196,False,sub-23,NS,eyesclosed,75,0
Cz,0.1858219014388881,0.08222763896599253,False,sub-23,NS,eyesclosed,75,0
C1,0.17969723650056083,0.07984401258404236,False,sub-23,NS,eyesclosed,75,0
C3,0.19992728612611693,0.08744341049172924,False,sub-23,NS,eyesclosed,75,0
C5,0.2100301482185321,0.09170410913476255,False,sub-23,NS,eyesclosed,75,0
T7,0.19410271371282492,0.0885963094715152,False,sub-23,NS,eyesclosed,75,0
CP1,0.19737857764201347,0.0829588773395715,False,sub-23,NS,eyesclosed,75,0
CP3,0.2040417466417515,0.08969506063626347,False,sub-23,NS,eyesclosed,75,0
CP5,0.20923086007377484,0.09257762967653713,False,sub-23,NS,eyesclosed,75,0
TP7,0.21323378846293203,0.09350793131331231,False,sub-23,NS,eyesclosed,75,0
TP9,0.20069085283167737,0.08946979111566751,False,sub-23,NS,eyesclosed,75,0
Pz,0.21259550354615028,0.0786576395613936,False,sub-23,NS,eyesclosed,75,0
P1,0.20992016469350377,0.0863050917524119,False,sub-23,NS,eyesclosed,75,0
P3,0.21335140235939362,0.09190280022729119,False,sub-23,NS,eyesclosed,75,0
P5,0.21484133527146426,0.09623681053647412,False,sub-23,NS,eyesclosed,75,0
P7,0.21586423847972844,0.0971081650986958,False,sub-23,NS,eyesclosed,75,0
PO3,0.22378219068230323,0.09673023973747126,False,sub-23,NS,eyesclosed,75,0
PO7,0.21767867103241248,0.09928436142795141,False,sub-23,NS,eyesclosed,75,0
Oz,0.2294341957041712,0.09604502706900876,False,sub-23,NS,eyesclosed,75,0
O1,0.21653025250404648,0.0929686990719067,False,sub-23,NS,eyesclosed,75,0
Fpz,0.18123071701315624,0.08701563150572332,False,sub-23,NS,eyesclosed,75,0
Fp2,0.18128750316484726,0.08129132409485745,False,sub-23,NS,eyesclosed,75,0
AF4,0.19659972170155723,0.07548233061630082,False,sub-23,NS,eyesclosed,75,0
AF8,0.1975391247219358,0.08012681021764304,False,sub-23,NS,eyesclosed,75,0
F2,0.18391447925163137,0.07631864922156846,False,sub-23,NS,eyesclosed,75,0
F4,0.19354195143466543,0.07360911118643529,False,sub-23,NS,eyesclosed,75,0
F6,0.21203184412516868,0.07905594305897815,False,sub-23,NS,eyesclosed,75,0
F8,0.22096295506402958,0.08495298738228382,False,sub-23,NS,eyesclosed,75,0
FC2,0.18402298088526037,0.08579493180588701,False,sub-23,NS,eyesclosed,75,0
FC4,0.20164439746722224,0.08550500766493234,False,sub-23,NS,eyesclosed,75,0
FC6,0.2247868894523368,0.08836214364767853,False,sub-23,NS,eyesclosed,75,0
FT8,0.23187000992946427,0.09052995936463533,False,sub-23,NS,eyesclosed,75,0
C2,0.18053853069375034,0.07840488513779308,False,sub-23,NS,eyesclosed,75,0
C4,0.21755433160638263,0.09506693209929055,False,sub-23,NS,eyesclosed,75,0
C6,0.22886741534826324,0.09501933879181826,False,sub-23,NS,eyesclosed,75,0
T8,0.23401335689896763,0.09166969512427788,False,sub-23,NS,eyesclosed,75,0
CPz,0.20353093262672584,0.08063161894100113,False,sub-23,NS,eyesclosed,75,0
CP2,0.1780534144945239,0.07087837717614903,False,sub-23,NS,eyesclosed,75,0
CP4,0.21810268284781556,0.09540486207358533,False,sub-23,NS,eyesclosed,75,0
CP6,0.22654115303979452,0.09689421998107567,False,sub-23,NS,eyesclosed,75,0
TP8,0.233868023481477,0.08930017121993379,False,sub-23,NS,eyesclosed,75,0
TP10,0.22567179500275136,0.08534519456842629,False,sub-23,NS,eyesclosed,75,0
P2,0.21788251268807998,0.08577997562776567,False,sub-23,NS,eyesclosed,75,0
P4,0.2195881671140173,0.0930036790808021,False,sub-23,NS,eyesclosed,75,0
P6,0.22356897629009945,0.09747532070086744,False,sub-23,NS,eyesclosed,75,0
P8,0.22735299788092211,0.09038682243807845,False,sub-23,NS,eyesclosed,75,0
POz,0.23803896645646896,0.09548698310123989,False,sub-23,NS,eyesclosed,75,0
PO4,0.23208982242202533,0.09836838705560744,False,sub-23,NS,eyesclosed,75,0
PO8,0.21916576387916975,0.09388524993966406,False,sub-23,NS,eyesclosed,75,0
O2,0.21679266322889335,0.09190728931756405,False,sub-23,NS,eyesclosed,75,0
Fp1,0.11350657127749225,0.08272572177393755,False,sub-23,NS,eyesopen,75,0
AF3,0.12206420067094989,0.0749100932990975,False,sub-23,NS,eyesopen,75,0
AF7,0.13195604263400545,0.0871576056471104,False,sub-23,NS,eyesopen,75,0
Fz,0.16769454605637868,0.11351206325588346,False,sub-23,NS,eyesopen,75,0
F1,0.15047551451999386,0.08257360218854226,False,sub-23,NS,eyesopen,75,0
F3,0.14626278659656344,0.06813047501992775,False,sub-23,NS,eyesopen,75,0
F5,0.15959572484627674,0.07761093882989456,False,sub-23,NS,eyesopen,75,0
F7,0.17304097839856786,0.0880573190659566,False,sub-23,NS,eyesopen,75,0
FC1,0.16520042188850792,0.06414690318514084,False,sub-23,NS,eyesopen,75,0
FC3,0.1867103567247389,0.08335441449403048,False,sub-23,NS,eyesopen,75,0
FC5,0.1860257435993813,0.09179030092250988,False,sub-23,NS,eyesopen,75,0
FT7,0.16990012362218065,0.08924695044420042,False,sub-23,NS,eyesopen,75,0
Cz,0.15437245464317384,0.09129814353449672,False,sub-23,NS,eyesopen,75,0
C1,0.15517419899507096,0.09579140282769051,False,sub-23,NS,eyesopen,75,0
C3,0.15539874956008173,0.09132995290996966,False,sub-23,NS,eyesopen,75,0
C5,0.16230025965602315,0.08870633133279218,False,sub-23,NS,eyesopen,75,0
T7,0.1552586412671553,0.08135938663898609,False,sub-23,NS,eyesopen,75,0
CP1,0.14538332932661052,0.09315187567591014,False,sub-23,NS,eyesopen,75,0
CP3,0.1422548007568526,0.0893189378434448,False,sub-23,NS,eyesopen,75,0
CP5,0.14740396855477503,0.08606113105479156,False,sub-23,NS,eyesopen,75,0
TP7,0.15075721471866257,0.08129223343062812,False,sub-23,NS,eyesopen,75,0
TP9,0.12121404498883917,0.05936702719569967,False,sub-23,NS,eyesopen,75,0
Pz,0.14466439362844652,0.08683677514895508,False,sub-23,NS,eyesopen,75,0
P1,0.13869928991183844,0.086503576309394,False,sub-23,NS,eyesopen,75,0
P3,0.13504023715323893,0.08431799400686074,False,sub-23,NS,eyesopen,75,0
P5,0.13792455537417503,0.08299023876154676,False,sub-23,NS,eyesopen,75,0
P7,0.14302987236047643,0.07910994938948811,False,sub-23,NS,eyesopen,75,0
PO3,0.12963250359858125,0.07877670131409607,False,sub-23,NS,eyesopen,75,0
PO7,0.13608322525526073,0.08219844425689503,False,sub-23,NS,eyesopen,75,0
Oz,0.14376908226772722,0.08577680496621329,False,sub-23,NS,eyesopen,75,0
O1,0.13648143660798645,0.0787374406020235,False,sub-23,NS,eyesopen,75,0
Fpz,0.09609094648950708,0.06587520340538588,False,sub-23,NS,eyesopen,75,0
Fp2,0.08128781662253227,0.059366526531872445,False,sub-23,NS,eyesopen,75,0
AF4,0.06727258051404726,0.053481227286378184,False,sub-23,NS,eyesopen,75,0
AF8,0.11897141720530423,0.08163654151843225,False,sub-23,NS,eyesopen,75,0
F2,0.13898396348631795,0.08063430406817222,False,sub-23,NS,eyesopen,75,0
F4,0.10256353273477582,0.060857482893977334,False,sub-23,NS,eyesopen,75,0
F6,0.13835277693104364,0.07829129448142055,False,sub-23,NS,eyesopen,75,0
F8,0.166689568978093,0.08677075712910959,False,sub-23,NS,eyesopen,75,0
FC2,0.1751817954169425,0.07065627233098039,False,sub-23,NS,eyesopen,75,0
FC4,0.19244942882059557,0.08636515819610746,False,sub-23,NS,eyesopen,75,0
FC6,0.19938596176190015,0.09075133098514666,False,sub-23,NS,eyesopen,75,0
FT8,0.19909501500578927,0.0863094685765813,False,sub-23,NS,eyesopen,75,0
C2,0.17132896712628454,0.10801828024716902,False,sub-23,NS,eyesopen,75,0
C4,0.17345245154557798,0.10598415663391138,False,sub-23,NS,eyesopen,75,0
C6,0.1865406889472262,0.09667680459551259,False,sub-23,NS,eyesopen,75,0
T8,0.18177922634758034,0.08617019814217129,False,sub-23,NS,eyesopen,75,0
CPz,0.1495014456079007,0.09433665862460865,False,sub-23,NS,eyesopen,75,0
CP2,0.14354692977738695,0.0910131728456237,False,sub-23,NS,eyesopen,75,0
CP4,0.15472565429408233,0.0993256401437841,False,sub-23,NS,eyesopen,75,0
CP6,0.16175536125023846,0.09343304255966726,False,sub-23,NS,eyesopen,75,0
TP8,0.16508178196674328,0.08756885178574757,False,sub-23,NS,eyesopen,75,0
TP10,0.16215062199164124,0.08705839972213618,False,sub-23,NS,eyesopen,75,0
P2,0.14492120947295223,0.0875313055117766,False,sub-23,NS,eyesopen,75,0
P4,0.14288011055266497,0.0852996650820029,False,sub-23,NS,eyesopen,75,0
P6,0.14498462832919237,0.08573289660349624,False,sub-23,NS,eyesopen,75,0
P8,0.15160710739884736,0.0845351035146097,False,sub-23,NS,eyesopen,75,0
POz,0.13931518380817376,0.08197263909544186,False,sub-23,NS,eyesopen,75,0
PO4,0.13749947766019996,0.08117458135092614,False,sub-23,NS,eyesopen,75,0
PO8,0.14079925142193858,0.0791553508737425,False,sub-23,NS,eyesopen,75,0
O2,0.14293510056664605,0.0860328572395046,False,sub-23,NS,eyesopen,75,0
Fp1,0.15884415480844158,0.0766473528427612,False,sub-23,SD,eyesclosed,75,0
AF3,0.15530051369153083,0.07674386435217274,False,sub-23,SD,eyesclosed,75,0
AF7,0.16702879728061165,0.07625964705082007,False,sub-23,SD,eyesclosed,75,0
Fz,0.1445237974327118,0.06172361322070703,False,sub-23,SD,eyesclosed,75,0
F1,0.13941537192147244,0.05406114790904789,False,sub-23,SD,eyesclosed,75,0
F3,0.14810391284211424,0.06495083176729177,False,sub-23,SD,eyesclosed,75,0
F5,0.16130017482202993,0.06917803530337514,False,sub-23,SD,eyesclosed,75,0
F7,0.174428825930966,0.0741511886402992,False,sub-23,SD,eyesclosed,75,0
FC1,0.1347741074089833,0.06060822295012237,False,sub-23,SD,eyesclosed,75,0
FC3,0.15104309314315031,0.06652178927110038,False,sub-23,SD,eyesclosed,75,0
FC5,0.1631184978634394,0.06903662094699511,False,sub-23,SD,eyesclosed,75,0
FT7,0.1786697166305899,0.07427017230833557,False,sub-23,SD,eyesclosed,75,0
Cz,0.1489382284174883,0.0648636390664222,False,sub-23,SD,eyesclosed,75,0
C1,0.14413405434599405,0.06248208809733298,False,sub-23,SD,eyesclosed,75,0
C3,0.150533210491009,0.06974645778651917,False,sub-23,SD,eyesclosed,75,0
C5,0.1519357220157658,0.06687605459296528,False,sub-23,SD,eyesclosed,75,0
T7,0.07406897117861705,0.04239531526032574,False,sub-23,SD,eyesclosed,75,0
CP1,0.15834298805346667,0.06916130235655339,False,sub-23,SD,eyesclosed,75,0
CP3,0.15938555947823743,0.07349898833115627,False,sub-23,SD,eyesclosed,75,0
CP5,0.1716651473136109,0.08010347320619195,False,sub-23,SD,eyesclosed,75,0
TP7,0.15486087326799344,0.06814096076643539,False,sub-23,SD,eyesclosed,75,0
TP9,0.14433324660854366,0.05957005578295467,False,sub-23,SD,eyesclosed,75,0
Pz,0.16689923160179226,0.07317003883121587,False,sub-23,SD,eyesclosed,75,0
P1,0.16634577400284897,0.07581032575624952,False,sub-23,SD,eyesclosed,75,0
P3,0.1710931202281436,0.0805336376724502,False,sub-23,SD,eyesclosed,75,0
P5,0.17843817177753943,0.08846667208719627,False,sub-23,SD,eyesclosed,75,0
P7,0.18040572496241508,0.08633543371240866,False,sub-23,SD,eyesclosed,75,0
PO3,0.18062640800265398,0.08965509998106823,False,sub-23,SD,eyesclosed,75,0
PO7,0.18554996803197507,0.09521209031535982,False,sub-23,SD,eyesclosed,75,0
Oz,0.18322625170437726,0.08700620547733595,False,sub-23,SD,eyesclosed,75,0
O1,0.1805021449564539,0.08934762896280718,False,sub-23,SD,eyesclosed,75,0
Fpz,0.15896591743890853,0.07483411047452121,False,sub-23,SD,eyesclosed,75,0
Fp2,0.16634464644692903,0.07678212589836214,False,sub-23,SD,eyesclosed,75,0
AF4,0.167974591480745,0.07432821363081238,False,sub-23,SD,eyesclosed,75,0
AF8,0.1763676585104542,0.07822770555101588,False,sub-23,SD,eyesclosed,75,0
F2,0.14546953484184472,0.06500916917521568,False,sub-23,SD,eyesclosed,75,0
F4,0.1594584472298517,0.0684031835387043,False,sub-23,SD,eyesclosed,75,0
F6,0.17396564490808644,0.06865156097827102,False,sub-23,SD,eyesclosed,75,0
F8,0.18298755883358894,0.07313363276838945,False,sub-23,SD,eyesclosed,75,0
FC2,0.14290947453422548,0.053188529709759264,False,sub-23,SD,eyesclosed,75,0
FC4,0.1593594842736774,0.06268932586368016,False,sub-23,SD,eyesclosed,75,0
FC6,0.17514384825866341,0.06667199490568877,False,sub-23,SD,eyesclosed,75,0
FT8,0.17647097402307146,0.07075808650306224,False,sub-23,SD,eyesclosed,75,0
C2,0.146758261890971,0.06072373864440576,False,sub-23,SD,eyesclosed,75,0
C4,0.15308484117806567,0.0641691014674882,False,sub-23,SD,eyesclosed,75,0
C6,0.16707680214838502,0.06789158391941255,False,sub-23,SD,eyesclosed,75,0
T8,0.13579743320818288,0.05441287182484473,False,sub-23,SD,eyesclosed,75,0
CPz,0.16073957270982886,0.07094477233743794,False,sub-23,SD,eyesclosed,75,0
CP2,0.1461953762605931,0.06581900009537635,False,sub-23,SD,eyesclosed,75,0
CP4,0.15288862718297677,0.06740891553679149,False,sub-23,SD,eyesclosed,75,0
CP6,0.16791744021025268,0.07658804940928976,False,sub-23,SD,eyesclosed,75,0
TP8,0.17753613975100668,0.08225906527893222,False,sub-23,SD,eyesclosed,75,0
TP10,0.17896841061675658,0.08018283750021114,False,sub-23,SD,eyesclosed,75,0
P2,0.16108524795233503,0.06982583785379316,False,sub-23,SD,eyesclosed,75,0
P4,0.1627207642181601,0.07208781769095604,False,sub-23,SD,eyesclosed,75,0
P6,0.16987500974265338,0.08185249350379264,False,sub-23,SD,eyesclosed,75,0
P8,0.1807176143531645,0.08902860025482821,False,sub-23,SD,eyesclosed,75,0
POz,0.17967690006175585,0.08254263466316324,False,sub-23,SD,eyesclosed,75,0
PO4,0.17283566049776025,0.0814723836750777,False,sub-23,SD,eyesclosed,75,0
PO8,0.17490940408101763,0.08504680689734491,False,sub-23,SD,eyesclosed,75,0
O2,0.17804348512608925,0.08662962592159104,False,sub-23,SD,eyesclosed,75,0
Fp1,0.0801494806210545,0.07809767922398377,False,sub-23,SD,eyesopen,75,0
AF3,0.09668923309090224,0.08195082747056015,False,sub-23,SD,eyesopen,75,0
AF7,0.10283344022765208,0.08013379837930061,False,sub-23,SD,eyesopen,75,0
Fz,0.1047463512370073,0.07875069534715406,False,sub-23,SD,eyesopen,75,0
F1,0.13418656095960851,0.08358593395835627,False,sub-23,SD,eyesopen,75,0
F3,0.14148202700741705,0.0819200283969815,False,sub-23,SD,eyesopen,75,0
F5,0.1558478140634781,0.08377521913401872,False,sub-23,SD,eyesopen,75,0
F7,0.1770737716083395,0.08604828866948279,False,sub-23,SD,eyesopen,75,0
FC1,0.18092366973460178,0.0790801656923309,False,sub-23,SD,eyesopen,75,0
FC3,0.20324494917561375,0.09178344194299325,False,sub-23,SD,eyesopen,75,0
FC5,0.197028329908006,0.09336889175124327,False,sub-23,SD,eyesopen,75,0
FT7,0.17124187614979675,0.09019561538485425,False,sub-23,SD,eyesopen,75,0
Cz,0.14239631106624298,0.09316847556810447,False,sub-23,SD,eyesopen,75,0
C1,0.14101833362183258,0.10004761803813393,False,sub-23,SD,eyesopen,75,0
C3,0.16017983786321816,0.1042459256321625,False,sub-23,SD,eyesopen,75,0
C5,0.16088196090197315,0.09693446400990449,False,sub-23,SD,eyesopen,75,0
T7,0.14251013044601854,0.0882664935008038,False,sub-23,SD,eyesopen,75,0
CP1,0.1418140198510553,0.10189684391738624,False,sub-23,SD,eyesopen,75,0
CP3,0.14306756360456313,0.09967007509923845,False,sub-23,SD,eyesopen,75,0
CP5,0.15134909257071663,0.10032199105513905,False,sub-23,SD,eyesopen,75,0
TP7,0.15383321184557625,0.09855977339777652,False,sub-23,SD,eyesopen,75,0
TP9,0.12491649439791085,0.08468101640153604,False,sub-23,SD,eyesopen,75,0
Pz,0.14353219711314985,0.09242164255359613,False,sub-23,SD,eyesopen,75,0
P1,0.14175894116172624,0.09940053947197446,False,sub-23,SD,eyesopen,75,0
P3,0.14019634711727166,0.09701983737663776,False,sub-23,SD,eyesopen,75,0
P5,0.14635279669885867,0.09639533477330134,False,sub-23,SD,eyesopen,75,0
P7,0.15310048766223758,0.09821576694172039,False,sub-23,SD,eyesopen,75,0
PO3,0.14215002045324163,0.09471774461407216,False,sub-23,SD,eyesopen,75,0
PO7,0.14812133002291342,0.09643803041894931,False,sub-23,SD,eyesopen,75,0
Oz,0.1460127888295793,0.10110112845620003,False,sub-23,SD,eyesopen,75,0
O1,0.13868276668292398,0.09455696267777924,False,sub-23,SD,eyesopen,75,0
Fpz,0.08409263301230399,0.07989704080981541,False,sub-23,SD,eyesopen,75,0
Fp2,0.07504331522602911,0.07628641854029809,False,sub-23,SD,eyesopen,75,0
AF4,0.0743248028108167,0.07009504601586797,False,sub-23,SD,eyesopen,75,0
AF8,0.08706505876861526,0.0899376217051544,False,sub-23,SD,eyesopen,75,0
F2,0.11051453509240798,0.08338613600729584,False,sub-23,SD,eyesopen,75,0
F4,0.09705310062431724,0.06552344531026018,False,sub-23,SD,eyesopen,75,0
F6,0.11087712477027978,0.08158465636167282,False,sub-23,SD,eyesopen,75,0
F8,0.14069504773909625,0.09249201612695523,False,sub-23,SD,eyesopen,75,0
FC2,0.2029813293602021,0.08075189650058091,False,sub-23,SD,eyesopen,75,0
FC4,0.1939400341059228,0.0839298819134279,False,sub-23,SD,eyesopen,75,0
FC6,0.2001819936451574,0.08816494119795584,False,sub-23,SD,eyesopen,75,0
FT8,0.2030730535632638,0.09684920632044441,False,sub-23,SD,eyesopen,75,0
C2,0.15294388165331627,0.09651185309592243,False,sub-23,SD,eyesopen,75,0
C4,0.18122658017861157,0.10737556700073435,False,sub-23,SD,eyesopen,75,0
C6,0.18584128914281015,0.10231371167219869,False,sub-23,SD,eyesopen,75,0
T8,0.181329087263294,0.10108754135325362,False,sub-23,SD,eyesopen,75,0
CPz,0.14671484029629475,0.09646785974101206,False,sub-23,SD,eyesopen,75,0
CP2,0.13656907563235177,0.08413556968305361,False,sub-23,SD,eyesopen,75,0
CP4,0.15569882531442814,0.10090298526705192,False,sub-23,SD,eyesopen,75,0
CP6,0.16419898624707888,0.09888621535899839,False,sub-23,SD,eyesopen,75,0
TP8,0.16847110244613903,0.10160920429255729,False,sub-23,SD,eyesopen,75,0
TP10,0.14709855872917563,0.09407591954292867,False,sub-23,SD,eyesopen,75,0
P2,0.1470714655641769,0.09405011451513093,False,sub-23,SD,eyesopen,75,0
P4,0.14827151256081567,0.09153314873022189,False,sub-23,SD,eyesopen,75,0
P6,0.15574902800927126,0.09483914215696286,False,sub-23,SD,eyesopen,75,0
P8,0.15979960406547228,0.09930937829122762,False,sub-23,SD,eyesopen,75,0
POz,0.1458408059063022,0.0973276350546301,False,sub-23,SD,eyesopen,75,0
PO4,0.1482123695951831,0.09154122091382873,False,sub-23,SD,eyesopen,75,0
PO8,0.15151655746863424,0.09493035563636291,False,sub-23,SD,eyesopen,75,0
O2,0.14762934747972933,0.09971202865626452,False,sub-23,SD,eyesopen,75,0
Fp1,0.23670449861696355,0.09975186892347113,False,sub-24,SD,eyesclosed,75,0
AF3,0.26050047339091326,0.0935198370541913,False,sub-24,SD,eyesclosed,75,0
AF7,0.2264846158084004,0.09589042742797595,False,sub-24,SD,eyesclosed,75,0
Fz,0.2486720944120289,0.09218032877596971,False,sub-24,SD,eyesclosed,75,0
F1,0.2571434466803588,0.08931633497537725,False,sub-24,SD,eyesclosed,75,0
F3,0.2803256676229356,0.09549954446599379,False,sub-24,SD,eyesclosed,75,0
F5,0.2743030343011992,0.09931487678331066,False,sub-24,SD,eyesclosed,75,0
F7,0.2618695500127425,0.1017650567880752,False,sub-24,SD,eyesclosed,75,0
FC1,0.25042681949932266,0.08179769077331465,False,sub-24,SD,eyesclosed,75,0
FC3,0.2952020535576781,0.0881550882268963,False,sub-24,SD,eyesclosed,75,0
FC5,0.2926653096129099,0.09692439271166825,False,sub-24,SD,eyesclosed,75,0
FT7,0.27977862225037275,0.09942343877310864,False,sub-24,SD,eyesclosed,75,0
Cz,0.24152003067088168,0.09514611078091129,False,sub-24,SD,eyesclosed,75,0
C1,0.25864026903401843,0.0836448120679515,False,sub-24,SD,eyesclosed,75,0
C3,0.288447608016585,0.08496789465937175,False,sub-24,SD,eyesclosed,75,0
C5,0.27244824186308647,0.08961886921456037,False,sub-24,SD,eyesclosed,75,0
T7,0.15008494894713087,0.06506974169681215,False,sub-24,SD,eyesclosed,75,0
CP1,0.25611852973039057,0.08398410001544812,False,sub-24,SD,eyesclosed,75,0
CP3,0.26909106824976314,0.08069793444666173,False,sub-24,SD,eyesclosed,75,0
CP5,0.2740389643712529,0.08464474159599163,False,sub-24,SD,eyesclosed,75,0
TP7,0.217921900315913,0.07407833384800598,False,sub-24,SD,eyesclosed,75,0
TP9,0.10411879600996907,0.0371252643710782,False,sub-24,SD,eyesclosed,75,0
Pz,0.23601461576220692,0.07789580003016712,False,sub-24,SD,eyesclosed,75,0
P1,0.23961914152296945,0.07595440285638443,False,sub-24,SD,eyesclosed,75,0
P3,0.23849817903265697,0.07853975935481161,False,sub-24,SD,eyesclosed,75,0
P5,0.24171420653739303,0.07920124605268683,False,sub-24,SD,eyesclosed,75,0
P7,0.24124865378946636,0.0775264619635183,False,sub-24,SD,eyesclosed,75,0
PO3,0.21257340835258196,0.0719112273382085,False,sub-24,SD,eyesclosed,75,0
PO7,0.20558567550585238,0.07159601203557683,False,sub-24,SD,eyesclosed,75,0
Oz,0.19601895903997316,0.059235774458930496,False,sub-24,SD,eyesclosed,75,0
O1,0.1796905778125923,0.06212615257070581,False,sub-24,SD,eyesclosed,75,0
Fpz,0.24796445504656048,0.0967780288315764,False,sub-24,SD,eyesclosed,75,0
Fp2,0.2447267250075736,0.0932588213376252,False,sub-24,SD,eyesclosed,75,0
AF4,0.2623915888248555,0.08937888729052763,False,sub-24,SD,eyesclosed,75,0
AF8,0.2590571555700078,0.09808700556700939,False,sub-24,SD,eyesclosed,75,0
F2,0.2629710508672041,0.0817470291753899,False,sub-24,SD,eyesclosed,75,0
F4,0.29054420871426717,0.09598023995507596,False,sub-24,SD,eyesclosed,75,0
F6,0.2905385635243326,0.09869182230157406,False,sub-24,SD,eyesclosed,75,0
F8,0.2643690832047819,0.09977141019452003,False,sub-24,SD,eyesclosed,75,0
FC2,0.2543423399419132,0.08716347204437695,False,sub-24,SD,eyesclosed,75,0
FC4,0.2975494011100188,0.09837046247487993,False,sub-24,SD,eyesclosed,75,0
FC6,0.30108388094946115,0.10358933216264991,False,sub-24,SD,eyesclosed,75,0
FT8,0.2903115140969148,0.10389714896071939,False,sub-24,SD,eyesclosed,75,0
C2,0.2563743594103087,0.08827737221770858,False,sub-24,SD,eyesclosed,75,0
C4,0.27423951234086014,0.09326535187884911,False,sub-24,SD,eyesclosed,75,0
C6,0.2936890509740517,0.09946597265060808,False,sub-24,SD,eyesclosed,75,0
T8,0.2631444389503112,0.09997756040645991,False,sub-24,SD,eyesclosed,75,0
CPz,0.2505077193238024,0.08034016479155394,False,sub-24,SD,eyesclosed,75,0
CP2,0.25382139108063617,0.08426160873207356,False,sub-24,SD,eyesclosed,75,0
CP4,0.2592035282902453,0.08245568537915067,False,sub-24,SD,eyesclosed,75,0
CP6,0.273042531751587,0.0867140099816978,False,sub-24,SD,eyesclosed,75,0
TP8,0.27090592647703954,0.09382207736953198,False,sub-24,SD,eyesclosed,75,0
TP10,0.267614321425186,0.09087043127586487,False,sub-24,SD,eyesclosed,75,0
P2,0.23785937661903456,0.0756985428209558,False,sub-24,SD,eyesclosed,75,0
P4,0.23962777503483654,0.07491031681876882,False,sub-24,SD,eyesclosed,75,0
P6,0.22871172131115097,0.07104676513093491,False,sub-24,SD,eyesclosed,75,0
P8,0.23581209801355124,0.08259168028939809,False,sub-24,SD,eyesclosed,75,0
POz,0.2160598454555055,0.06672803693368841,False,sub-24,SD,eyesclosed,75,0
PO4,0.2180016590341315,0.06601560768949499,False,sub-24,SD,eyesclosed,75,0
PO8,0.203606346902956,0.06927578871145913,False,sub-24,SD,eyesclosed,75,0
O2,0.19958690621716269,0.061680365341461846,False,sub-24,SD,eyesclosed,75,0
Fp1,0.15662677826494348,0.057870056522690574,False,sub-24,SD,eyesopen,75,0
AF3,0.2312720378379564,0.08300915190627921,False,sub-24,SD,eyesopen,75,0
AF7,0.1810867045681089,0.07115315513306607,False,sub-24,SD,eyesopen,75,0
Fz,0.23022669354795647,0.09031381643170332,False,sub-24,SD,eyesopen,75,0
F1,0.2603524860361828,0.09746025815337195,False,sub-24,SD,eyesopen,75,0
F3,0.2755806617629967,0.09362183745929402,False,sub-24,SD,eyesopen,75,0
F5,0.262070331654872,0.09606473641014239,False,sub-24,SD,eyesopen,75,0
F7,0.25661472036620253,0.08840558631637097,False,sub-24,SD,eyesopen,75,0
FC1,0.260118539588952,0.08761885610430527,False,sub-24,SD,eyesopen,75,0
FC3,0.3003196332818014,0.09112273085955785,False,sub-24,SD,eyesopen,75,0
FC5,0.2752594274820861,0.09017397179064604,False,sub-24,SD,eyesopen,75,0
FT7,0.270979201083118,0.09228666324702178,False,sub-24,SD,eyesopen,75,0
Cz,0.22329624870431242,0.07224211063877038,False,sub-24,SD,eyesopen,75,0
C1,0.24277215754995757,0.08558549142505732,False,sub-24,SD,eyesopen,75,0
C3,0.2742448455740792,0.09999475024849407,False,sub-24,SD,eyesopen,75,0
C5,0.19953565762104286,0.09674888516084403,False,sub-24,SD,eyesopen,75,0
T7,0.07132493436586092,0.02860939682869175,False,sub-24,SD,eyesopen,75,0
CP1,0.2537113472199869,0.08726104628579927,False,sub-24,SD,eyesopen,75,0
CP3,0.24851479927673661,0.10966502996466333,False,sub-24,SD,eyesopen,75,0
CP5,0.22359526280731704,0.11467400139729095,False,sub-24,SD,eyesopen,75,0
TP7,0.13991580476023954,0.05952569313083441,False,sub-24,SD,eyesopen,75,0
TP9,0.20813456296043134,0.08160879514793776,False,sub-24,SD,eyesopen,75,0
Pz,0.2352291876913453,0.07585102382601173,False,sub-24,SD,eyesopen,75,0
P1,0.24631064347223366,0.08139606847627755,False,sub-24,SD,eyesopen,75,0
P3,0.25084005291185396,0.0962458197017112,False,sub-24,SD,eyesopen,75,0
P5,0.23560341508370575,0.10069203394768887,False,sub-24,SD,eyesopen,75,0
P7,0.24940246922997503,0.09818012448834233,False,sub-24,SD,eyesopen,75,0
PO3,0.2368330073481444,0.09099543773401257,False,sub-24,SD,eyesopen,75,0
PO7,0.22156798852876658,0.09005936855401735,False,sub-24,SD,eyesopen,75,0
Oz,0.20977310830360837,0.08241587036269912,False,sub-24,SD,eyesopen,75,0
O1,0.1998297778507722,0.08089487622656076,False,sub-24,SD,eyesopen,75,0
Fpz,0.21712264410379442,0.07851961091954192,False,sub-24,SD,eyesopen,75,0
Fp2,0.1534625699558436,0.05710986477019806,False,sub-24,SD,eyesopen,75,0
AF4,0.2053765992791867,0.07753566950577737,False,sub-24,SD,eyesopen,75,0
AF8,0.2029061090450843,0.07664284424686103,False,sub-24,SD,eyesopen,75,0
F2,0.2432748705873091,0.08827035018147496,False,sub-24,SD,eyesopen,75,0
F4,0.2598252929548195,0.08871655677507857,False,sub-24,SD,eyesopen,75,0
F6,0.23610939361771885,0.08352491947427262,False,sub-24,SD,eyesopen,75,0
F8,0.2103987452417348,0.08055317334841314,False,sub-24,SD,eyesopen,75,0
FC2,0.24252052689138637,0.09495470508919908,False,sub-24,SD,eyesopen,75,0
FC4,0.2746232524924687,0.09835557011495906,False,sub-24,SD,eyesopen,75,0
FC6,0.2648524369174247,0.09759649755712595,False,sub-24,SD,eyesopen,75,0
FT8,0.2551304720885059,0.09021835861092743,False,sub-24,SD,eyesopen,75,0
C2,0.24181022634060076,0.08742373959784921,False,sub-24,SD,eyesopen,75,0
C4,0.22413164222459808,0.08777464013631572,False,sub-24,SD,eyesopen,75,0
C6,0.23683101533506293,0.09997689713162493,False,sub-24,SD,eyesopen,75,0
T8,0.1806483325237261,0.0790333683368774,False,sub-24,SD,eyesopen,75,0
CPz,0.2351146891537498,0.07979470761412327,False,sub-24,SD,eyesopen,75,0
CP2,0.2416626058204165,0.08413401496863739,False,sub-24,SD,eyesopen,75,0
CP4,0.23889712160230953,0.09002254198052342,False,sub-24,SD,eyesopen,75,0
CP6,0.23135061173959642,0.08672876001346845,False,sub-24,SD,eyesopen,75,0
TP8,0.12420053817231783,0.0528547747796535,False,sub-24,SD,eyesopen,75,0
TP10,0.25315325332209787,0.09054791242963946,False,sub-24,SD,eyesopen,75,0
P2,0.235174886057696,0.08115436925780999,False,sub-24,SD,eyesopen,75,0
P4,0.23315629683860545,0.08682586176301045,False,sub-24,SD,eyesopen,75,0
P6,0.22002829018748982,0.08469537592118659,False,sub-24,SD,eyesopen,75,0
P8,0.2361946134751415,0.08723985581755911,False,sub-24,SD,eyesopen,75,0
POz,0.2281535099512225,0.08260603298230984,False,sub-24,SD,eyesopen,75,0
PO4,0.22095241259602413,0.08320256173428343,False,sub-24,SD,eyesopen,75,0
PO8,0.21594837405787595,0.0771420381234697,False,sub-24,SD,eyesopen,75,0
O2,0.21176192990876908,0.08554259876875651,False,sub-24,SD,eyesopen,75,0
Fp1,0.2802190593462333,0.10490375386989202,False,sub-24,NS,eyesclosed,75,0
AF3,0.2886943031050734,0.0987038147438908,False,sub-24,NS,eyesclosed,75,0
AF7,0.27631742540885956,0.09939549057101839,False,sub-24,NS,eyesclosed,75,0
Fz,0.3205950905958286,0.09842731750244818,False,sub-24,NS,eyesclosed,75,0
F1,0.321281932120092,0.09737849800119407,False,sub-24,NS,eyesclosed,75,0
F3,0.3111580049522089,0.09695086746018021,False,sub-24,NS,eyesclosed,75,0
F5,0.3095651241273276,0.09837051769357535,False,sub-24,NS,eyesclosed,75,0
F7,0.30395760623636864,0.0941114755541997,False,sub-24,NS,eyesclosed,75,0
FC1,0.3225158804010196,0.09564780142784923,False,sub-24,NS,eyesclosed,75,0
FC3,0.34856700925416695,0.0920109031162797,False,sub-24,NS,eyesclosed,75,0
FC5,0.3441589695826507,0.09085545531060395,False,sub-24,NS,eyesclosed,75,0
FT7,0.3349908942340405,0.09086712107648372,False,sub-24,NS,eyesclosed,75,0
Cz,0.32944521453016196,0.11600188979643979,False,sub-24,NS,eyesclosed,75,0
C1,0.3361008655698265,0.09823483894435496,False,sub-24,NS,eyesclosed,75,0
C3,0.3472791412118614,0.08947626548205553,False,sub-24,NS,eyesclosed,75,0
C5,0.345142533061548,0.08643557586728398,False,sub-24,NS,eyesclosed,75,0
T7,0.290804121554482,0.08070785000133003,False,sub-24,NS,eyesclosed,75,0
CP1,0.3146688517904326,0.0985657259023728,False,sub-24,NS,eyesclosed,75,0
CP3,0.32658385123186323,0.09333440602087131,False,sub-24,NS,eyesclosed,75,0
CP5,0.3369985235755129,0.09331181011733206,False,sub-24,NS,eyesclosed,75,0
TP7,0.3212023766469954,0.09143611885244787,False,sub-24,NS,eyesclosed,75,0
TP9,0.20576136531561698,0.06796297053082265,False,sub-24,NS,eyesclosed,75,0
Pz,0.296794289541762,0.10072241756409578,False,sub-24,NS,eyesclosed,75,0
P1,0.2979388489572568,0.09704083579145088,False,sub-24,NS,eyesclosed,75,0
P3,0.3013445263906396,0.0945856547127325,False,sub-24,NS,eyesclosed,75,0
P5,0.3044656446971203,0.09361441500215391,False,sub-24,NS,eyesclosed,75,0
P7,0.30175778649964335,0.09206868566229921,False,sub-24,NS,eyesclosed,75,0
PO3,0.27766281498165707,0.0952437040360359,False,sub-24,NS,eyesclosed,75,0
PO7,0.27740875167552914,0.09345959185839452,False,sub-24,NS,eyesclosed,75,0
Oz,0.2541178793837491,0.09163793432213416,False,sub-24,NS,eyesclosed,75,0
O1,0.24146330037532795,0.08474538716079659,False,sub-24,NS,eyesclosed,75,0
Fpz,0.2705458091886591,0.10858486342573305,False,sub-24,NS,eyesclosed,75,0
Fp2,0.27318729174588063,0.1138534047576604,False,sub-24,NS,eyesclosed,75,0
AF4,0.28901712333388585,0.1051657746974862,False,sub-24,NS,eyesclosed,75,0
AF8,0.2780419487163501,0.11353682907129643,False,sub-24,NS,eyesclosed,75,0
F2,0.30713120886409684,0.08915422869820624,False,sub-24,NS,eyesclosed,75,0
F4,0.31273578557536375,0.10681414478019255,False,sub-24,NS,eyesclosed,75,0
F6,0.3143397591703013,0.11150943685029263,False,sub-24,NS,eyesclosed,75,0
F8,0.31516363053980184,0.11008710036378691,False,sub-24,NS,eyesclosed,75,0
FC2,0.32339986269681475,0.09297354271073896,False,sub-24,NS,eyesclosed,75,0
FC4,0.32461881508952795,0.09706407161633827,False,sub-24,NS,eyesclosed,75,0
FC6,0.3337019260899969,0.1069696313537739,False,sub-24,NS,eyesclosed,75,0
FT8,0.33014803130996717,0.1094109560070922,False,sub-24,NS,eyesclosed,75,0
C2,0.32095374482722455,0.10192200197331659,False,sub-24,NS,eyesclosed,75,0
C4,0.3185654956572907,0.09717802939674626,False,sub-24,NS,eyesclosed,75,0
C6,0.3321974804027195,0.10013222315405448,False,sub-24,NS,eyesclosed,75,0
T8,0.32743923218003534,0.099485421664363,False,sub-24,NS,eyesclosed,75,0
CPz,0.3148673541880625,0.10531213433800087,False,sub-24,NS,eyesclosed,75,0
CP2,0.3058971462873354,0.10310449609718499,False,sub-24,NS,eyesclosed,75,0
CP4,0.30800220588172916,0.09847391759507414,False,sub-24,NS,eyesclosed,75,0
CP6,0.30821304310043335,0.09566979509000002,False,sub-24,NS,eyesclosed,75,0
TP8,0.3071935849026561,0.09627072291790316,False,sub-24,NS,eyesclosed,75,0
TP10,0.3000432063410272,0.09419578677806985,False,sub-24,NS,eyesclosed,75,0
P2,0.29206950790393876,0.10212365945190358,False,sub-24,NS,eyesclosed,75,0
P4,0.2894145710628937,0.09942266030357605,False,sub-24,NS,eyesclosed,75,0
P6,0.2835654838360533,0.09747724389616161,False,sub-24,NS,eyesclosed,75,0
P8,0.27940283664545673,0.09534397482792827,False,sub-24,NS,eyesclosed,75,0
POz,0.27812211962865574,0.09830450366019204,False,sub-24,NS,eyesclosed,75,0
PO4,0.2767397530421762,0.10102765827360738,False,sub-24,NS,eyesclosed,75,0
PO8,0.26123901986182607,0.0971594723323117,False,sub-24,NS,eyesclosed,75,0
O2,0.2655490870887202,0.09783027236640561,False,sub-24,NS,eyesclosed,75,0
Fp1,0.18785604014634122,0.1228694801219142,False,sub-24,NS,eyesopen,75,1
AF3,0.20361839855376287,0.11574451411999626,False,sub-24,NS,eyesopen,75,1
AF7,0.19908852146772915,0.12114192908960197,True,sub-24,NS,eyesopen,75,1
Fz,0.26028760307861243,0.12437488794985821,False,sub-24,NS,eyesopen,75,1
F1,0.258930921184921,0.1106020859604597,False,sub-24,NS,eyesopen,75,1
F3,0.23618140964540862,0.10861538112328364,False,sub-24,NS,eyesopen,75,1
F5,0.20855917839131882,0.1113166070784935,False,sub-24,NS,eyesopen,75,1
F7,0.20274786455852903,0.11535963350644073,False,sub-24,NS,eyesopen,75,1
FC1,0.2737809031614473,0.10101662373348128,False,sub-24,NS,eyesopen,75,1
FC3,0.2783049108411656,0.11592473209177565,False,sub-24,NS,eyesopen,75,1
FC5,0.2216182515697595,0.12332146599744073,False,sub-24,NS,eyesopen,75,1
FT7,0.22349846390077657,0.11472690491199426,False,sub-24,NS,eyesopen,75,1
Cz,0.27593905518609047,0.10843509737551565,False,sub-24,NS,eyesopen,75,1
C1,0.2594185869209783,0.09498676774067313,False,sub-24,NS,eyesopen,75,1
C3,0.2666763720911189,0.10723725449862254,False,sub-24,NS,eyesopen,75,1
C5,0.26136384309618343,0.1097007308824934,False,sub-24,NS,eyesopen,75,1
T7,0.2545883920706077,0.11131245805176904,False,sub-24,NS,eyesopen,75,1
CP1,0.2477889416676958,0.09321575375118042,False,sub-24,NS,eyesopen,75,1
CP3,0.25032193254924917,0.10270590386340633,False,sub-24,NS,eyesopen,75,1
CP5,0.26326671892244097,0.10708888357741941,False,sub-24,NS,eyesopen,75,1
TP7,0.1801065577945626,0.11447973356190622,False,sub-24,NS,eyesopen,75,1
TP9,0.23957890533605242,0.10059755004736745,False,sub-24,NS,eyesopen,75,1
Pz,0.23891713302469816,0.09412112953915593,False,sub-24,NS,eyesopen,75,1
P1,0.23508778446817213,0.09120670203834647,False,sub-24,NS,eyesopen,75,1
P3,0.2317171710957561,0.09131399143330682,False,sub-24,NS,eyesopen,75,1
P5,0.23609412061736174,0.09092665354752531,False,sub-24,NS,eyesopen,75,1
P7,0.23827640357093563,0.09468195625298835,False,sub-24,NS,eyesopen,75,1
PO3,0.21837534817183746,0.08721326696665735,False,sub-24,NS,eyesopen,75,1
PO7,0.2104152687953275,0.08392519376809963,False,sub-24,NS,eyesopen,75,1
Oz,0.18605759537007274,0.0786696592634585,False,sub-24,NS,eyesopen,75,1
O1,0.17897407088507838,0.07714794892384051,False,sub-24,NS,eyesopen,75,1
Fpz,0.19425248856381513,0.12421520798202798,False,sub-24,NS,eyesopen,75,1
Fp2,0.16943058347839013,0.11422726992398288,False,sub-24,NS,eyesopen,75,1
AF4,0.2006820654199972,0.11724242171073194,False,sub-24,NS,eyesopen,75,1
AF8,0.18323338847661325,0.10976710255646462,False,sub-24,NS,eyesopen,75,1
F2,0.2506015438032991,0.11025835344510691,False,sub-24,NS,eyesopen,75,1
F4,0.22079480751218605,0.11118495131261467,False,sub-24,NS,eyesopen,75,1
F6,0.2092773841341901,0.11305988520832323,False,sub-24,NS,eyesopen,75,1
F8,0.2358747351104238,0.10497875265856241,False,sub-24,NS,eyesopen,75,1
FC2,0.29350407980189774,0.11264198732170218,False,sub-24,NS,eyesopen,75,1
FC4,0.28404773613736556,0.1193691857577641,False,sub-24,NS,eyesopen,75,1
FC6,0.25543132256840584,0.10666752298458843,False,sub-24,NS,eyesopen,75,1
FT8,0.2506383553730775,0.10562527996989199,False,sub-24,NS,eyesopen,75,1
C2,0.28390484915999015,0.10529023585274476,False,sub-24,NS,eyesopen,75,1
C4,0.2711078047590195,0.10192525576937965,False,sub-24,NS,eyesopen,75,1
C6,0.2660031784360099,0.10913841445851494,False,sub-24,NS,eyesopen,75,1
T8,0.25881209764422447,0.11299843460092113,False,sub-24,NS,eyesopen,75,1
CPz,0.2560369340634803,0.10064963937427293,False,sub-24,NS,eyesopen,75,1
CP2,0.26266474788303795,0.09901544431810055,False,sub-24,NS,eyesopen,75,1
CP4,0.26130054598435415,0.0995414111690234,False,sub-24,NS,eyesopen,75,1
CP6,0.25779574456111914,0.1037109469117816,False,sub-24,NS,eyesopen,75,1
TP8,0.18272773616030244,0.12013166341673649,False,sub-24,NS,eyesopen,75,1
TP10,0.25755549502142555,0.10068000609726495,False,sub-24,NS,eyesopen,75,1
P2,0.24131767802979467,0.09363974808458055,False,sub-24,NS,eyesopen,75,1
P4,0.2389583296863522,0.09408568478754084,False,sub-24,NS,eyesopen,75,1
P6,0.22222157802579512,0.08950572956509163,False,sub-24,NS,eyesopen,75,1
P8,0.2151910586568821,0.08528473169788887,False,sub-24,NS,eyesopen,75,1
POz,0.22103861429823393,0.09027985180129802,False,sub-24,NS,eyesopen,75,1
PO4,0.21828549417629237,0.08710158486273853,False,sub-24,NS,eyesopen,75,1
PO8,0.18024288571139568,0.07336604475114762,False,sub-24,NS,eyesopen,75,1
O2,0.18483613200686871,0.07757777514757093,False,sub-24,NS,eyesopen,75,1
Fp1,0.13476281005415083,0.060722239738291994,False,sub-25,SD,eyesclosed,75,0
AF3,0.1544733174919583,0.06591433489172648,False,sub-25,SD,eyesclosed,75,0
AF7,0.14348276234761823,0.05810627823492681,False,sub-25,SD,eyesclosed,75,0
Fz,0.24195566046303724,0.08951567727884782,False,sub-25,SD,eyesclosed,75,0
F1,0.208010345877188,0.07176784171036839,False,sub-25,SD,eyesclosed,75,0
F3,0.16684524346897903,0.05457887106120565,False,sub-25,SD,eyesclosed,75,0
F5,0.16222740613965725,0.05091656129665377,False,sub-25,SD,eyesclosed,75,0
F7,0.17274489546554525,0.05951021204077134,False,sub-25,SD,eyesclosed,75,0
FC1,0.19124815841036838,0.05319503713598939,False,sub-25,SD,eyesclosed,75,0
FC3,0.2022824914237544,0.06057386835461585,False,sub-25,SD,eyesclosed,75,0
FC5,0.20012716729605967,0.06067933637991021,False,sub-25,SD,eyesclosed,75,0
FT7,0.19352069929624946,0.05967942510976247,False,sub-25,SD,eyesclosed,75,0
Cz,0.21004341260232365,0.06836676417732271,False,sub-25,SD,eyesclosed,75,0
C1,0.19467058938544807,0.06380684531273423,False,sub-25,SD,eyesclosed,75,0
C3,0.1963992083302864,0.06660998570545118,False,sub-25,SD,eyesclosed,75,0
C5,0.20168672222772105,0.064539299976777,False,sub-25,SD,eyesclosed,75,0
T7,0.2065238877349004,0.06452488978807112,False,sub-25,SD,eyesclosed,75,0
CP1,0.16236825371239655,0.06218619582350945,False,sub-25,SD,eyesclosed,75,0
CP3,0.1644986555982361,0.06450783426751026,False,sub-25,SD,eyesclosed,75,0
CP5,0.17817367618103228,0.06325933527447357,False,sub-25,SD,eyesclosed,75,0
TP7,0.19348823497533332,0.06596352103852977,False,sub-25,SD,eyesclosed,75,0
TP9,0.18138323837400963,0.06683698845780657,False,sub-25,SD,eyesclosed,75,0
Pz,0.1420814281686966,0.0602971456544726,False,sub-25,SD,eyesclosed,75,0
P1,0.13497265655862462,0.05939920729402538,False,sub-25,SD,eyesclosed,75,0
P3,0.12782147355315618,0.05805075684342579,False,sub-25,SD,eyesclosed,75,0
P5,0.1362232026905376,0.059979774399166554,False,sub-25,SD,eyesclosed,75,0
P7,0.16837229856543676,0.06557821346971932,False,sub-25,SD,eyesclosed,75,0
PO3,0.1223559882242778,0.05407951161210956,False,sub-25,SD,eyesclosed,75,0
PO7,0.12687386760374808,0.05270226683331852,False,sub-25,SD,eyesclosed,75,0
Oz,0.15729700881509479,0.06863794989919744,False,sub-25,SD,eyesclosed,75,0
O1,0.1179387897345498,0.0498372020273419,False,sub-25,SD,eyesclosed,75,0
Fpz,0.15043934196122882,0.07713181072477696,False,sub-25,SD,eyesclosed,75,0
Fp2,0.14959826929001666,0.06843943731002106,False,sub-25,SD,eyesclosed,75,0
AF4,0.1881126071581224,0.07429012144765643,False,sub-25,SD,eyesclosed,75,0
AF8,0.1700348064905119,0.06826628677332594,False,sub-25,SD,eyesclosed,75,0
F2,0.24398223550853534,0.08315983403019717,False,sub-25,SD,eyesclosed,75,0
F4,0.21284984440143834,0.07480931082356836,False,sub-25,SD,eyesclosed,75,0
F6,0.18464561839850036,0.07463919977351026,False,sub-25,SD,eyesclosed,75,0
F8,0.20309619294183764,0.08220876994511075,False,sub-25,SD,eyesclosed,75,0
FC2,0.21125952168574302,0.07836738459513888,False,sub-25,SD,eyesclosed,75,0
FC4,0.22291948930779648,0.08473891785914495,False,sub-25,SD,eyesclosed,75,0
FC6,0.2274678694834522,0.09541948842701149,False,sub-25,SD,eyesclosed,75,0
FT8,0.2310822110549743,0.0959055922151514,False,sub-25,SD,eyesclosed,75,0
C2,0.19598828929154033,0.07254914543235547,False,sub-25,SD,eyesclosed,75,0
C4,0.2020891124150897,0.08554118147938403,False,sub-25,SD,eyesclosed,75,0
C6,0.230021533458348,0.09794819391303382,False,sub-25,SD,eyesclosed,75,0
T8,0.21557053033832924,0.09711244695480593,False,sub-25,SD,eyesclosed,75,0
CPz,0.1707199373588434,0.06026846613666566,False,sub-25,SD,eyesclosed,75,0
CP2,0.1632373086049793,0.0625879557494671,False,sub-25,SD,eyesclosed,75,0
CP4,0.16621123415569217,0.07099988862213066,False,sub-25,SD,eyesclosed,75,0
CP6,0.18535080334687984,0.08678251647963822,False,sub-25,SD,eyesclosed,75,0
TP8,0.201355374872808,0.09225735121941425,False,sub-25,SD,eyesclosed,75,0
TP10,0.2066558623923868,0.08741264805829088,False,sub-25,SD,eyesclosed,75,0
P2,0.1358751632074617,0.06044794524671677,False,sub-25,SD,eyesclosed,75,0
P4,0.12942602125378572,0.06455328578643575,False,sub-25,SD,eyesclosed,75,0
P6,0.1362575528994154,0.0676092863262097,False,sub-25,SD,eyesclosed,75,0
P8,0.1696860966330628,0.07967425149074366,False,sub-25,SD,eyesclosed,75,0
POz,0.13992158386642553,0.0641488086284645,False,sub-25,SD,eyesclosed,75,0
PO4,0.1242277341776853,0.06507060323870148,False,sub-25,SD,eyesclosed,75,0
PO8,0.13843930852653596,0.07012051199844777,False,sub-25,SD,eyesclosed,75,0
O2,0.14579948220631464,0.06637145239962906,False,sub-25,SD,eyesclosed,75,0
Fp1,0.1084287724130544,0.038324944066578104,False,sub-25,SD,eyesopen,75,0
AF3,0.07880790842736256,0.028359589328313246,False,sub-25,SD,eyesopen,75,0
AF7,0.08607577359423611,0.032451259304123695,False,sub-25,SD,eyesopen,75,0
Fz,0.21336652611847604,0.10420095875147749,False,sub-25,SD,eyesopen,75,0
F1,0.18488321815215336,0.0806146429496143,False,sub-25,SD,eyesopen,75,0
F3,0.11994910253014095,0.044492485978618795,False,sub-25,SD,eyesopen,75,0
F5,0.1033135170285806,0.042637991886162206,False,sub-25,SD,eyesopen,75,0
F7,0.14814874338074288,0.06324735241498933,False,sub-25,SD,eyesopen,75,0
FC1,0.1811281317115347,0.06891886142723508,False,sub-25,SD,eyesopen,75,0
FC3,0.20094311964557002,0.06728391975303,False,sub-25,SD,eyesopen,75,0
FC5,0.1832493519143718,0.0642956441304111,False,sub-25,SD,eyesopen,75,0
FT7,0.1777245882531344,0.06393301790178825,False,sub-25,SD,eyesopen,75,0
Cz,0.22624907209257064,0.08108119847964324,False,sub-25,SD,eyesopen,75,0
C1,0.20772749142301708,0.06601288678282788,False,sub-25,SD,eyesopen,75,0
C3,0.2088656930646042,0.06510286665758024,False,sub-25,SD,eyesopen,75,0
C5,0.17047743509521746,0.057187646647983446,False,sub-25,SD,eyesopen,75,0
T7,0.1870348465002687,0.061476119673301556,False,sub-25,SD,eyesopen,75,0
CP1,0.19621990317112412,0.06566351511013702,False,sub-25,SD,eyesopen,75,0
CP3,0.19511590678229193,0.06340219821038859,False,sub-25,SD,eyesopen,75,0
CP5,0.19833311356332883,0.06650467400155692,False,sub-25,SD,eyesopen,75,0
TP7,0.15010748250422365,0.05278061842389508,False,sub-25,SD,eyesopen,75,0
TP9,0.1677790642834927,0.06468096850759825,False,sub-25,SD,eyesopen,75,0
Pz,0.1976734754713857,0.07464438449136028,False,sub-25,SD,eyesopen,75,0
P1,0.19405378175965535,0.07153622016005301,False,sub-25,SD,eyesopen,75,0
P3,0.19080021999198624,0.0691834524317089,False,sub-25,SD,eyesopen,75,0
P5,0.18974352291911079,0.0698152405224345,False,sub-25,SD,eyesopen,75,0
P7,0.18515330712099426,0.06727028501703182,False,sub-25,SD,eyesopen,75,0
PO3,0.18016124284355103,0.07455728610106953,False,sub-25,SD,eyesopen,75,0
PO7,0.16345357234774766,0.06588000385801368,False,sub-25,SD,eyesopen,75,0
Oz,0.1719246455374069,0.0769818379583645,False,sub-25,SD,eyesopen,75,0
O1,0.14092388087709062,0.060797655572101886,False,sub-25,SD,eyesopen,75,0
Fpz,0.1322796922373882,0.059848016521601925,False,sub-25,SD,eyesopen,75,0
Fp2,0.07829751687603219,0.028422942023836755,False,sub-25,SD,eyesopen,75,0
AF4,0.09729741387533222,0.03828798920298535,False,sub-25,SD,eyesopen,75,0
AF8,0.07874348489317434,0.031751494998514415,False,sub-25,SD,eyesopen,75,0
F2,0.1857114539095974,0.078331175669744,False,sub-25,SD,eyesopen,75,0
F4,0.11206681296544682,0.040930490193422694,False,sub-25,SD,eyesopen,75,0
F6,0.052972792707177606,0.020469052706362355,False,sub-25,SD,eyesopen,75,0
F8,0.1301601598350226,0.052407160708058675,False,sub-25,SD,eyesopen,75,0
FC2,0.17301304624550434,0.07328876323534807,False,sub-25,SD,eyesopen,75,0
FC4,0.16859836763341407,0.06881515204790482,False,sub-25,SD,eyesopen,75,0
FC6,0.10776043142863562,0.04324430642431961,False,sub-25,SD,eyesopen,75,0
FT8,0.10961183439180651,0.04595747737382466,False,sub-25,SD,eyesopen,75,0
C2,0.2059369376035945,0.08405103014392533,False,sub-25,SD,eyesopen,75,0
C4,0.1971720444133865,0.08162402419476664,False,sub-25,SD,eyesopen,75,0
C6,0.17655307897932015,0.06301092399223909,False,sub-25,SD,eyesopen,75,0
T8,0.13326490175802996,0.0474765434439499,False,sub-25,SD,eyesopen,75,0
CPz,0.2070812084161365,0.07419939587355708,False,sub-25,SD,eyesopen,75,0
CP2,0.2024037599236864,0.07885749480778854,False,sub-25,SD,eyesopen,75,0
CP4,0.19760420054071348,0.0777541030512246,False,sub-25,SD,eyesopen,75,0
CP6,0.20511825365147202,0.07392573502128089,False,sub-25,SD,eyesopen,75,0
TP8,0.13527727423810423,0.04721974895671647,False,sub-25,SD,eyesopen,75,0
TP10,0.19032633827668263,0.07544179375151398,False,sub-25,SD,eyesopen,75,0
P2,0.19901673189137936,0.07856818786086266,False,sub-25,SD,eyesopen,75,0
P4,0.19622246443101102,0.07941181720950186,False,sub-25,SD,eyesopen,75,0
P6,0.19938288972895307,0.07870756231920331,False,sub-25,SD,eyesopen,75,0
P8,0.19739980972092339,0.0760388208244841,False,sub-25,SD,eyesopen,75,0
POz,0.1918457238110928,0.08470823509362481,False,sub-25,SD,eyesopen,75,0
PO4,0.18944807293239987,0.08251008028119855,False,sub-25,SD,eyesopen,75,0
PO8,0.18342933455982752,0.07651886972877835,False,sub-25,SD,eyesopen,75,0
O2,0.14808405883523962,0.059488271632613596,False,sub-25,SD,eyesopen,75,0
Fp1,0.14503550326954812,0.05627180958007728,False,sub-25,NS,eyesclosed,75,0
AF3,0.07653296591410029,0.03237829842838073,False,sub-25,NS,eyesclosed,75,0
AF7,0.18181683360125486,0.07017674299471614,False,sub-25,NS,eyesclosed,75,0
Fz,0.227894765603282,0.08343555200900371,False,sub-25,NS,eyesclosed,75,0
F1,0.22814383418596473,0.08655084706742971,False,sub-25,NS,eyesclosed,75,0
F3,0.1677901537689237,0.06784673479422919,False,sub-25,NS,eyesclosed,75,0
F5,0.1841311578143048,0.06391153794817428,False,sub-25,NS,eyesclosed,75,0
F7,0.22786443883854077,0.08217684154590198,False,sub-25,NS,eyesclosed,75,0
FC1,0.22596648486117,0.07345463489021785,False,sub-25,NS,eyesclosed,75,0
FC3,0.23727438091197328,0.07787817049587914,False,sub-25,NS,eyesclosed,75,0
FC5,0.23184219351016291,0.0827297637632149,False,sub-25,NS,eyesclosed,75,0
FT7,0.18357151741056793,0.07531102870788284,False,sub-25,NS,eyesclosed,75,0
Cz,0.21536248147236633,0.09329075138929084,False,sub-25,NS,eyesclosed,75,0
C1,0.19084551668838448,0.07391131324320989,False,sub-25,NS,eyesclosed,75,0
C3,0.20944579389523446,0.0781087095266131,False,sub-25,NS,eyesclosed,75,0
C5,0.2348804029050126,0.09176153409463218,False,sub-25,NS,eyesclosed,75,0
T7,0.22646842224853667,0.09471610253024536,False,sub-25,NS,eyesclosed,75,0
CP1,0.1609230377196832,0.06870955496650216,False,sub-25,NS,eyesclosed,75,0
CP3,0.16555630853077596,0.07061103058595972,False,sub-25,NS,eyesclosed,75,0
CP5,0.19730745457547857,0.08478717822696925,False,sub-25,NS,eyesclosed,75,0
TP7,0.21551671789498533,0.09183667989999206,False,sub-25,NS,eyesclosed,75,0
TP9,0.2141541874195594,0.0957041180244127,False,sub-25,NS,eyesclosed,75,0
Pz,0.1355309008742567,0.0680155504655621,False,sub-25,NS,eyesclosed,75,0
P1,0.13655544216423013,0.06173056398601858,False,sub-25,NS,eyesclosed,75,0
P3,0.12769229008048946,0.05776727179693906,False,sub-25,NS,eyesclosed,75,0
P5,0.13093468635395514,0.06063227402181125,False,sub-25,NS,eyesclosed,75,0
P7,0.15776710356658918,0.07048931616982619,False,sub-25,NS,eyesclosed,75,0
PO3,0.12823499237721167,0.06001307056423925,False,sub-25,NS,eyesclosed,75,0
PO7,0.10709033390672038,0.04884766510053986,False,sub-25,NS,eyesclosed,75,0
Oz,0.12104143755108805,0.05586640672026672,False,sub-25,NS,eyesclosed,75,0
O1,0.11202956944649933,0.05258373417201424,False,sub-25,NS,eyesclosed,75,0
Fpz,0.16429068223836885,0.06236685313344575,False,sub-25,NS,eyesclosed,75,0
Fp2,0.14541657293216806,0.06031046679457657,False,sub-25,NS,eyesclosed,75,0
AF4,0.1768864432541608,0.067911726460295,False,sub-25,NS,eyesclosed,75,0
AF8,0.16964118451302104,0.08271348225689018,False,sub-25,NS,eyesclosed,75,0
F2,0.21681547639783352,0.06895788615898822,False,sub-25,NS,eyesclosed,75,0
F4,0.18069368775807018,0.06058175750795775,False,sub-25,NS,eyesclosed,75,0
F6,0.14577997314446758,0.05891916243093246,False,sub-25,NS,eyesclosed,75,0
F8,0.20769543808818516,0.09250376476961873,False,sub-25,NS,eyesclosed,75,0
FC2,0.19577444483089332,0.07129681805026057,False,sub-25,NS,eyesclosed,75,0
FC4,0.20034865818993755,0.07802935426780958,False,sub-25,NS,eyesclosed,75,0
FC6,0.1967381083165013,0.08231514187378512,False,sub-25,NS,eyesclosed,75,0
FT8,0.23268205122244207,0.09924013869806686,False,sub-25,NS,eyesclosed,75,0
C2,0.18283247723912752,0.08493127422566782,False,sub-25,NS,eyesclosed,75,0
C4,0.1908858110462769,0.07935452463469204,False,sub-25,NS,eyesclosed,75,0
C6,0.19341584342122103,0.08079890229581571,False,sub-25,NS,eyesclosed,75,0
T8,0.2329749271827053,0.09579135241204911,False,sub-25,NS,eyesclosed,75,0
CPz,0.16854416567932173,0.08109178047703686,False,sub-25,NS,eyesclosed,75,0
CP2,0.15996137742189556,0.07764184570332872,False,sub-25,NS,eyesclosed,75,0
CP4,0.16907736329227052,0.0762085212975795,False,sub-25,NS,eyesclosed,75,0
CP6,0.19517772701880043,0.08078451767837005,False,sub-25,NS,eyesclosed,75,0
TP8,0.21846672632956673,0.08859858571808388,False,sub-25,NS,eyesclosed,75,0
TP10,0.23212415153874416,0.09703754914274429,False,sub-25,NS,eyesclosed,75,0
P2,0.13658480713266638,0.06964854338627864,False,sub-25,NS,eyesclosed,75,0
P4,0.13258087966854767,0.06404273013316256,False,sub-25,NS,eyesclosed,75,0
P6,0.1473575620299927,0.06613370752494645,False,sub-25,NS,eyesclosed,75,0
P8,0.17450148746755084,0.07141647304425132,False,sub-25,NS,eyesclosed,75,0
POz,0.1271600712113791,0.0626677295908473,False,sub-25,NS,eyesclosed,75,0
PO4,0.11029015304787317,0.05650482131544529,False,sub-25,NS,eyesclosed,75,0
PO8,0.13141426710142606,0.05628586065978931,False,sub-25,NS,eyesclosed,75,0
O2,0.10552304007403755,0.0485446491928508,False,sub-25,NS,eyesclosed,75,0
Fp1,0.0689248509390126,0.03562911476327522,False,sub-25,NS,eyesopen,75,0
AF3,0.033845754391084226,0.01756009435385274,False,sub-25,NS,eyesopen,75,0
AF7,0.080235892029889,0.04028906384327911,False,sub-25,NS,eyesopen,75,0
Fz,0.1650029507628014,0.08944446044256803,False,sub-25,NS,eyesopen,75,0
F1,0.14317819791314518,0.06730101442126166,False,sub-25,NS,eyesopen,75,0
F3,0.06579474823343588,0.026043960305096252,False,sub-25,NS,eyesopen,75,0
F5,0.07963653045708137,0.030895945899060372,False,sub-25,NS,eyesopen,75,0
F7,0.168246782130782,0.06720686078765369,False,sub-25,NS,eyesopen,75,0
FC1,0.20997852782952883,0.07007626242244945,False,sub-25,NS,eyesopen,75,0
FC3,0.19458445853049428,0.06504101287799667,False,sub-25,NS,eyesopen,75,0
FC5,0.15801236274515285,0.05666624191824996,False,sub-25,NS,eyesopen,75,0
FT7,0.12790265305598253,0.0508288605829583,False,sub-25,NS,eyesopen,75,0
Cz,0.20942188185719077,0.0971658777798656,False,sub-25,NS,eyesopen,75,0
C1,0.20060297225448295,0.08107447450008971,False,sub-25,NS,eyesopen,75,0
C3,0.1943708527306058,0.07451948772874381,False,sub-25,NS,eyesopen,75,0
C5,0.1293444090355427,0.05168486206666664,False,sub-25,NS,eyesopen,75,0
T7,0.12729932730882296,0.0576320037163535,False,sub-25,NS,eyesopen,75,0
CP1,0.19303524102316377,0.08487678257333721,False,sub-25,NS,eyesopen,75,0
CP3,0.16826528728379236,0.07115132523871893,False,sub-25,NS,eyesopen,75,0
CP5,0.10693179234057103,0.05196735386546744,False,sub-25,NS,eyesopen,75,0
TP7,0.05863652867827943,0.03365661245519702,False,sub-25,NS,eyesopen,75,0
TP9,0.1590986680258301,0.07739774804542815,False,sub-25,NS,eyesopen,75,0
Pz,0.19244861659591583,0.09093295804492371,False,sub-25,NS,eyesopen,75,0
P1,0.19107679088739588,0.08919546544147776,False,sub-25,NS,eyesopen,75,0
P3,0.18143188109902275,0.08281186707898461,False,sub-25,NS,eyesopen,75,0
P5,0.1461173448564467,0.06924974972680621,False,sub-25,NS,eyesopen,75,0
P7,0.12391574359640896,0.05063347128591268,False,sub-25,NS,eyesopen,75,0
PO3,0.18146346845016564,0.0904591414264398,False,sub-25,NS,eyesopen,75,0
PO7,0.10130893268481968,0.04967821979873408,False,sub-25,NS,eyesopen,75,0
Oz,0.15146550852677929,0.07401163782516972,False,sub-25,NS,eyesopen,75,0
O1,0.1416558065193892,0.06782392527255295,False,sub-25,NS,eyesopen,75,0
Fpz,0.09913438672607175,0.05921451896495852,False,sub-25,NS,eyesopen,75,0
Fp2,0.0636837673373028,0.03497834339240883,False,sub-25,NS,eyesopen,75,0
AF4,0.05701480153545776,0.02706444008041494,False,sub-25,NS,eyesopen,75,0
AF8,0.0701601609259249,0.03669695356228811,False,sub-25,NS,eyesopen,75,0
F2,0.15371239373003448,0.08118570954546728,False,sub-25,NS,eyesopen,75,0
F4,0.041346750680498354,0.017159368029466937,False,sub-25,NS,eyesopen,75,0
F6,0.0263811823249252,0.010936286352672511,False,sub-25,NS,eyesopen,75,0
F8,0.10240258933693233,0.05584569671546606,False,sub-25,NS,eyesopen,75,0
FC2,0.16076704359653302,0.06683495842508351,False,sub-25,NS,eyesopen,75,0
FC4,0.09989383095537334,0.0428137469188002,False,sub-25,NS,eyesopen,75,0
FC6,0.117132559637962,0.05236888087297175,False,sub-25,NS,eyesopen,75,0
FT8,0.15240930725957783,0.06762309658667584,False,sub-25,NS,eyesopen,75,0
C2,0.2097060722321942,0.09561166775607019,False,sub-25,NS,eyesopen,75,0
C4,0.2008009960935089,0.08170043208617932,False,sub-25,NS,eyesopen,75,0
C6,0.13205550971317342,0.05148005355072745,False,sub-25,NS,eyesopen,75,0
T8,0.17727591198559808,0.07102126691449555,False,sub-25,NS,eyesopen,75,0
CPz,0.2013279115807379,0.09334020514814649,False,sub-25,NS,eyesopen,75,0
CP2,0.19416060887761996,0.08871219571026863,False,sub-25,NS,eyesopen,75,0
CP4,0.18639080996591895,0.07527824534355454,False,sub-25,NS,eyesopen,75,0
CP6,0.14165442529932754,0.055679504316732416,False,sub-25,NS,eyesopen,75,0
TP8,0.0722017745461559,0.030564994944638033,False,sub-25,NS,eyesopen,75,0
TP10,0.15748953037081465,0.07248119728056131,False,sub-25,NS,eyesopen,75,0
P2,0.18892528477763396,0.08922447539261086,False,sub-25,NS,eyesopen,75,0
P4,0.17076572429592132,0.0749241589904406,False,sub-25,NS,eyesopen,75,0
P6,0.13024425045935847,0.05567929039255909,False,sub-25,NS,eyesopen,75,0
P8,0.09465878016645002,0.03879287064645007,False,sub-25,NS,eyesopen,75,0
POz,0.18077172930120824,0.08979607224159136,False,sub-25,NS,eyesopen,75,0
PO4,0.17539881515056285,0.08303222690564808,False,sub-25,NS,eyesopen,75,0
PO8,0.05790968099075115,0.02888148843591543,False,sub-25,NS,eyesopen,75,0
O2,0.11774556508792301,0.05663249919567075,False,sub-25,NS,eyesopen,75,0
Fp1,0.20071424997757897,0.11542909326465405,False,sub-26,SD,eyesclosed,75,0
AF3,0.21632352598814564,0.09470406749539707,False,sub-26,SD,eyesclosed,75,0
AF7,0.17975954725972876,0.10378555875431503,False,sub-26,SD,eyesclosed,75,0
Fz,0.2602386008192928,0.08849305779900335,False,sub-26,SD,eyesclosed,75,0
F1,0.25379898853678123,0.09430466832377753,False,sub-26,SD,eyesclosed,75,0
F3,0.24604723190676864,0.10510232669728954,False,sub-26,SD,eyesclosed,75,0
F5,0.2204848833388447,0.10479445744731013,False,sub-26,SD,eyesclosed,75,0
F7,0.20399986120892727,0.10873002212069875,False,sub-26,SD,eyesclosed,75,0
FC1,0.2160386386424955,0.06992689037434727,False,sub-26,SD,eyesclosed,75,0
FC3,0.251929472584798,0.08905122686131023,False,sub-26,SD,eyesclosed,75,0
FC5,0.243269010274087,0.09812756626985003,False,sub-26,SD,eyesclosed,75,0
FT7,0.23675732703758412,0.11015951676792829,False,sub-26,SD,eyesclosed,75,0
Cz,0.2756891371706724,0.08598223337123449,False,sub-26,SD,eyesclosed,75,0
C1,0.2459711642239115,0.08276086410305482,False,sub-26,SD,eyesclosed,75,0
C3,0.2416162304923619,0.08266689754388672,False,sub-26,SD,eyesclosed,75,0
C5,0.26427808782229145,0.09752833035197761,False,sub-26,SD,eyesclosed,75,0
T7,0.25879231863493374,0.10768220899215927,False,sub-26,SD,eyesclosed,75,0
CP1,0.2519713814654595,0.08098497954137558,False,sub-26,SD,eyesclosed,75,0
CP3,0.24213723565004827,0.08808775079014773,False,sub-26,SD,eyesclosed,75,0
CP5,0.2667608274660793,0.09762561880509936,False,sub-26,SD,eyesclosed,75,0
TP7,0.2618306657315851,0.1037430566001972,False,sub-26,SD,eyesclosed,75,0
TP9,0.2315940923470655,0.09394356416308143,False,sub-26,SD,eyesclosed,75,0
Pz,0.24136664410640912,0.0782948844198404,False,sub-26,SD,eyesclosed,75,0
P1,0.24206598634166657,0.08436580676949962,False,sub-26,SD,eyesclosed,75,0
P3,0.2395851270669371,0.0853512616137196,False,sub-26,SD,eyesclosed,75,0
P5,0.2484874758939119,0.09077811300328316,False,sub-26,SD,eyesclosed,75,0
P7,0.26279868341179174,0.09520524147902022,False,sub-26,SD,eyesclosed,75,0
PO3,0.2230748715923256,0.08615971342359427,False,sub-26,SD,eyesclosed,75,0
PO7,0.23986238716321423,0.08965458730054009,False,sub-26,SD,eyesclosed,75,0
Oz,0.22995238204348292,0.0847766203818293,False,sub-26,SD,eyesclosed,75,0
O1,0.2251059937871164,0.08529618664062641,False,sub-26,SD,eyesclosed,75,0
Fpz,0.21281437102626669,0.10915421233487024,False,sub-26,SD,eyesclosed,75,0
Fp2,0.19479301278036917,0.10065429801950855,False,sub-26,SD,eyesclosed,75,0
AF4,0.2291748898363341,0.08591042893242036,False,sub-26,SD,eyesclosed,75,0
AF8,0.19221906185514268,0.10210468144962631,False,sub-26,SD,eyesclosed,75,0
F2,0.2729385823315551,0.1022513139749244,False,sub-26,SD,eyesclosed,75,0
F4,0.2578059504232836,0.08920557866810087,False,sub-26,SD,eyesclosed,75,0
F6,0.23706258127566224,0.09757553856457175,False,sub-26,SD,eyesclosed,75,0
F8,0.219510657710145,0.10593918422933418,False,sub-26,SD,eyesclosed,75,0
FC2,0.24519682544819896,0.08624668636169788,False,sub-26,SD,eyesclosed,75,0
FC4,0.2575065796333349,0.09059164204720174,False,sub-26,SD,eyesclosed,75,0
FC6,0.26255403238621083,0.10639155298758239,False,sub-26,SD,eyesclosed,75,0
FT8,0.2624093270675823,0.11130339824160587,False,sub-26,SD,eyesclosed,75,0
C2,0.2684759867551453,0.09140670696803833,False,sub-26,SD,eyesclosed,75,0
C4,0.2721270705738645,0.0961472012222498,False,sub-26,SD,eyesclosed,75,0
C6,0.2820505053893361,0.10576855356448368,False,sub-26,SD,eyesclosed,75,0
T8,0.28364276646291275,0.11019400522700608,False,sub-26,SD,eyesclosed,75,0
CPz,0.2610901630835071,0.0812476296886153,False,sub-26,SD,eyesclosed,75,0
CP2,0.2594591463398031,0.08337499370218303,False,sub-26,SD,eyesclosed,75,0
CP4,0.2661294355798461,0.0933301119082102,False,sub-26,SD,eyesclosed,75,0
CP6,0.28658151893184536,0.10123307445502058,False,sub-26,SD,eyesclosed,75,0
TP8,0.29805195037196813,0.10339353413604378,False,sub-26,SD,eyesclosed,75,0
TP10,0.2964851450673584,0.10616417127825772,False,sub-26,SD,eyesclosed,75,0
P2,0.24261787654195174,0.07802971324780304,False,sub-26,SD,eyesclosed,75,0
P4,0.24582610271403924,0.0813185817389128,False,sub-26,SD,eyesclosed,75,0
P6,0.25775718140718673,0.08334052022961266,False,sub-26,SD,eyesclosed,75,0
P8,0.27807902724094047,0.08808980054987715,False,sub-26,SD,eyesclosed,75,0
POz,0.22891358565386616,0.08271001159858282,False,sub-26,SD,eyesclosed,75,0
PO4,0.24008505031588284,0.07617571181794523,False,sub-26,SD,eyesclosed,75,0
PO8,0.24448148922710142,0.0783449514526619,False,sub-26,SD,eyesclosed,75,0
O2,0.2264118095831329,0.08159110829178134,False,sub-26,SD,eyesclosed,75,0
Fp1,0.1862262332534038,0.09787812904775367,False,sub-26,SD,eyesopen,75,0
AF3,0.21033458170308375,0.09291880830246525,False,sub-26,SD,eyesopen,75,0
AF7,0.16946724741464314,0.07679344193973803,False,sub-26,SD,eyesopen,75,0
Fz,0.23968575293215996,0.10033134857216011,False,sub-26,SD,eyesopen,75,0
F1,0.2424914925975862,0.08532904396296404,False,sub-26,SD,eyesopen,75,0
F3,0.23728264511057462,0.0893786762099303,False,sub-26,SD,eyesopen,75,0
F5,0.22920188382232587,0.09478694388130501,False,sub-26,SD,eyesopen,75,0
F7,0.20339761589007224,0.08046481777899979,False,sub-26,SD,eyesopen,75,0
FC1,0.21933775852537243,0.07925608638266808,False,sub-26,SD,eyesopen,75,0
FC3,0.2695328963860529,0.08534216637337108,False,sub-26,SD,eyesopen,75,0
FC5,0.25680083780512025,0.0881893197267076,False,sub-26,SD,eyesopen,75,0
FT7,0.21473751194118681,0.07323413128751119,False,sub-26,SD,eyesopen,75,0
Cz,0.24657775360618847,0.10154756024922067,False,sub-26,SD,eyesopen,75,0
C1,0.239300640434565,0.09088202151188472,False,sub-26,SD,eyesopen,75,0
C3,0.22837251981286358,0.09106559420676609,False,sub-26,SD,eyesopen,75,0
C5,0.2653459847116243,0.09106077385361463,False,sub-26,SD,eyesopen,75,0
T7,0.16488600070984488,0.05994586551441004,False,sub-26,SD,eyesopen,75,0
CP1,0.2430139144239197,0.09997152235440003,False,sub-26,SD,eyesopen,75,0
CP3,0.2436325992276409,0.10734687393637608,False,sub-26,SD,eyesopen,75,0
CP5,0.2731051515410053,0.10148560882823426,False,sub-26,SD,eyesopen,75,0
TP7,0.17650852094553965,0.06623187858278745,False,sub-26,SD,eyesopen,75,0
TP9,0.21699673306538902,0.08244951069679521,False,sub-26,SD,eyesopen,75,0
Pz,0.24636458904474556,0.11011884043089265,False,sub-26,SD,eyesopen,75,0
P1,0.24746704286314644,0.10692286903714701,False,sub-26,SD,eyesopen,75,0
P3,0.25510027419230824,0.09986673837498837,False,sub-26,SD,eyesopen,75,0
P5,0.2720601381540723,0.09843557815906548,False,sub-26,SD,eyesopen,75,0
P7,0.27156874238541334,0.09587382792057127,False,sub-26,SD,eyesopen,75,0
PO3,0.24189353283476953,0.09980038552547203,False,sub-26,SD,eyesopen,75,0
PO7,0.26146220287339733,0.08935317352186066,False,sub-26,SD,eyesopen,75,0
Oz,0.2505150361488246,0.09181424631677357,False,sub-26,SD,eyesopen,75,0
O1,0.24506082447217234,0.08794604894382131,False,sub-26,SD,eyesopen,75,0
Fpz,0.19792600498488522,0.10574917802406261,False,sub-26,SD,eyesopen,75,0
Fp2,0.13664454576255358,0.06470701475319977,False,sub-26,SD,eyesopen,75,0
AF4,0.20701381845420036,0.09781094097205181,False,sub-26,SD,eyesopen,75,0
AF8,0.19254755660866313,0.08533919559236498,False,sub-26,SD,eyesopen,75,0
F2,0.24206912008622444,0.10432704094913076,False,sub-26,SD,eyesopen,75,0
F4,0.24695794066127655,0.10795903538287485,False,sub-26,SD,eyesopen,75,0
F6,0.24451261846509875,0.10083656895162746,False,sub-26,SD,eyesopen,75,0
F8,0.24090081559829934,0.09292424408703154,False,sub-26,SD,eyesopen,75,0
FC2,0.23560551465552057,0.08466608662877717,False,sub-26,SD,eyesopen,75,0
FC4,0.2648139162028734,0.09024073358650073,False,sub-26,SD,eyesopen,75,0
FC6,0.2889889774199997,0.0940200375497147,False,sub-26,SD,eyesopen,75,0
FT8,0.27384279153627333,0.09225099303660714,False,sub-26,SD,eyesopen,75,0
C2,0.27547921745529996,0.09517228254779878,False,sub-26,SD,eyesopen,75,0
C4,0.2892461595221224,0.0946398708345495,False,sub-26,SD,eyesopen,75,0
C6,0.3042148750832833,0.10302067855768542,False,sub-26,SD,eyesopen,75,0
T8,0.29712713788363904,0.0933161745132035,False,sub-26,SD,eyesopen,75,0
CPz,0.2471312286641249,0.10660256589685928,False,sub-26,SD,eyesopen,75,0
CP2,0.26449574092634615,0.10772945801869925,False,sub-26,SD,eyesopen,75,0
CP4,0.28348389451547784,0.10543462103427337,False,sub-26,SD,eyesopen,75,0
CP6,0.3012977568206017,0.1085143873194139,False,sub-26,SD,eyesopen,75,0
TP8,0.29864881465398324,0.098234182401553,False,sub-26,SD,eyesopen,75,0
TP10,0.28570252459622314,0.09380212585916478,False,sub-26,SD,eyesopen,75,0
P2,0.24756543910072157,0.10456103044203163,False,sub-26,SD,eyesopen,75,0
P4,0.26169073919758246,0.10956945978651683,False,sub-26,SD,eyesopen,75,0
P6,0.27172165435895507,0.10986868158550296,False,sub-26,SD,eyesopen,75,0
P8,0.28600708787357104,0.10662527862450683,False,sub-26,SD,eyesopen,75,0
POz,0.24358265251439656,0.10549024315939731,False,sub-26,SD,eyesopen,75,0
PO4,0.25489900057043313,0.10406558972846769,False,sub-26,SD,eyesopen,75,0
PO8,0.25799542664396646,0.10193625106654136,False,sub-26,SD,eyesopen,75,0
O2,0.24870021666473838,0.09231906914811928,False,sub-26,SD,eyesopen,75,0
Fp1,0.22440624738361062,0.12104246952492544,False,sub-26,NS,eyesclosed,75,0
AF3,0.25034011186131183,0.10693892894285209,False,sub-26,NS,eyesclosed,75,0
AF7,0.22747553282688343,0.12118846618644363,False,sub-26,NS,eyesclosed,75,0
Fz,0.25100159532405847,0.09559997811252549,False,sub-26,NS,eyesclosed,75,0
F1,0.23005976658981225,0.09220795609297992,False,sub-26,NS,eyesclosed,75,0
F3,0.2519157128262928,0.09906721251768442,False,sub-26,NS,eyesclosed,75,0
F5,0.2494919300689954,0.10530751737094379,False,sub-26,NS,eyesclosed,75,0
F7,0.24105076994846883,0.12236944027515316,False,sub-26,NS,eyesclosed,75,0
FC1,0.21417216871067585,0.08897850852317922,False,sub-26,NS,eyesclosed,75,0
FC3,0.2427187705803155,0.10041297839883126,False,sub-26,NS,eyesclosed,75,0
FC5,0.2510152414421861,0.10854298046712466,False,sub-26,NS,eyesclosed,75,0
FT7,0.24170974261597108,0.12035506457897584,False,sub-26,NS,eyesclosed,75,0
Cz,0.20319997826489924,0.09262183953882178,False,sub-26,NS,eyesclosed,75,0
C1,0.22963803683239978,0.09544422234977976,False,sub-26,NS,eyesclosed,75,0
C3,0.24381964065029837,0.09982389596812428,False,sub-26,NS,eyesclosed,75,0
C5,0.2582117168195992,0.10372913616986593,False,sub-26,NS,eyesclosed,75,0
T7,0.2155979505188033,0.12433304446545992,False,sub-26,NS,eyesclosed,75,0
CP1,0.2240132956242312,0.09877450532085476,False,sub-26,NS,eyesclosed,75,0
CP3,0.23832215026860226,0.09730377915885086,False,sub-26,NS,eyesclosed,75,0
CP5,0.25311332977494105,0.11058803486234833,False,sub-26,NS,eyesclosed,75,0
TP7,0.254802694716145,0.11060499244444555,False,sub-26,NS,eyesclosed,75,0
TP9,0.20202486354986,0.10308374816225577,False,sub-26,NS,eyesclosed,75,0
Pz,0.22558222099136055,0.09368908151498934,False,sub-26,NS,eyesclosed,75,0
P1,0.224617790993935,0.1009041235605084,False,sub-26,NS,eyesclosed,75,0
P3,0.2286616359618941,0.10370300255191582,False,sub-26,NS,eyesclosed,75,0
P5,0.24199226292272796,0.1029171782417611,False,sub-26,NS,eyesclosed,75,0
P7,0.2524462252436556,0.10461821513936,False,sub-26,NS,eyesclosed,75,0
PO3,0.2364669748498671,0.10553341210458818,False,sub-26,NS,eyesclosed,75,0
PO7,0.2454830858707741,0.0996162364741402,False,sub-26,NS,eyesclosed,75,0
Oz,0.2613179139283521,0.10446539151898737,False,sub-26,NS,eyesclosed,75,0
O1,0.24585962623545526,0.09972818008492836,False,sub-26,NS,eyesclosed,75,0
Fpz,0.22604297384735256,0.11750517050271617,False,sub-26,NS,eyesclosed,75,0
Fp2,0.1930099507490341,0.11789612278907675,False,sub-26,NS,eyesclosed,75,0
AF4,0.23166272245680045,0.1077451972739183,False,sub-26,NS,eyesclosed,75,0
AF8,0.20230029768767122,0.11358027667215728,False,sub-26,NS,eyesclosed,75,0
F2,0.23776717612667939,0.10505575468780344,False,sub-26,NS,eyesclosed,75,0
F4,0.23658973562482136,0.1123389482380962,False,sub-26,NS,eyesclosed,75,0
F6,0.23451665524472243,0.11023318924184479,False,sub-26,NS,eyesclosed,75,0
F8,0.23105281458345497,0.11258277664233521,False,sub-26,NS,eyesclosed,75,0
FC2,0.2378195194049819,0.11315915673150756,False,sub-26,NS,eyesclosed,75,0
FC4,0.256962171428186,0.12195124887794143,False,sub-26,NS,eyesclosed,75,0
FC6,0.2656655149293737,0.11724464676270678,False,sub-26,NS,eyesclosed,75,0
FT8,0.2630429177786148,0.11031713308399808,False,sub-26,NS,eyesclosed,75,0
C2,0.247075328575449,0.11494614708222808,False,sub-26,NS,eyesclosed,75,0
C4,0.27723702372118836,0.1191194672224586,False,sub-26,NS,eyesclosed,75,0
C6,0.29235086432331037,0.11587224989150882,False,sub-26,NS,eyesclosed,75,0
T8,0.250843316229839,0.12387446785307885,False,sub-26,NS,eyesclosed,75,0
CPz,0.22091199585456323,0.09487774964240159,False,sub-26,NS,eyesclosed,75,0
CP2,0.24344675164114182,0.10136469235684302,False,sub-26,NS,eyesclosed,75,0
CP4,0.27495002575603245,0.1102262289036682,False,sub-26,NS,eyesclosed,75,0
CP6,0.30332832588727726,0.11147311868180593,False,sub-26,NS,eyesclosed,75,0
TP8,0.30056876868289484,0.11571045866435833,False,sub-26,NS,eyesclosed,75,0
TP10,0.2739812854933472,0.11527206764489477,False,sub-26,NS,eyesclosed,75,0
P2,0.23192130980254602,0.08872847632264232,False,sub-26,NS,eyesclosed,75,0
P4,0.2600334398300627,0.09478306916406011,False,sub-26,NS,eyesclosed,75,0
P6,0.29593530609662144,0.10218081239725901,False,sub-26,NS,eyesclosed,75,0
P8,0.30335359515103816,0.11296549303075838,False,sub-26,NS,eyesclosed,75,0
POz,0.23487596378509717,0.09618613746506732,False,sub-26,NS,eyesclosed,75,0
PO4,0.25546522466053045,0.09710082671937306,False,sub-26,NS,eyesclosed,75,0
PO8,0.26705672373457245,0.10384112281063843,False,sub-26,NS,eyesclosed,75,0
O2,0.2597614181552265,0.10238113983722674,False,sub-26,NS,eyesclosed,75,0
Fp1,0.11711884786121504,0.039814544391598115,False,sub-26,NS,eyesopen,75,0
AF3,0.1692403512087767,0.06395936846429023,False,sub-26,NS,eyesopen,75,0
AF7,0.11738850933394537,0.04286771949981936,False,sub-26,NS,eyesopen,75,0
Fz,0.18510655934726242,0.0673713097924138,False,sub-26,NS,eyesopen,75,0
F1,0.18304008608432762,0.07130853475686123,False,sub-26,NS,eyesopen,75,0
F3,0.18885017915177352,0.06994928588415204,False,sub-26,NS,eyesopen,75,0
F5,0.16465718556765352,0.05724300334315497,False,sub-26,NS,eyesopen,75,0
F7,0.14218225200106208,0.06149827463669711,False,sub-26,NS,eyesopen,75,0
FC1,0.18591808482987904,0.06801249918471443,False,sub-26,NS,eyesopen,75,0
FC3,0.21496948948353312,0.06938544953258746,False,sub-26,NS,eyesopen,75,0
FC5,0.1996077772135603,0.07568620051396918,False,sub-26,NS,eyesopen,75,0
FT7,0.1635017184446431,0.06550341913264188,False,sub-26,NS,eyesopen,75,0
Cz,0.16808879806644805,0.055724241208898406,False,sub-26,NS,eyesopen,75,0
C1,0.17896177993523843,0.05789096250352498,False,sub-26,NS,eyesopen,75,0
C3,0.22085826035643508,0.06527327332560845,False,sub-26,NS,eyesopen,75,0
C5,0.21257190029377163,0.07293725601627336,False,sub-26,NS,eyesopen,75,0
T7,0.047175272971863615,0.014276728480898724,False,sub-26,NS,eyesopen,75,0
CP1,0.20963829824855476,0.06251502892252579,False,sub-26,NS,eyesopen,75,0
CP3,0.22456586503431641,0.07240376139374953,False,sub-26,NS,eyesopen,75,0
CP5,0.2057287349590808,0.0694346321479392,False,sub-26,NS,eyesopen,75,0
TP7,0.18879611085625353,0.06388742541614628,False,sub-26,NS,eyesopen,75,0
TP9,0.1770750062078031,0.06745477028454695,False,sub-26,NS,eyesopen,75,0
Pz,0.21073227736705355,0.0705821904680012,False,sub-26,NS,eyesopen,75,0
P1,0.21368703837065078,0.06762885796677369,False,sub-26,NS,eyesopen,75,0
P3,0.22195829208254125,0.07150790774368866,False,sub-26,NS,eyesopen,75,0
P5,0.23014181909267245,0.06895134275266404,False,sub-26,NS,eyesopen,75,0
P7,0.20297097193789365,0.05836602459524266,False,sub-26,NS,eyesopen,75,0
PO3,0.21167506428120636,0.06505193307473683,False,sub-26,NS,eyesopen,75,0
PO7,0.22952339885942663,0.07012174845662728,False,sub-26,NS,eyesopen,75,0
Oz,0.23311715032693187,0.06897724676302464,False,sub-26,NS,eyesopen,75,0
O1,0.22445956533556394,0.06420193852762662,False,sub-26,NS,eyesopen,75,0
Fpz,0.14019918315172697,0.06256027260589524,False,sub-26,NS,eyesopen,75,0
Fp2,0.09758708541461915,0.03637982537432038,False,sub-26,NS,eyesopen,75,0
AF4,0.14237456119287592,0.057162111062392544,False,sub-26,NS,eyesopen,75,0
AF8,0.08212414814834255,0.029219806644155327,False,sub-26,NS,eyesopen,75,0
F2,0.16142049849112267,0.06424201904336421,False,sub-26,NS,eyesopen,75,0
F4,0.17498432660576144,0.05996895354868867,False,sub-26,NS,eyesopen,75,0
F6,0.15030219320994992,0.050201512703689076,False,sub-26,NS,eyesopen,75,0
F8,0.14951518805302136,0.05423073643008113,False,sub-26,NS,eyesopen,75,0
FC2,0.2082861371371269,0.07392209849370851,False,sub-26,NS,eyesopen,75,0
FC4,0.20712552131020223,0.06975309183338095,False,sub-26,NS,eyesopen,75,0
FC6,0.213216379722369,0.06924472071337796,False,sub-26,NS,eyesopen,75,0
FT8,0.20732258402210918,0.07001880125475247,False,sub-26,NS,eyesopen,75,0
C2,0.20795985297144312,0.07288373967793707,False,sub-26,NS,eyesopen,75,0
C4,0.2528039504988713,0.08445654191675524,False,sub-26,NS,eyesopen,75,0
C6,0.23917512783205802,0.07703018965825456,False,sub-26,NS,eyesopen,75,0
T8,0.1678484357699994,0.06164416716165426,False,sub-26,NS,eyesopen,75,0
CPz,0.19658371824331694,0.05621236104855727,False,sub-26,NS,eyesopen,75,0
CP2,0.21313215031117808,0.06895383462258686,False,sub-26,NS,eyesopen,75,0
CP4,0.24538825132660477,0.07995386454594336,False,sub-26,NS,eyesopen,75,0
CP6,0.25683135777423116,0.08001866064739499,False,sub-26,NS,eyesopen,75,0
TP8,0.2539201867280305,0.07723411093557439,False,sub-26,NS,eyesopen,75,0
TP10,0.2206838978153358,0.08290896837449745,False,sub-26,NS,eyesopen,75,0
P2,0.211099484893129,0.07166390516920403,False,sub-26,NS,eyesopen,75,0
P4,0.21797832805466824,0.07123135433188593,False,sub-26,NS,eyesopen,75,0
P6,0.2328332555489775,0.07038218561076919,False,sub-26,NS,eyesopen,75,0
P8,0.23852580237843,0.0704487817793664,False,sub-26,NS,eyesopen,75,0
POz,0.21501804808593875,0.07187520993042207,False,sub-26,NS,eyesopen,75,0
PO4,0.21701983839046554,0.06838006829470591,False,sub-26,NS,eyesopen,75,0
PO8,0.20090588701986198,0.0655017297232083,False,sub-26,NS,eyesopen,75,0
O2,0.21988690078209988,0.06946612492708906,False,sub-26,NS,eyesopen,75,0
Fp1,0.21960643541521127,0.09215384480712649,False,sub-27,SD,eyesclosed,75,0
AF3,0.2406834805872705,0.10276896140697732,False,sub-27,SD,eyesclosed,75,0
AF7,0.22207109187283958,0.0927335546594271,False,sub-27,SD,eyesclosed,75,0
Fz,0.2531636717865884,0.08579743034657869,False,sub-27,SD,eyesclosed,75,0
F1,0.25787828095271664,0.09622380297085138,False,sub-27,SD,eyesclosed,75,0
F3,0.2526808749549069,0.09618755190221652,False,sub-27,SD,eyesclosed,75,0
F5,0.24275269958822046,0.09178035462013963,False,sub-27,SD,eyesclosed,75,0
F7,0.23521968926581796,0.09086322323258991,False,sub-27,SD,eyesclosed,75,0
FC1,0.14713316537614915,0.05327386368393733,False,sub-27,SD,eyesclosed,75,0
FC3,0.25217261160334514,0.07982256156262386,False,sub-27,SD,eyesclosed,75,0
FC5,0.25615556570985326,0.0830992136229337,False,sub-27,SD,eyesclosed,75,0
FT7,0.24823928627694367,0.09103063667325774,False,sub-27,SD,eyesclosed,75,0
Cz,0.22592681361213526,0.08807412151787192,False,sub-27,SD,eyesclosed,75,0
C1,0.21881169743858256,0.06838165848741937,False,sub-27,SD,eyesclosed,75,0
C3,0.244561711820794,0.07049450897823706,False,sub-27,SD,eyesclosed,75,0
C5,0.24790500158551504,0.07511357127788963,False,sub-27,SD,eyesclosed,75,0
T7,0.1646416769906745,0.053982315181081035,False,sub-27,SD,eyesclosed,75,0
CP1,0.19571399345294083,0.07438979448673311,False,sub-27,SD,eyesclosed,75,0
CP3,0.2090693717105503,0.07509546435904428,False,sub-27,SD,eyesclosed,75,0
CP5,0.22332560904503296,0.07881112025358608,False,sub-27,SD,eyesclosed,75,0
TP7,0.23017491524433675,0.08288261053044735,False,sub-27,SD,eyesclosed,75,0
TP9,0.21049305958637723,0.08151121921499445,False,sub-27,SD,eyesclosed,75,0
Pz,0.1487475578306787,0.06929419204454303,False,sub-27,SD,eyesclosed,75,0
P1,0.1605076482972504,0.07431549252507436,False,sub-27,SD,eyesclosed,75,0
P3,0.161596848364414,0.07544183231392108,False,sub-27,SD,eyesclosed,75,0
P5,0.17306695684526213,0.08028722075384265,False,sub-27,SD,eyesclosed,75,0
P7,0.20027423437813904,0.09031487145251357,False,sub-27,SD,eyesclosed,75,0
PO3,0.1307256724433061,0.07299844492916428,False,sub-27,SD,eyesclosed,75,0
PO7,0.14992781001452146,0.08624837683033292,False,sub-27,SD,eyesclosed,75,0
Oz,0.14574953934424598,0.08014751952485978,False,sub-27,SD,eyesclosed,75,0
O1,0.13793272304913606,0.08078174413970901,False,sub-27,SD,eyesclosed,75,0
Fpz,0.22809881090679393,0.08955495660820534,False,sub-27,SD,eyesclosed,75,0
Fp2,0.22349436823436467,0.08868012430830521,False,sub-27,SD,eyesclosed,75,0
AF4,0.2487507982794883,0.09180264890824537,False,sub-27,SD,eyesclosed,75,0
AF8,0.21893946547843587,0.09127149162112712,False,sub-27,SD,eyesclosed,75,0
F2,0.26049037884541615,0.08820789065811155,False,sub-27,SD,eyesclosed,75,0
F4,0.2623521805412969,0.09287033969622022,False,sub-27,SD,eyesclosed,75,0
F6,0.25416213363438994,0.10010588546027582,False,sub-27,SD,eyesclosed,75,0
F8,0.24570437117745286,0.10188461437169741,False,sub-27,SD,eyesclosed,75,0
FC2,0.2319122107483549,0.08218335397930293,False,sub-27,SD,eyesclosed,75,0
FC4,0.2582433854995462,0.09303422289330124,False,sub-27,SD,eyesclosed,75,0
FC6,0.25473924574970136,0.10226831392626212,False,sub-27,SD,eyesclosed,75,0
FT8,0.240109206021088,0.10020172307367081,False,sub-27,SD,eyesclosed,75,0
C2,0.2014651450202851,0.07840929228686064,False,sub-27,SD,eyesclosed,75,0
C4,0.2117674282394418,0.08593967531322542,False,sub-27,SD,eyesclosed,75,0
C6,0.22675529042687834,0.10020602856411073,False,sub-27,SD,eyesclosed,75,0
T8,0.22063972363015172,0.09521780103200211,False,sub-27,SD,eyesclosed,75,0
CPz,0.18572570440246694,0.07554056514977277,False,sub-27,SD,eyesclosed,75,0
CP2,0.15762691566491918,0.07272978012811289,False,sub-27,SD,eyesclosed,75,0
CP4,0.15165787173513515,0.07467705997477175,False,sub-27,SD,eyesclosed,75,0
CP6,0.17595973561024333,0.09081966687105349,False,sub-27,SD,eyesclosed,75,0
TP8,0.2030114027125555,0.10433895407779525,False,sub-27,SD,eyesclosed,75,0
TP10,0.21276185815741694,0.10229765680138501,False,sub-27,SD,eyesclosed,75,0
P2,0.12642081020014004,0.06572247978913258,False,sub-27,SD,eyesclosed,75,0
P4,0.10547038378574891,0.06236558385761177,False,sub-27,SD,eyesclosed,75,0
P6,0.10915233506705666,0.06901226820466488,False,sub-27,SD,eyesclosed,75,0
P8,0.14479557329076184,0.08893719508542744,False,sub-27,SD,eyesclosed,75,0
POz,0.12964538353130575,0.06944564684186817,False,sub-27,SD,eyesclosed,75,0
PO4,0.095885115682207,0.05801591558424767,False,sub-27,SD,eyesclosed,75,0
PO8,0.11205157254209709,0.07550744498858494,False,sub-27,SD,eyesclosed,75,0
O2,0.12139098127034992,0.07480970330417916,False,sub-27,SD,eyesclosed,75,0
Fp1,0.21415569474310356,0.09069855979391242,False,sub-27,SD,eyesopen,75,0
AF3,0.2254878449855416,0.0936985971706719,False,sub-27,SD,eyesopen,75,0
AF7,0.2194567609792488,0.08666753621338669,False,sub-27,SD,eyesopen,75,0
Fz,0.2340417022201289,0.08686379352644148,False,sub-27,SD,eyesopen,75,0
F1,0.2406972453456622,0.09055895934497613,False,sub-27,SD,eyesopen,75,0
F3,0.23855617332097367,0.09104187011352036,False,sub-27,SD,eyesopen,75,0
F5,0.23893794374598168,0.0924755425494677,False,sub-27,SD,eyesopen,75,0
F7,0.23459662654698035,0.09560417510005731,False,sub-27,SD,eyesopen,75,0
FC1,0.15663756862828881,0.06283342019902317,False,sub-27,SD,eyesopen,75,0
FC3,0.2559406766902051,0.08293053802707036,False,sub-27,SD,eyesopen,75,0
FC5,0.2748871129016426,0.09981051227448152,False,sub-27,SD,eyesopen,75,0
FT7,0.28558524821860926,0.10092563454476432,False,sub-27,SD,eyesopen,75,0
Cz,0.2329236711960401,0.08766771687807626,False,sub-27,SD,eyesopen,75,0
C1,0.23824673616083966,0.08474728367688837,False,sub-27,SD,eyesopen,75,0
C3,0.25693621652524157,0.084419539146306,False,sub-27,SD,eyesopen,75,0
C5,0.27777714348320437,0.09530762841167459,False,sub-27,SD,eyesopen,75,0
T7,0.18691403394845457,0.06671950681234903,False,sub-27,SD,eyesopen,75,0
CP1,0.2242600502598385,0.07811979246463055,False,sub-27,SD,eyesopen,75,0
CP3,0.24030557930000707,0.07661301657234076,False,sub-27,SD,eyesopen,75,0
CP5,0.2665665574456506,0.08662320266056937,False,sub-27,SD,eyesopen,75,0
TP7,0.27213116895756195,0.09140015083933427,False,sub-27,SD,eyesopen,75,0
TP9,0.23468243166579456,0.08985279179491014,False,sub-27,SD,eyesopen,75,0
Pz,0.186692809923933,0.06701533375726361,False,sub-27,SD,eyesopen,75,0
P1,0.20592830990878108,0.07234623655482061,False,sub-27,SD,eyesopen,75,0
P3,0.21980539097470028,0.0750180713626839,False,sub-27,SD,eyesopen,75,0
P5,0.24799565022394707,0.0828024665047031,False,sub-27,SD,eyesopen,75,0
P7,0.2765012316499934,0.09146705180530341,False,sub-27,SD,eyesopen,75,0
PO3,0.20572491968997947,0.07431492576888095,False,sub-27,SD,eyesopen,75,0
PO7,0.2554614458199771,0.08983244521731251,False,sub-27,SD,eyesopen,75,0
Oz,0.18544286502142143,0.08194626989801265,False,sub-27,SD,eyesopen,75,0
O1,0.21291372288464405,0.08640235481438154,False,sub-27,SD,eyesopen,75,0
Fpz,0.20978513807370888,0.08841520487410191,False,sub-27,SD,eyesopen,75,0
Fp2,0.20946175916528878,0.08732430730341907,False,sub-27,SD,eyesopen,75,0
AF4,0.22131757407965613,0.08508611760650565,False,sub-27,SD,eyesopen,75,0
AF8,0.22015302977520734,0.08911840557762148,False,sub-27,SD,eyesopen,75,0
F2,0.2431736088281741,0.08427667311724134,False,sub-27,SD,eyesopen,75,0
F4,0.24608347526464802,0.08618464354877514,False,sub-27,SD,eyesopen,75,0
F6,0.2418841861643541,0.0912056799309007,False,sub-27,SD,eyesopen,75,0
F8,0.2711889525896963,0.10960000018738192,False,sub-27,SD,eyesopen,75,0
FC2,0.2562659068157633,0.08740151958823557,False,sub-27,SD,eyesopen,75,0
FC4,0.29548475030529076,0.09773446183953856,False,sub-27,SD,eyesopen,75,0
FC6,0.30751918335737666,0.10471931164090788,False,sub-27,SD,eyesopen,75,0
FT8,0.290974398088915,0.11606134762332153,False,sub-27,SD,eyesopen,75,0
C2,0.23735169893920519,0.07903469176343199,False,sub-27,SD,eyesopen,75,0
C4,0.26506470168563695,0.0841363509034438,False,sub-27,SD,eyesopen,75,0
C6,0.29104178683606285,0.10440087853292196,False,sub-27,SD,eyesopen,75,0
T8,0.23690827115875707,0.0944487202045363,False,sub-27,SD,eyesopen,75,0
CPz,0.21115466308750291,0.07446984662918477,False,sub-27,SD,eyesopen,75,0
CP2,0.20917870577981912,0.06955415008183391,False,sub-27,SD,eyesopen,75,0
CP4,0.226962473406464,0.07574606071115604,False,sub-27,SD,eyesopen,75,0
CP6,0.26368380540505193,0.095742714677546,False,sub-27,SD,eyesopen,75,0
TP8,0.27327393075407025,0.10219603104693463,False,sub-27,SD,eyesopen,75,0
TP10,0.2310670515814746,0.08890233028235832,False,sub-27,SD,eyesopen,75,0
P2,0.18547702424803467,0.06601976769193041,False,sub-27,SD,eyesopen,75,0
P4,0.19073985026686013,0.07035283470566508,False,sub-27,SD,eyesopen,75,0
P6,0.21088002300919786,0.07886072151310845,False,sub-27,SD,eyesopen,75,0
P8,0.23558764711122218,0.08613051932843643,False,sub-27,SD,eyesopen,75,0
POz,0.1769436325640288,0.07029774087084346,False,sub-27,SD,eyesopen,75,0
PO4,0.1703746941507245,0.06888878553893432,False,sub-27,SD,eyesopen,75,0
PO8,0.18904234532900485,0.0749758093229395,False,sub-27,SD,eyesopen,75,0
O2,0.16591583262935464,0.07212962331360999,False,sub-27,SD,eyesopen,75,0
Fp1,0.25187901843733285,0.10800124645468637,False,sub-27,NS,eyesclosed,75,1
AF3,0.2767365857907582,0.10841404574422328,False,sub-27,NS,eyesclosed,75,1
AF7,0.25095067591838227,0.11972043964263321,False,sub-27,NS,eyesclosed,75,1
Fz,0.29261709545592524,0.09143097038234747,False,sub-27,NS,eyesclosed,75,1
F1,0.2902255546041144,0.09980883358501005,False,sub-27,NS,eyesclosed,75,1
F3,0.27502585632795984,0.10503268033698948,False,sub-27,NS,eyesclosed,75,1
F5,0.2644298093472695,0.11026352127864548,False,sub-27,NS,eyesclosed,75,1
F7,0.2599954705500955,0.12239261059050835,False,sub-27,NS,eyesclosed,75,1
FC1,0.24635133729421937,0.08679591453078225,False,sub-27,NS,eyesclosed,75,1
FC3,0.2568266472237033,0.09729492169001992,False,sub-27,NS,eyesclosed,75,1
FC5,0.2622195318839248,0.10659077064735108,False,sub-27,NS,eyesclosed,75,1
FT7,0.26579756313859304,0.11463565207431688,False,sub-27,NS,eyesclosed,75,1
Cz,0.2595285002165688,0.10090937382481581,False,sub-27,NS,eyesclosed,75,1
C1,0.21983505858722652,0.08908931282362581,False,sub-27,NS,eyesclosed,75,1
C3,0.2629806971598445,0.09719208064613132,False,sub-27,NS,eyesclosed,75,1
C5,0.27013698126984104,0.10161519148893718,False,sub-27,NS,eyesclosed,75,1
T7,0.13357609201266873,0.05137748825283615,False,sub-27,NS,eyesclosed,75,1
CP1,0.2464918289885341,0.10505020721955294,False,sub-27,NS,eyesclosed,75,1
CP3,0.2640441985230547,0.10499735200112544,False,sub-27,NS,eyesclosed,75,1
CP5,0.27754523714199225,0.10234133097841677,False,sub-27,NS,eyesclosed,75,1
TP7,0.27337922795880687,0.10146526787244245,False,sub-27,NS,eyesclosed,75,1
TP9,0.2509341568974764,0.09872580378479368,False,sub-27,NS,eyesclosed,75,1
Pz,0.2221265550058116,0.11067941112005311,False,sub-27,NS,eyesclosed,75,1
P1,0.22819690762156725,0.1137237922438665,False,sub-27,NS,eyesclosed,75,1
P3,0.24207703958238283,0.11966857288393594,False,sub-27,NS,eyesclosed,75,1
P5,0.26764603547521515,0.11521442204851233,False,sub-27,NS,eyesclosed,75,1
P7,0.295990063761002,0.1062232613721241,False,sub-27,NS,eyesclosed,75,1
PO3,0.2274172404882253,0.11973622509558265,False,sub-27,NS,eyesclosed,75,1
PO7,0.2634632951964923,0.11273730835205596,False,sub-27,NS,eyesclosed,75,1
Oz,0.21363276273993306,0.10355419370731578,False,sub-27,NS,eyesclosed,75,1
O1,0.22416065694633852,0.10579976857486675,False,sub-27,NS,eyesclosed,75,1
Fpz,0.25760441004250556,0.10485434361462888,False,sub-27,NS,eyesclosed,75,1
Fp2,0.2388893689887791,0.10143960644277898,False,sub-27,NS,eyesclosed,75,1
AF4,0.2579198000084215,0.09768389777311506,False,sub-27,NS,eyesclosed,75,1
AF8,0.23933793373314918,0.11289880436805279,False,sub-27,NS,eyesclosed,75,1
F2,0.2687895417190562,0.08926452937957352,False,sub-27,NS,eyesclosed,75,1
F4,0.25411894860978007,0.09910041485690542,False,sub-27,NS,eyesclosed,75,1
F6,0.2557968499668141,0.10820594012102228,False,sub-27,NS,eyesclosed,75,1
F8,0.2596678551797964,0.11491526350661364,False,sub-27,NS,eyesclosed,75,1
FC2,0.25067228689740473,0.09188934878084531,False,sub-27,NS,eyesclosed,75,1
FC4,0.2652559086656602,0.09823558466313977,False,sub-27,NS,eyesclosed,75,1
FC6,0.2832224169153849,0.1073297843117545,False,sub-27,NS,eyesclosed,75,1
FT8,0.2741858915409028,0.11259036387564196,False,sub-27,NS,eyesclosed,75,1
C2,0.24161677019842537,0.09653479580011787,False,sub-27,NS,eyesclosed,75,1
C4,0.2621180834964018,0.10262332163777632,False,sub-27,NS,eyesclosed,75,1
C6,0.28718424958435057,0.11287400320515008,False,sub-27,NS,eyesclosed,75,1
T8,0.28630442281305984,0.11385013060731693,True,sub-27,NS,eyesclosed,75,1
CPz,0.2362735061059917,0.10299323691401056,False,sub-27,NS,eyesclosed,75,1
CP2,0.22621786541048985,0.10459423862871034,False,sub-27,NS,eyesclosed,75,1
CP4,0.23688169260648123,0.10731496034382637,False,sub-27,NS,eyesclosed,75,1
CP6,0.26529990337151044,0.11397010634688094,False,sub-27,NS,eyesclosed,75,1
TP8,0.2821748565200893,0.11139758508989953,False,sub-27,NS,eyesclosed,75,1
TP10,0.27503519523243114,0.10423737365974879,False,sub-27,NS,eyesclosed,75,1
P2,0.21002356656428464,0.11431921392870407,False,sub-27,NS,eyesclosed,75,1
P4,0.20886905779561257,0.12132515034194846,False,sub-27,NS,eyesclosed,75,1
P6,0.2340997660382502,0.11918561418674727,False,sub-27,NS,eyesclosed,75,1
P8,0.2696757989426012,0.11502231170418366,False,sub-27,NS,eyesclosed,75,1
POz,0.22031651338671077,0.11560971399329087,False,sub-27,NS,eyesclosed,75,1
PO4,0.20307386402120722,0.11953808425491252,False,sub-27,NS,eyesclosed,75,1
PO8,0.22573501822746153,0.10794734035579939,False,sub-27,NS,eyesclosed,75,1
O2,0.20136118928697588,0.10142380898377364,False,sub-27,NS,eyesclosed,75,1
Fp1,0.1940516888694379,0.0913201776887171,False,sub-27,NS,eyesopen,75,0
AF3,0.22588941825183204,0.09607513022279922,False,sub-27,NS,eyesopen,75,0
AF7,0.20292646697031247,0.08766779499197062,False,sub-27,NS,eyesopen,75,0
Fz,0.2437738049723011,0.0867671870584423,False,sub-27,NS,eyesopen,75,0
F1,0.25849588700723314,0.08791513900366521,False,sub-27,NS,eyesopen,75,0
F3,0.26664540449066887,0.0919622629195063,False,sub-27,NS,eyesopen,75,0
F5,0.2571947476101448,0.09524884631753533,False,sub-27,NS,eyesopen,75,0
F7,0.25460169236551156,0.09373282955438224,False,sub-27,NS,eyesopen,75,0
FC1,0.27046398382677866,0.07179741049577754,False,sub-27,NS,eyesopen,75,0
FC3,0.2835019519612298,0.07846336438820437,False,sub-27,NS,eyesopen,75,0
FC5,0.2934691736250094,0.09325475711738569,False,sub-27,NS,eyesopen,75,0
FT7,0.28965681862299386,0.09704468468028603,False,sub-27,NS,eyesopen,75,0
Cz,0.21636992530489632,0.07798579608300792,False,sub-27,NS,eyesopen,75,0
C1,0.19322444757510918,0.07306430075315364,False,sub-27,NS,eyesopen,75,0
C3,0.26890436371988546,0.0832796181742852,False,sub-27,NS,eyesopen,75,0
C5,0.2919705742256515,0.09165971421783221,False,sub-27,NS,eyesopen,75,0
T7,0.1524445213666759,0.04876731293192726,False,sub-27,NS,eyesopen,75,0
CP1,0.2224815416247487,0.07482389755708178,False,sub-27,NS,eyesopen,75,0
CP3,0.2569592263204497,0.08178897095878605,False,sub-27,NS,eyesopen,75,0
CP5,0.2888178472100625,0.09118247377781402,False,sub-27,NS,eyesopen,75,0
TP7,0.27974336079217754,0.08365005822325092,False,sub-27,NS,eyesopen,75,0
TP9,0.2462651166709494,0.08197910617063192,False,sub-27,NS,eyesopen,75,0
Pz,0.19919481372656797,0.07152843273271428,False,sub-27,NS,eyesopen,75,0
P1,0.2105428032257413,0.07238708584963603,False,sub-27,NS,eyesopen,75,0
P3,0.24389168790794577,0.07289975821306617,False,sub-27,NS,eyesopen,75,0
P5,0.2831735941480425,0.08683107567154151,False,sub-27,NS,eyesopen,75,0
P7,0.3002225991781213,0.09029928385631375,False,sub-27,NS,eyesopen,75,0
PO3,0.24005844469039303,0.07815943662845791,False,sub-27,NS,eyesopen,75,0
PO7,0.27558184861437995,0.08603829172109029,False,sub-27,NS,eyesopen,75,0
Oz,0.22009459832812747,0.07734722751351437,False,sub-27,NS,eyesopen,75,0
O1,0.222716484986947,0.07453123422215827,False,sub-27,NS,eyesopen,75,0
Fpz,0.20342602818046843,0.09757841627111916,False,sub-27,NS,eyesopen,75,0
Fp2,0.19832898363275006,0.09196785515435789,False,sub-27,NS,eyesopen,75,0
AF4,0.2159574860900673,0.0948182471066075,False,sub-27,NS,eyesopen,75,0
AF8,0.21930482417163308,0.09366522230329517,False,sub-27,NS,eyesopen,75,0
F2,0.23525436567814897,0.09118626024207072,False,sub-27,NS,eyesopen,75,0
F4,0.23547495158704942,0.08986001880874928,False,sub-27,NS,eyesopen,75,0
F6,0.25206531509452124,0.09583438554687292,False,sub-27,NS,eyesopen,75,0
F8,0.26893996745311916,0.0958295823080665,False,sub-27,NS,eyesopen,75,0
FC2,0.2716509849071066,0.08081259684541633,False,sub-27,NS,eyesopen,75,0
FC4,0.29499742465861944,0.07987185344073365,False,sub-27,NS,eyesopen,75,0
FC6,0.30979642052634127,0.08644176160338708,False,sub-27,NS,eyesopen,75,0
FT8,0.3031604254005203,0.08865567656719915,False,sub-27,NS,eyesopen,75,0
C2,0.23251062852074167,0.0848161136350324,False,sub-27,NS,eyesopen,75,0
C4,0.2876934492665243,0.08772820740562809,False,sub-27,NS,eyesopen,75,0
C6,0.33386290247005684,0.09217557667508332,False,sub-27,NS,eyesopen,75,0
T8,0.31945324021968846,0.08660148668889502,False,sub-27,NS,eyesopen,75,0
CPz,0.20533387489193067,0.07449500702982169,False,sub-27,NS,eyesopen,75,0
CP2,0.21451126065082537,0.08357188618272121,False,sub-27,NS,eyesopen,75,0
CP4,0.2533457818511682,0.08962389539147565,False,sub-27,NS,eyesopen,75,0
CP6,0.3060477568210017,0.09476035042079223,False,sub-27,NS,eyesopen,75,0
TP8,0.31549830350349384,0.09400655721706722,False,sub-27,NS,eyesopen,75,0
TP10,0.28625255184343884,0.0845665081964305,False,sub-27,NS,eyesopen,75,0
P2,0.19148925083433962,0.07396600871209112,False,sub-27,NS,eyesopen,75,0
P4,0.21712332502583076,0.08141616227562287,False,sub-27,NS,eyesopen,75,0
P6,0.2633173049244043,0.08883959466166429,False,sub-27,NS,eyesopen,75,0
P8,0.29132034460961437,0.09053230134425379,False,sub-27,NS,eyesopen,75,0
POz,0.217313640780055,0.07681246050284932,False,sub-27,NS,eyesopen,75,0
PO4,0.2150080540508154,0.07667298705006251,False,sub-27,NS,eyesopen,75,0
PO8,0.24248871364303062,0.08414531481436226,False,sub-27,NS,eyesopen,75,0
O2,0.20865297781077843,0.07559502569845357,False,sub-27,NS,eyesopen,75,0
Fp1,0.07610329320267294,0.03268097145382426,False,sub-28,SD,eyesopen,75,0
AF3,0.09505943638589955,0.050468375108107,False,sub-28,SD,eyesopen,75,0
AF7,0.06489823971013173,0.02282732389806954,False,sub-28,SD,eyesopen,75,0
Fz,0.12272122547856791,0.08697772558941562,False,sub-28,SD,eyesopen,75,0
F1,0.1206376521959506,0.08013419700058304,False,sub-28,SD,eyesopen,75,0
F3,0.10360185654939359,0.04726677736433433,False,sub-28,SD,eyesopen,75,0
F5,0.0764997803045779,0.028358407415551175,False,sub-28,SD,eyesopen,75,0
F7,0.08165130381727805,0.033282049740406335,False,sub-28,SD,eyesopen,75,0
FC1,0.17399974432073514,0.06833583920288762,False,sub-28,SD,eyesopen,75,0
FC3,0.11577542164380444,0.047906854950706276,False,sub-28,SD,eyesopen,75,0
FC5,0.07852650026623213,0.03101275362654231,False,sub-28,SD,eyesopen,75,0
FT7,0.13287293454545843,0.05315397509433615,False,sub-28,SD,eyesopen,75,0
Cz,0.14770173581695475,0.0907265168851449,False,sub-28,SD,eyesopen,75,0
C1,0.15600427535224343,0.07977558801286536,False,sub-28,SD,eyesopen,75,0
C3,0.13924439416222154,0.05807375723893141,False,sub-28,SD,eyesopen,75,0
C5,0.09600074860553591,0.0400320907497732,False,sub-28,SD,eyesopen,75,0
T7,0.09427380422349053,0.03551289019276289,False,sub-28,SD,eyesopen,75,0
CP1,0.1539454788694237,0.08523735708678783,False,sub-28,SD,eyesopen,75,0
CP3,0.14363821917697558,0.0684907461047167,False,sub-28,SD,eyesopen,75,0
CP5,0.13039188116429629,0.053586224379810914,False,sub-28,SD,eyesopen,75,0
TP7,0.05880684704134171,0.02085260829851803,False,sub-28,SD,eyesopen,75,0
TP9,0.09542392051355726,0.035756289751157445,False,sub-28,SD,eyesopen,75,0
Pz,0.15425881623615845,0.0853698750404614,False,sub-28,SD,eyesopen,75,0
P1,0.15336350432338855,0.08349904993049258,False,sub-28,SD,eyesopen,75,0
P3,0.14638654996979256,0.07101065522331414,False,sub-28,SD,eyesopen,75,0
P5,0.13983542408199065,0.06143934881477639,False,sub-28,SD,eyesopen,75,0
P7,0.12282944065977397,0.050373205940906295,False,sub-28,SD,eyesopen,75,0
PO3,0.14595835900505197,0.07194026085095862,False,sub-28,SD,eyesopen,75,0
PO7,0.12535548137985264,0.05216478654442359,False,sub-28,SD,eyesopen,75,0
Oz,0.11708311995387492,0.05191424754660656,False,sub-28,SD,eyesopen,75,0
O1,0.10049373648786862,0.03747475874089457,False,sub-28,SD,eyesopen,75,0
Fpz,0.09893003608220997,0.06873118845827411,False,sub-28,SD,eyesopen,75,0
Fp2,0.07158846374711204,0.029540895593467745,False,sub-28,SD,eyesopen,75,0
AF4,0.10281388023295557,0.06700343960496746,False,sub-28,SD,eyesopen,75,0
AF8,0.06263671828531665,0.02328143795539669,False,sub-28,SD,eyesopen,75,0
F2,0.12559314781492376,0.08105197753370685,False,sub-28,SD,eyesopen,75,0
F4,0.11412145389391898,0.062159207382412984,False,sub-28,SD,eyesopen,75,0
F6,0.07633147797251565,0.02981624559561551,False,sub-28,SD,eyesopen,75,0
F8,0.06566268385190653,0.02629530403931197,False,sub-28,SD,eyesopen,75,0
FC2,0.20034187868805445,0.07527598969462347,False,sub-28,SD,eyesopen,75,0
FC4,0.16514427759025097,0.07531961143050055,False,sub-28,SD,eyesopen,75,0
FC6,0.12779838869944077,0.059789033060632726,False,sub-28,SD,eyesopen,75,0
FT8,0.1024788211893193,0.04404215756332367,False,sub-28,SD,eyesopen,75,0
C2,0.15041120282010356,0.08087493834093361,False,sub-28,SD,eyesopen,75,0
C4,0.14966275464911308,0.06632706212958557,False,sub-28,SD,eyesopen,75,0
C6,0.13876836444259147,0.05205266675779921,False,sub-28,SD,eyesopen,75,0
T8,0.038559964221110764,0.01694922510519691,False,sub-28,SD,eyesopen,75,0
CPz,0.15514920415566405,0.08901098133055023,False,sub-28,SD,eyesopen,75,0
CP2,0.1551321207219995,0.08539977093562168,False,sub-28,SD,eyesopen,75,0
CP4,0.1562471389544732,0.07843460596577236,False,sub-28,SD,eyesopen,75,0
CP6,0.14871803363207872,0.06351086927060166,False,sub-28,SD,eyesopen,75,0
TP8,0.12779681840078694,0.047408188677352525,False,sub-28,SD,eyesopen,75,0
TP10,0.10731927965510302,0.036697899878382706,False,sub-28,SD,eyesopen,75,0
P2,0.15758303972879953,0.08489875994760845,False,sub-28,SD,eyesopen,75,0
P4,0.15934198221741822,0.07955907578453719,False,sub-28,SD,eyesopen,75,0
P6,0.15686984342476426,0.07103594888999976,False,sub-28,SD,eyesopen,75,0
P8,0.15238542268405542,0.0657856138486789,False,sub-28,SD,eyesopen,75,0
POz,0.15214701193413982,0.08217523211574553,False,sub-28,SD,eyesopen,75,0
PO4,0.16506446083950316,0.08078218058034771,False,sub-28,SD,eyesopen,75,0
PO8,0.15944877610069613,0.07057520608682556,False,sub-28,SD,eyesopen,75,0
O2,0.14505255763322608,0.06726842161815674,False,sub-28,SD,eyesopen,75,0
Fp1,0.19406399627585136,0.09180443543489623,False,sub-28,NS,eyesclosed,75,0
AF3,0.2414475511382639,0.09778464533018191,False,sub-28,NS,eyesclosed,75,0
AF7,0.1666804015372164,0.07828067054533464,False,sub-28,NS,eyesclosed,75,0
Fz,0.2625543632146856,0.10499319470745674,False,sub-28,NS,eyesclosed,75,0
F1,0.27975428695819227,0.10940294328132298,False,sub-28,NS,eyesclosed,75,0
F3,0.24598780276424742,0.1044329513606391,False,sub-28,NS,eyesclosed,75,0
F5,0.21300426276617018,0.09726104578996309,False,sub-28,NS,eyesclosed,75,0
F7,0.17327573182373962,0.08116631420887771,False,sub-28,NS,eyesclosed,75,0
FC1,0.23236679272823443,0.09233526447639763,False,sub-28,NS,eyesclosed,75,0
FC3,0.21833878328699194,0.09427362145704435,False,sub-28,NS,eyesclosed,75,0
FC5,0.1700436163835665,0.08347495561052026,False,sub-28,NS,eyesclosed,75,0
FT7,0.17421584961235625,0.08365043221821163,False,sub-28,NS,eyesclosed,75,0
Cz,0.29325743039890395,0.10876267752911803,False,sub-28,NS,eyesclosed,75,0
C1,0.23905505842613356,0.0953344628433797,False,sub-28,NS,eyesclosed,75,0
C3,0.19112002305360135,0.08561145061906056,False,sub-28,NS,eyesclosed,75,0
C5,0.1648368590956232,0.08053738500280291,False,sub-28,NS,eyesclosed,75,0
T7,0.14601169202463452,0.08216831072211715,False,sub-28,NS,eyesclosed,75,0
CP1,0.26052331606751217,0.09465855873809838,False,sub-28,NS,eyesclosed,75,0
CP3,0.20873006931249022,0.08593058933599174,False,sub-28,NS,eyesclosed,75,0
CP5,0.20653349491067202,0.09138606537543778,False,sub-28,NS,eyesclosed,75,0
TP7,0.16544022472859643,0.08564047819224213,False,sub-28,NS,eyesclosed,75,0
TP9,0.1853447817612275,0.07978528468214743,False,sub-28,NS,eyesclosed,75,0
Pz,0.26630453227277706,0.09570356060509119,False,sub-28,NS,eyesclosed,75,0
P1,0.25359653321461706,0.09218671273639076,False,sub-28,NS,eyesclosed,75,0
P3,0.21599529029943842,0.08442689518021212,False,sub-28,NS,eyesclosed,75,0
P5,0.19967672905841316,0.08335561588370784,False,sub-28,NS,eyesclosed,75,0
P7,0.22426073483355646,0.08803996372888216,False,sub-28,NS,eyesclosed,75,0
PO3,0.21816053753583764,0.09152376593929505,False,sub-28,NS,eyesclosed,75,0
PO7,0.21124951881640006,0.07873815627387423,False,sub-28,NS,eyesclosed,75,0
Oz,0.18153432139852904,0.07020934501703281,False,sub-28,NS,eyesclosed,75,0
O1,0.17440182363846968,0.05927576316190286,False,sub-28,NS,eyesclosed,75,0
Fpz,0.1965402928397249,0.08055812736264713,False,sub-28,NS,eyesclosed,75,0
Fp2,0.17200690278217667,0.08191046765631382,False,sub-28,NS,eyesclosed,75,0
AF4,0.2206435348002421,0.09271218092778721,False,sub-28,NS,eyesclosed,75,0
AF8,0.15901666685133956,0.08189832708348642,False,sub-28,NS,eyesclosed,75,0
F2,0.2614311226615549,0.09790089436242519,False,sub-28,NS,eyesclosed,75,0
F4,0.2300671612431014,0.09739441984153901,False,sub-28,NS,eyesclosed,75,0
F6,0.1729458392066031,0.08299881076578283,False,sub-28,NS,eyesclosed,75,0
F8,0.1778523484434068,0.07997063496297252,False,sub-28,NS,eyesclosed,75,0
FC2,0.2342199495392662,0.08031050586588652,False,sub-28,NS,eyesclosed,75,0
FC4,0.19358330540487811,0.08156732383559948,False,sub-28,NS,eyesclosed,75,0
FC6,0.14809260758707274,0.07183862320541574,False,sub-28,NS,eyesclosed,75,0
FT8,0.16280801206827833,0.07717875024502273,False,sub-28,NS,eyesclosed,75,0
C2,0.2262977048127724,0.08321421048614545,False,sub-28,NS,eyesclosed,75,0
C4,0.17158968773948496,0.07612782673863261,False,sub-28,NS,eyesclosed,75,0
C6,0.1425128758811616,0.06874915562187126,False,sub-28,NS,eyesclosed,75,0
T8,0.16278274859662845,0.08436929157582493,False,sub-28,NS,eyesclosed,75,0
CPz,0.28727040774959267,0.09691107116889923,False,sub-28,NS,eyesclosed,75,0
CP2,0.264376452586254,0.08897762441490935,False,sub-28,NS,eyesclosed,75,0
CP4,0.22284725992544202,0.08286110427863029,False,sub-28,NS,eyesclosed,75,0
CP6,0.20668803318025714,0.08524534551894589,False,sub-28,NS,eyesclosed,75,0
TP8,0.21564047023277738,0.09363775847805642,False,sub-28,NS,eyesclosed,75,0
TP10,0.24225785667371683,0.10334829140468205,False,sub-28,NS,eyesclosed,75,0
P2,0.2549565005959779,0.09073718536420008,False,sub-28,NS,eyesclosed,75,0
P4,0.232400558788165,0.08784923395697333,False,sub-28,NS,eyesclosed,75,0
P6,0.21403762141494956,0.09067465328351788,False,sub-28,NS,eyesclosed,75,0
P8,0.22504014116659335,0.08672912544866794,False,sub-28,NS,eyesclosed,75,0
POz,0.2391303964945502,0.09485985907122631,False,sub-28,NS,eyesclosed,75,0
PO4,0.24777986068126362,0.09924852467040535,False,sub-28,NS,eyesclosed,75,0
PO8,0.217093792070219,0.08645709483873457,False,sub-28,NS,eyesclosed,75,0
O2,0.19836772220347965,0.07824335448979941,False,sub-28,NS,eyesclosed,75,0
Fp1,0.13070396357901945,0.06989936726563076,False,sub-29,NS,eyesclosed,75,0
AF3,0.19870910924224322,0.07934857355485725,False,sub-29,NS,eyesclosed,75,0
AF7,0.1466593998717796,0.07114347905722847,False,sub-29,NS,eyesclosed,75,0
Fz,0.21431047637942593,0.0787440770156908,False,sub-29,NS,eyesclosed,75,0
F1,0.1970135431948169,0.07098105256435332,False,sub-29,NS,eyesclosed,75,0
F3,0.2088258944802427,0.07160771517960252,False,sub-29,NS,eyesclosed,75,0
F5,0.18902942285682447,0.0797729299619389,False,sub-29,NS,eyesclosed,75,0
F7,0.16950899205340583,0.08224784133118716,False,sub-29,NS,eyesclosed,75,0
FC1,0.15503253410637752,0.052854256054069765,False,sub-29,NS,eyesclosed,75,0
FC3,0.1943087113574086,0.06922904994198915,False,sub-29,NS,eyesclosed,75,0
FC5,0.19095629008602674,0.07859344564797996,False,sub-29,NS,eyesclosed,75,0
FT7,0.18673270732893077,0.08355288853421206,False,sub-29,NS,eyesclosed,75,0
Cz,0.1922629072612094,0.062170414333530495,False,sub-29,NS,eyesclosed,75,0
C1,0.1877080044834569,0.07330951063152251,False,sub-29,NS,eyesclosed,75,0
C3,0.1947316306486569,0.06693364596810251,False,sub-29,NS,eyesclosed,75,0
C5,0.1906980498203455,0.08034365573785604,False,sub-29,NS,eyesclosed,75,0
T7,0.18601153212883642,0.08062709740471072,False,sub-29,NS,eyesclosed,75,0
CP1,0.183959878808458,0.06332243176003685,False,sub-29,NS,eyesclosed,75,0
CP3,0.18764713729693117,0.07195429813435465,False,sub-29,NS,eyesclosed,75,0
CP5,0.18688287001408782,0.08133964307569078,False,sub-29,NS,eyesclosed,75,0
TP7,0.1863448408529212,0.07901367087288327,False,sub-29,NS,eyesclosed,75,0
TP9,0.17469655198933498,0.07310557849264361,False,sub-29,NS,eyesclosed,75,0
Pz,0.17671916888896957,0.08098630655229301,False,sub-29,NS,eyesclosed,75,0
P1,0.16975506305051163,0.07649604610105674,False,sub-29,NS,eyesclosed,75,0
P3,0.1624724524611091,0.08383791935543455,False,sub-29,NS,eyesclosed,75,0
P5,0.1645824019932168,0.08646519204272946,False,sub-29,NS,eyesclosed,75,0
P7,0.1648014545850531,0.08611653236300715,False,sub-29,NS,eyesclosed,75,0
PO3,0.13968720651600672,0.09005941060653203,False,sub-29,NS,eyesclosed,75,0
PO7,0.15198869440007354,0.09047989668007883,False,sub-29,NS,eyesclosed,75,0
Oz,0.13746323541152136,0.07421935216679627,False,sub-29,NS,eyesclosed,75,0
O1,0.14358689367144004,0.08668366303511724,False,sub-29,NS,eyesclosed,75,0
Fpz,0.15318301873537782,0.08357291153754194,False,sub-29,NS,eyesclosed,75,0
Fp2,0.12351179871076641,0.06566737631714908,False,sub-29,NS,eyesclosed,75,0
AF4,0.19478864685917693,0.0820266959989034,False,sub-29,NS,eyesclosed,75,0
AF8,0.1863640115761896,0.08743212742307865,False,sub-29,NS,eyesclosed,75,0
F2,0.19036358936970282,0.07224465217124658,False,sub-29,NS,eyesclosed,75,0
F4,0.1825297964687034,0.08024490738435151,False,sub-29,NS,eyesclosed,75,0
F6,0.18285987565153466,0.08269038208037086,False,sub-29,NS,eyesclosed,75,0
F8,0.1909624126158368,0.08668962741829923,False,sub-29,NS,eyesclosed,75,0
FC2,0.19080530333974793,0.06946186442843341,False,sub-29,NS,eyesclosed,75,0
FC4,0.18207503221138266,0.06946227376251522,False,sub-29,NS,eyesclosed,75,0
FC6,0.1797787636146444,0.07408789045234117,False,sub-29,NS,eyesclosed,75,0
FT8,0.1510579968861841,0.06566654478618171,False,sub-29,NS,eyesclosed,75,0
C2,0.1811665666353045,0.06424770337884272,False,sub-29,NS,eyesclosed,75,0
C4,0.16596635043745508,0.07303223216198092,False,sub-29,NS,eyesclosed,75,0
C6,0.16879873948227467,0.07903185080847752,False,sub-29,NS,eyesclosed,75,0
T8,0.15663765353189035,0.06824466045462035,False,sub-29,NS,eyesclosed,75,0
CPz,0.18881606407607335,0.06888445917381687,False,sub-29,NS,eyesclosed,75,0
CP2,0.16512740668655967,0.08472851568049254,False,sub-29,NS,eyesclosed,75,0
CP4,0.1401454079786265,0.08449586658596667,False,sub-29,NS,eyesclosed,75,0
CP6,0.1316241214714896,0.0912444338772328,False,sub-29,NS,eyesclosed,75,0
TP8,0.14040930744276275,0.08483659788472055,False,sub-29,NS,eyesclosed,75,0
TP10,0.13937205175517298,0.060979582920351015,False,sub-29,NS,eyesclosed,75,0
P2,0.1415828062937598,0.08290361796077962,False,sub-29,NS,eyesclosed,75,0
P4,0.10701464713895911,0.07929530051573502,False,sub-29,NS,eyesclosed,75,0
P6,0.093481916406158,0.08715234316358476,False,sub-29,NS,eyesclosed,75,0
P8,0.11194067738322104,0.08928176656883567,False,sub-29,NS,eyesclosed,75,0
POz,0.1376521248937081,0.07931235552263939,False,sub-29,NS,eyesclosed,75,0
PO4,0.10901778154022987,0.08056566981077727,False,sub-29,NS,eyesclosed,75,0
PO8,0.10264983268015657,0.07541721130304853,False,sub-29,NS,eyesclosed,75,0
O2,0.12139491924253264,0.06699258737336496,False,sub-29,NS,eyesclosed,75,0
Fp1,0.06963895475364622,0.04147978426143695,False,sub-29,NS,eyesopen,75,0
AF3,0.08292980618847903,0.04671071365408696,False,sub-29,NS,eyesopen,75,0
AF7,0.06488443131216663,0.03640653519622936,False,sub-29,NS,eyesopen,75,0
Fz,0.11020165227807045,0.054920127547519876,False,sub-29,NS,eyesopen,75,0
F1,0.11880299239268102,0.06052460279425862,False,sub-29,NS,eyesopen,75,0
F3,0.1105636111856015,0.05390960520121732,False,sub-29,NS,eyesopen,75,0
F5,0.08767475107954674,0.041449899291737,False,sub-29,NS,eyesopen,75,0
F7,0.09416131610618207,0.04821588179100365,False,sub-29,NS,eyesopen,75,0
FC1,0.15305674866546168,0.06620919346338967,False,sub-29,NS,eyesopen,75,0
FC3,0.15144974806010778,0.0652246545827781,False,sub-29,NS,eyesopen,75,0
FC5,0.14440946667094198,0.056808142094286626,False,sub-29,NS,eyesopen,75,0
FT7,0.1477948340303058,0.05511044539805422,False,sub-29,NS,eyesopen,75,0
Cz,0.14558254913873292,0.0602383741401534,False,sub-29,NS,eyesopen,75,0
C1,0.14947920441667098,0.06737099262234743,False,sub-29,NS,eyesopen,75,0
C3,0.18219634808696053,0.0767569656240425,False,sub-29,NS,eyesopen,75,0
C5,0.18727345145008079,0.07112817612689057,False,sub-29,NS,eyesopen,75,0
T7,0.1357563121340901,0.04595984823560964,False,sub-29,NS,eyesopen,75,0
CP1,0.15787660813134544,0.06929853215502695,False,sub-29,NS,eyesopen,75,0
CP3,0.18049836025494898,0.080240106984182,False,sub-29,NS,eyesopen,75,0
CP5,0.17855463873670907,0.07485023730112055,False,sub-29,NS,eyesopen,75,0
TP7,0.1753799510033383,0.06802296147981014,False,sub-29,NS,eyesopen,75,0
TP9,0.15212309281846673,0.059750727894653334,False,sub-29,NS,eyesopen,75,0
Pz,0.1582203227858374,0.07197063509410795,False,sub-29,NS,eyesopen,75,0
P1,0.16515132533145543,0.06380588786814097,False,sub-29,NS,eyesopen,75,0
P3,0.16657898109103741,0.06361267004198075,False,sub-29,NS,eyesopen,75,0
P5,0.1843057187060529,0.07451167030675078,False,sub-29,NS,eyesopen,75,0
P7,0.18445511048404037,0.07419270944072372,False,sub-29,NS,eyesopen,75,0
PO3,0.16989760870012088,0.06804104319758901,False,sub-29,NS,eyesopen,75,0
PO7,0.174949718479934,0.06438705060649431,False,sub-29,NS,eyesopen,75,0
Oz,0.13032143659494924,0.04366420118555886,False,sub-29,NS,eyesopen,75,0
O1,0.14862617294887867,0.0549518261694084,False,sub-29,NS,eyesopen,75,0
Fpz,0.07563701086963902,0.046508945494572816,False,sub-29,NS,eyesopen,75,0
Fp2,0.07223214705083054,0.04437898811063979,False,sub-29,NS,eyesopen,75,0
AF4,0.0917248933009315,0.04492183695346336,False,sub-29,NS,eyesopen,75,0
AF8,0.1122038558901129,0.05695700269535499,False,sub-29,NS,eyesopen,75,0
F2,0.12413164635074368,0.05458897893880921,False,sub-29,NS,eyesopen,75,0
F4,0.13096829569637947,0.06190589179632928,False,sub-29,NS,eyesopen,75,0
F6,0.14315930465121435,0.06394244460213273,False,sub-29,NS,eyesopen,75,0
F8,0.17290911665652478,0.06925268036233541,False,sub-29,NS,eyesopen,75,0
FC2,0.1653124247140449,0.06902416836480715,False,sub-29,NS,eyesopen,75,0
FC4,0.18178066853344418,0.0769161841492428,False,sub-29,NS,eyesopen,75,0
FC6,0.19606670160366307,0.07220870648789365,False,sub-29,NS,eyesopen,75,0
FT8,0.17147585674435625,0.057323545725563585,False,sub-29,NS,eyesopen,75,0
C2,0.1636319341315706,0.07066917019649273,False,sub-29,NS,eyesopen,75,0
C4,0.17404477070962057,0.07092765926745073,False,sub-29,NS,eyesopen,75,0
C6,0.18261947001082643,0.07138232806551142,False,sub-29,NS,eyesopen,75,0
T8,0.15981393550529507,0.0583322986303103,False,sub-29,NS,eyesopen,75,0
CPz,0.1501129520523213,0.06392398101155619,False,sub-29,NS,eyesopen,75,0
CP2,0.16553196309630874,0.06610461173375852,False,sub-29,NS,eyesopen,75,0
CP4,0.1569319375821835,0.06392361923987021,False,sub-29,NS,eyesopen,75,0
CP6,0.1677047847068761,0.07204611145627463,False,sub-29,NS,eyesopen,75,0
TP8,0.16534179027194373,0.06290441953274926,False,sub-29,NS,eyesopen,75,0
TP10,0.13723388669275774,0.05127570954250694,False,sub-29,NS,eyesopen,75,0
P2,0.14668870927483116,0.06525496340349742,False,sub-29,NS,eyesopen,75,0
P4,0.14771334992448173,0.06348165396533352,False,sub-29,NS,eyesopen,75,0
P6,0.1494220459467223,0.06267514599441683,False,sub-29,NS,eyesopen,75,0
P8,0.1503333953309036,0.061190501228601854,False,sub-29,NS,eyesopen,75,0
POz,0.14150608425810252,0.057130876665426496,False,sub-29,NS,eyesopen,75,0
PO4,0.13524214727969075,0.060840183269692094,False,sub-29,NS,eyesopen,75,0
PO8,0.1402611318436946,0.05347683256094279,False,sub-29,NS,eyesopen,75,0
O2,0.13137134678696563,0.04785115007821159,False,sub-29,NS,eyesopen,75,0
Fp1,0.1388910239732763,0.08279364720187338,False,sub-29,SD,eyesclosed,75,0
Fp2,0.15563625342670748,0.07942559779979703,False,sub-29,SD,eyesclosed,75,0
F3,0.15957969860063423,0.07064032974894288,False,sub-29,SD,eyesclosed,75,0
F4,0.1545846085770542,0.0719037944645602,False,sub-29,SD,eyesclosed,75,0
C3,0.19498924922035346,0.08094584372652947,False,sub-29,SD,eyesclosed,75,0
C4,0.15384021296796493,0.06131313862333532,False,sub-29,SD,eyesclosed,75,0
P3,0.15021818038734217,0.06646606270885072,False,sub-29,SD,eyesclosed,75,0
P4,0.111527991903197,0.06774159875242682,False,sub-29,SD,eyesclosed,75,0
O1,0.09590555807334536,0.03341199205234296,False,sub-29,SD,eyesclosed,75,0
O2,0.11358724411225289,0.0656123508743658,False,sub-29,SD,eyesclosed,75,0
F7,0.1491172500847786,0.07744151235112272,False,sub-29,SD,eyesclosed,75,0
F8,0.12701507998582137,0.06618969350950965,False,sub-29,SD,eyesclosed,75,0
T7,0.18034903071209135,0.07417143807310161,False,sub-29,SD,eyesclosed,75,0
T8,0.13824377665179702,0.060262753467417655,False,sub-29,SD,eyesclosed,75,0
P7,0.1506594633582169,0.06692694771970241,False,sub-29,SD,eyesclosed,75,0
P8,0.12584259969887124,0.07860126858890802,False,sub-29,SD,eyesclosed,75,0
Fz,0.1708844146237831,0.07075460114327398,False,sub-29,SD,eyesclosed,75,0
Cz,0.14243876523534313,0.050170561714060154,False,sub-29,SD,eyesclosed,75,0
Pz,0.13642699406540842,0.05733542325785582,False,sub-29,SD,eyesclosed,75,0
FC1,0.13295698774633213,0.05584454516453202,False,sub-29,SD,eyesclosed,75,0
FC2,0.1223870382192713,0.06077993685187806,False,sub-29,SD,eyesclosed,75,0
CP1,0.16128872649888049,0.06643824648532674,False,sub-29,SD,eyesclosed,75,0
CP2,0.14431788770658235,0.054960143766568645,False,sub-29,SD,eyesclosed,75,0
FC5,0.16444427423623065,0.0733155711714518,False,sub-29,SD,eyesclosed,75,0
FC6,0.11006561053688926,0.05062331873531979,False,sub-29,SD,eyesclosed,75,0
CP5,0.17234527753471413,0.07559937059257404,False,sub-29,SD,eyesclosed,75,0
CP6,0.1320482754318269,0.06892481355690398,False,sub-29,SD,eyesclosed,75,0
TP9,0.19368547587497412,0.06737099625169204,False,sub-29,SD,eyesclosed,75,0
TP10,0.14844830240602142,0.0657679961019181,False,sub-29,SD,eyesclosed,75,0
F1,0.15713154150396036,0.06419124767327766,False,sub-29,SD,eyesclosed,75,0
F2,0.1647410509776684,0.07540810309461334,False,sub-29,SD,eyesclosed,75,0
C1,0.1610095527660255,0.061904717162519336,False,sub-29,SD,eyesclosed,75,0
C2,0.14760944770072346,0.05383881853213635,False,sub-29,SD,eyesclosed,75,0
P1,0.14354918217471102,0.060851660513453386,False,sub-29,SD,eyesclosed,75,0
P2,0.13004192200171405,0.06390129260720653,False,sub-29,SD,eyesclosed,75,0
AF3,0.16008468191085695,0.07408764262644507,False,sub-29,SD,eyesclosed,75,0
AF4,0.18583568274442466,0.0805840329183746,False,sub-29,SD,eyesclosed,75,0
FC3,0.17006540704619605,0.07247288646585796,False,sub-29,SD,eyesclosed,75,0
FC4,0.15619685056554614,0.07088641069615749,False,sub-29,SD,eyesclosed,75,0
CP3,0.16666054035183864,0.07038225301431257,False,sub-29,SD,eyesclosed,75,0
CP4,0.13756901061588594,0.06524910592977774,False,sub-29,SD,eyesclosed,75,0
PO3,0.11998511991137306,0.05649530726773674,False,sub-29,SD,eyesclosed,75,0
PO4,0.10479687862824363,0.0686010791451693,False,sub-29,SD,eyesclosed,75,0
F5,0.15493936593682237,0.07782303715130663,False,sub-29,SD,eyesclosed,75,0
F6,0.14098404332610792,0.07048552976581948,False,sub-29,SD,eyesclosed,75,0
C5,0.18422205603166322,0.0760476406892433,False,sub-29,SD,eyesclosed,75,0
C6,0.13788869878593019,0.061520083045894305,False,sub-29,SD,eyesclosed,75,0
P5,0.14961110463260663,0.06672816727183038,False,sub-29,SD,eyesclosed,75,0
P6,0.11488852103963222,0.07751015339820504,False,sub-29,SD,eyesclosed,75,0
AF7,0.14046292399558785,0.0808738699718743,False,sub-29,SD,eyesclosed,75,0
AF8,0.14115943201184533,0.07137436013021568,False,sub-29,SD,eyesclosed,75,0
FT7,0.1507060288234408,0.06593727496218793,False,sub-29,SD,eyesclosed,75,0
FT8,0.12541450995618708,0.054942904192355556,False,sub-29,SD,eyesclosed,75,0
TP7,0.1808098473306242,0.0696270157037378,False,sub-29,SD,eyesclosed,75,0
TP8,0.1427199656901796,0.06790450571474366,False,sub-29,SD,eyesclosed,75,0
PO7,0.11547200339571788,0.04755435606216888,False,sub-29,SD,eyesclosed,75,0
PO8,0.10989021682883779,0.08041858344046604,False,sub-29,SD,eyesclosed,75,0
Fpz,0.15381914005260736,0.08399241826051175,False,sub-29,SD,eyesclosed,75,0
Cpz,0.15267044667416027,0.05249869462246509,False,sub-29,SD,eyesclosed,75,0
POz,0.11966082003489599,0.0565573579774026,False,sub-29,SD,eyesclosed,75,0
Oz,0.11784791687954524,0.04694069250665404,False,sub-29,SD,eyesclosed,75,0
Fp1,0.1001998112463481,0.04886719539734475,False,sub-29,SD,eyesopen,75,1
AF3,0.11641952079701073,0.06264507437719218,False,sub-29,SD,eyesopen,75,1
AF7,0.17837478947416985,0.07345787874877581,False,sub-29,SD,eyesopen,75,1
Fz,0.1377005664681023,0.05722947211062844,False,sub-29,SD,eyesopen,75,1
F1,0.2434481018830217,0.07759077067455733,False,sub-29,SD,eyesopen,75,1
F3,0.18489409099334225,0.06475128534859628,False,sub-29,SD,eyesopen,75,1
F5,0.20504370481381037,0.06826634886478242,False,sub-29,SD,eyesopen,75,1
F7,0.2002563888786723,0.0734252063170405,False,sub-29,SD,eyesopen,75,1
FC1,0.1756966370442788,0.06024609211362472,False,sub-29,SD,eyesopen,75,1
FC3,0.20007577153340256,0.07588777206717297,False,sub-29,SD,eyesopen,75,1
FC5,0.15778097749567005,0.06029958613604355,False,sub-29,SD,eyesopen,75,1
FT7,0.13403076582501078,0.06221478945624372,False,sub-29,SD,eyesopen,75,1
Cz,0.21892863912439936,0.06554547344384702,False,sub-29,SD,eyesopen,75,1
C1,0.2023588514216947,0.061763911350323476,False,sub-29,SD,eyesopen,75,1
C3,0.22039935832003213,0.060491195147203074,False,sub-29,SD,eyesopen,75,1
C5,0.22653373746561778,0.07640470548675725,False,sub-29,SD,eyesopen,75,1
T7,0.13547239470822253,0.061450238144002474,False,sub-29,SD,eyesopen,75,1
CP1,0.1457658453061502,0.06786204888111794,False,sub-29,SD,eyesopen,75,1
CP3,0.19444615753817654,0.07311445419140983,False,sub-29,SD,eyesopen,75,1
CP5,0.22603612652284932,0.07524287844868584,True,sub-29,SD,eyesopen,75,1
TP7,0.13982694096014783,0.0680398150977234,False,sub-29,SD,eyesopen,75,1
TP9,0.09913607512819356,0.044949613238273844,False,sub-29,SD,eyesopen,75,1
Pz,0.1832004207813513,0.07150505395293097,False,sub-29,SD,eyesopen,75,1
P1,0.19313299940708742,0.07564326071300474,False,sub-29,SD,eyesopen,75,1
P3,0.2074874554927129,0.07381241631782588,False,sub-29,SD,eyesopen,75,1
P5,0.16471492060643692,0.06384575197063197,False,sub-29,SD,eyesopen,75,1
P7,0.22189313681948164,0.06804069816294894,False,sub-29,SD,eyesopen,75,1
PO3,0.22340944885839312,0.07743339394805848,False,sub-29,SD,eyesopen,75,1
PO7,0.20227152671151769,0.06693136137754366,False,sub-29,SD,eyesopen,75,1
Oz,0.19106937510009017,0.06839092734967192,False,sub-29,SD,eyesopen,75,1
O1,0.2070853740203006,0.06594157611989791,False,sub-29,SD,eyesopen,75,1
Fpz,0.14036667037082684,0.07300380149407086,False,sub-29,SD,eyesopen,75,1
Fp2,0.1319545690479913,0.0581633692558581,False,sub-29,SD,eyesopen,75,1
AF4,0.16845656868858103,0.06803110728834237,False,sub-29,SD,eyesopen,75,1
AF8,0.17102701189442465,0.06765325616214864,False,sub-29,SD,eyesopen,75,1
F2,0.19445588573412131,0.06933048096678669,False,sub-29,SD,eyesopen,75,1
F4,0.19744433345921666,0.07355247569462793,False,sub-29,SD,eyesopen,75,1
F6,0.13925782998270353,0.06989693056285713,False,sub-29,SD,eyesopen,75,1
F8,0.1355014228558165,0.07082180548866909,False,sub-29,SD,eyesopen,75,1
FC2,0.19603031594419446,0.07164242820352287,False,sub-29,SD,eyesopen,75,1
FC4,0.19310940327548137,0.07198792869815641,False,sub-29,SD,eyesopen,75,1
FC6,0.20843563709234972,0.0666195461019677,False,sub-29,SD,eyesopen,75,1
FT8,0.2095468858693401,0.07254462427393579,False,sub-29,SD,eyesopen,75,1
C2,0.1859075170387578,0.06558645998641019,False,sub-29,SD,eyesopen,75,1
C4,0.19344918047963314,0.07177245083595135,False,sub-29,SD,eyesopen,75,1
C6,0.17556754610537773,0.0710924807791203,False,sub-29,SD,eyesopen,75,1
T8,0.1405510365899798,0.06156001304495209,False,sub-29,SD,eyesopen,75,1
CPz,0.23412273837161454,0.0677262196958497,False,sub-29,SD,eyesopen,75,1
CP2,0.19713120339949575,0.06374834023891454,False,sub-29,SD,eyesopen,75,1
CP4,0.21887434475709075,0.061304274509738674,False,sub-29,SD,eyesopen,75,1
CP6,0.21845212916412224,0.07756384557372256,False,sub-29,SD,eyesopen,75,1
TP8,0.1362817810288011,0.07070399035370269,False,sub-29,SD,eyesopen,75,1
TP10,0.11621234297892788,0.058202942079685294,False,sub-29,SD,eyesopen,75,1
P2,0.19735956765230409,0.06566300388636391,False,sub-29,SD,eyesopen,75,1
P4,0.17126394593875974,0.057724040599418165,False,sub-29,SD,eyesopen,75,1
P6,0.21301505114075256,0.06386413782253263,False,sub-29,SD,eyesopen,75,1
P8,0.2343549962576705,0.07253211728146129,False,sub-29,SD,eyesopen,75,1
POz,0.19657066580294033,0.06041187261347087,False,sub-29,SD,eyesopen,75,1
PO4,0.21324176812605308,0.07658881582467378,False,sub-29,SD,eyesopen,75,1
PO8,0.11150996004307662,0.062224442799716194,False,sub-29,SD,eyesopen,75,1
O2,0.17480256954466944,0.07381370337195488,False,sub-29,SD,eyesopen,75,1
Fp1,0.23998063061714234,0.08797361823391874,False,sub-30,NS,eyesclosed,75,1
AF3,0.24681121204794584,0.10481730557819757,False,sub-30,NS,eyesclosed,75,1
AF7,0.25652183368180115,0.10005639113750255,False,sub-30,NS,eyesclosed,75,1
Fz,0.2595480633525661,0.11168940260547355,False,sub-30,NS,eyesclosed,75,1
F1,0.26136362973863103,0.08774022087935156,False,sub-30,NS,eyesclosed,75,1
F3,0.28451855912508645,0.09213074618259705,False,sub-30,NS,eyesclosed,75,1
F5,0.2557958679241515,0.1098354475076687,False,sub-30,NS,eyesclosed,75,1
F7,0.22668666033955304,0.07469333609383813,False,sub-30,NS,eyesclosed,75,1
FC1,0.19861185841670415,0.08217177141242302,False,sub-30,NS,eyesclosed,75,1
FC3,0.26624137274658194,0.12297191620337686,False,sub-30,NS,eyesclosed,75,1
FC5,0.25204937095760044,0.11299360151624013,False,sub-30,NS,eyesclosed,75,1
FT7,0.2560829009168366,0.11298315561870291,False,sub-30,NS,eyesclosed,75,1
Cz,0.25254635109270457,0.107293101236347,False,sub-30,NS,eyesclosed,75,1
C1,0.2421505039357503,0.11306288637363125,False,sub-30,NS,eyesclosed,75,1
C3,0.268389268425176,0.10619452527232746,False,sub-30,NS,eyesclosed,75,1
C5,0.26975374813044,0.12839601576750218,False,sub-30,NS,eyesclosed,75,1
T7,0.26270675577606517,0.0967801144663841,False,sub-30,NS,eyesclosed,75,1
CP1,0.2326495918476144,0.07515978739718321,False,sub-30,NS,eyesclosed,75,1
CP3,0.252720191896606,0.09060773465920105,False,sub-30,NS,eyesclosed,75,1
CP5,0.2640567711448686,0.09313218814166065,False,sub-30,NS,eyesclosed,75,1
TP7,0.24079426169934626,0.08048587800342161,False,sub-30,NS,eyesclosed,75,1
TP9,0.2573190558846617,0.10725348845144689,False,sub-30,NS,eyesclosed,75,1
Pz,0.2692283686136831,0.12518624143324192,False,sub-30,NS,eyesclosed,75,1
P1,0.25756235142609785,0.09866942020975102,False,sub-30,NS,eyesclosed,75,1
P3,0.26859719576781205,0.11235655946743563,False,sub-30,NS,eyesclosed,75,1
P5,0.2533966411213167,0.08249296307599194,False,sub-30,NS,eyesclosed,75,1
P7,0.29015174530910937,0.11571792788746826,False,sub-30,NS,eyesclosed,75,1
PO3,0.2560188015922234,0.09615648129116382,False,sub-30,NS,eyesclosed,75,1
PO7,0.26424295592636765,0.09083347505298846,False,sub-30,NS,eyesclosed,75,1
Oz,0.21877354124603818,0.07734551378866247,False,sub-30,NS,eyesclosed,75,1
O1,0.2825676711040203,0.11704861563959648,False,sub-30,NS,eyesclosed,75,1
Fpz,0.2598103504998761,0.11300356212463848,False,sub-30,NS,eyesclosed,75,1
Fp2,0.18464536695064712,0.06845739620588848,False,sub-30,NS,eyesclosed,75,1
AF4,0.26837033473371397,0.12199358569111793,False,sub-30,NS,eyesclosed,75,1
AF8,0.29030223865613963,0.11546963561172872,False,sub-30,NS,eyesclosed,75,1
F2,0.2721263650137326,0.10217704947364352,False,sub-30,NS,eyesclosed,75,1
F4,0.25985551560869763,0.09017347892846297,False,sub-30,NS,eyesclosed,75,1
F6,0.28047997448032747,0.1248682527643817,False,sub-30,NS,eyesclosed,75,1
F8,0.2591553971035159,0.08646741216988672,False,sub-30,NS,eyesclosed,75,1
FC2,0.269012509223779,0.09880563829192154,True,sub-30,NS,eyesclosed,75,1
FC4,0.2714298822495878,0.10085575537279544,False,sub-30,NS,eyesclosed,75,1
FC6,0.25465179491592127,0.08312469094546122,False,sub-30,NS,eyesclosed,75,1
FT8,0.2320668166476925,0.08094649307790809,False,sub-30,NS,eyesclosed,75,1
C2,0.28865004634173924,0.10407636203729767,False,sub-30,NS,eyesclosed,75,1
C4,0.25215636069838004,0.10213447766979655,False,sub-30,NS,eyesclosed,75,1
C6,0.19125800415038108,0.0677217032237417,False,sub-30,NS,eyesclosed,75,1
T8,0.2630277870159848,0.09939885407038548,False,sub-30,NS,eyesclosed,75,1
CPz,0.2934938119631061,0.11878440870245219,False,sub-30,NS,eyesclosed,75,1
CP2,0.2580615877717133,0.10841871331054306,False,sub-30,NS,eyesclosed,75,1
CP4,0.27837301466498215,0.08988705553117714,False,sub-30,NS,eyesclosed,75,1
CP6,0.28470523274142306,0.10997058599001945,False,sub-30,NS,eyesclosed,75,1
TP8,0.2697182731080179,0.09021766750384255,False,sub-30,NS,eyesclosed,75,1
TP10,0.26769935288698626,0.08727592169163932,False,sub-30,NS,eyesclosed,75,1
P2,0.25289110730795383,0.08871263596292732,False,sub-30,NS,eyesclosed,75,1
P4,0.2606648839607362,0.11815338915202164,False,sub-30,NS,eyesclosed,75,1
P6,0.28578497914416134,0.10251618398522616,False,sub-30,NS,eyesclosed,75,1
P8,0.2552303090653753,0.11966253409764757,False,sub-30,NS,eyesclosed,75,1
POz,0.2531833949988639,0.11369113195606635,False,sub-30,NS,eyesclosed,75,1
PO4,0.26401390419238496,0.10718797880631516,False,sub-30,NS,eyesclosed,75,1
PO8,0.2720261444173063,0.10846160930739515,False,sub-30,NS,eyesclosed,75,1
O2,0.25955329250533815,0.11121432431868927,False,sub-30,NS,eyesclosed,75,1
Fp1,0.10534115572217967,0.06755219722377342,False,sub-30,NS,eyesopen,75,0
AF3,0.21021428821243474,0.07748918526357175,False,sub-30,NS,eyesopen,75,0
AF7,0.23635705771753854,0.08259904175239872,False,sub-30,NS,eyesopen,75,0
Fz,0.19855941902419622,0.09756785679373124,False,sub-30,NS,eyesopen,75,0
F1,0.2284321416231442,0.0850202095096352,False,sub-30,NS,eyesopen,75,0
F3,0.1850229640441826,0.08255320554591437,False,sub-30,NS,eyesopen,75,0
F5,0.3033516339097651,0.07613312675546385,False,sub-30,NS,eyesopen,75,0
F7,0.08754478315320602,0.037645199516888286,False,sub-30,NS,eyesopen,75,0
FC1,0.21965184829738865,0.06867173035307035,False,sub-30,NS,eyesopen,75,0
FC3,0.26701662516943714,0.08903512503139004,False,sub-30,NS,eyesopen,75,0
FC5,0.2465519463295114,0.07027809034601903,False,sub-30,NS,eyesopen,75,0
FT7,0.24041992717682195,0.10941127982824678,False,sub-30,NS,eyesopen,75,0
Cz,0.19928907011215224,0.07402383560419575,False,sub-30,NS,eyesopen,75,0
C1,0.21754573338736355,0.0833052047647063,False,sub-30,NS,eyesopen,75,0
C3,0.25623971829522274,0.07970034496511405,False,sub-30,NS,eyesopen,75,0
C5,0.34236200731216937,0.14495351759345326,False,sub-30,NS,eyesopen,75,0
T7,0.25503023794044155,0.08802472368974308,False,sub-30,NS,eyesopen,75,0
CP1,0.18757734454066236,0.0674924160538378,False,sub-30,NS,eyesopen,75,0
CP3,0.24461508197504098,0.1016338284279856,False,sub-30,NS,eyesopen,75,0
CP5,0.215050359494409,0.07922918075757722,False,sub-30,NS,eyesopen,75,0
TP7,0.3498366162331424,0.1616501229590101,False,sub-30,NS,eyesopen,75,0
TP9,0.19974111144578233,0.0728194192435848,False,sub-30,NS,eyesopen,75,0
Pz,0.19808608320781262,0.08218824948379305,False,sub-30,NS,eyesopen,75,0
P1,0.16310356503318355,0.10554177201851167,False,sub-30,NS,eyesopen,75,0
P3,0.24639927018335497,0.09080669514895652,False,sub-30,NS,eyesopen,75,0
P5,0.06852240604931507,0.03444962533256519,False,sub-30,NS,eyesopen,75,0
P7,0.3435393987707168,0.14580811048361636,False,sub-30,NS,eyesopen,75,0
PO3,0.06415782404890438,0.033799627004103446,False,sub-30,NS,eyesopen,75,0
PO7,0.11516810044204284,0.0760962388063952,False,sub-30,NS,eyesopen,75,0
Oz,0.24009187201579962,0.07273909747882358,False,sub-30,NS,eyesopen,75,0
O1,0.2909367946650026,0.13581348610886826,False,sub-30,NS,eyesopen,75,0
Fpz,0.2029775635306819,0.08626901847916742,False,sub-30,NS,eyesopen,75,0
Fp2,0.06797819138579196,0.03379958773102455,False,sub-30,NS,eyesopen,75,0
AF4,0.24292809726641545,0.06902828840835352,False,sub-30,NS,eyesopen,75,0
AF8,0.2508636325139101,0.07133016610753773,False,sub-30,NS,eyesopen,75,0
F2,0.2022981356455052,0.06691176728955642,False,sub-30,NS,eyesopen,75,0
F4,0.188456120242793,0.05954693850564231,False,sub-30,NS,eyesopen,75,0
F6,0.22911387704341687,0.07518818475166834,False,sub-30,NS,eyesopen,75,0
F8,0.1837523637609682,0.07487500792220929,False,sub-30,NS,eyesopen,75,0
FC2,0.21396823497048112,0.07749890863368755,False,sub-30,NS,eyesopen,75,0
FC4,0.20339978239359288,0.07653348916534468,False,sub-30,NS,eyesopen,75,0
FC6,0.31032115734574983,0.10490981529823147,False,sub-30,NS,eyesopen,75,0
FT8,0.2258197974104263,0.07984458883281015,False,sub-30,NS,eyesopen,75,0
C2,0.18228029875086985,0.0757857426502961,False,sub-30,NS,eyesopen,75,0
C4,0.2178266802834734,0.07244921783407458,False,sub-30,NS,eyesopen,75,0
C6,0.1978063619066749,0.07872573369283448,False,sub-30,NS,eyesopen,75,0
T8,0.24012445790144013,0.07770332016272175,False,sub-30,NS,eyesopen,75,0
CPz,0.22531679234010085,0.09753834885735539,False,sub-30,NS,eyesopen,75,0
CP2,0.19736974133506205,0.0673316458731979,False,sub-30,NS,eyesopen,75,0
CP4,0.18670360647531892,0.08276470509909979,False,sub-30,NS,eyesopen,75,0
CP6,0.31335363931383253,0.13194413714649825,False,sub-30,NS,eyesopen,75,0
TP8,0.19777780241125856,0.08105302087984202,False,sub-30,NS,eyesopen,75,0
TP10,0.20928899925617947,0.10050179943965834,False,sub-30,NS,eyesopen,75,0
P2,0.14616069432026765,0.06875958700140337,False,sub-30,NS,eyesopen,75,0
P4,0.19178667095781107,0.07957295767572505,False,sub-30,NS,eyesopen,75,0
P6,0.09121147611281165,0.04825841284338982,False,sub-30,NS,eyesopen,75,0
P8,0.20974565222853603,0.07796206357482646,False,sub-30,NS,eyesopen,75,0
POz,0.2132883399972899,0.07629251610727844,False,sub-30,NS,eyesopen,75,0
PO4,0.1349130222509515,0.056011511414722416,False,sub-30,NS,eyesopen,75,0
PO8,0.19310851305593318,0.07268828310632644,False,sub-30,NS,eyesopen,75,0
O2,0.20440344755460005,0.08643892102761429,False,sub-30,NS,eyesopen,75,0
Fp1,0.259387470986307,0.11240681078834115,False,sub-30,SD,eyesclosed,75,0
AF3,0.2628416581364949,0.10790534046206497,False,sub-30,SD,eyesclosed,75,0
AF7,0.2549418457402702,0.1046315519402907,False,sub-30,SD,eyesclosed,75,0
Fz,0.2952854562590106,0.11414338900296735,False,sub-30,SD,eyesclosed,75,0
F1,0.30137647317552174,0.12328088050548291,False,sub-30,SD,eyesclosed,75,0
F3,0.26971720270392346,0.11675250227806427,False,sub-30,SD,eyesclosed,75,0
F5,0.23372922532930726,0.08733648347849468,False,sub-30,SD,eyesclosed,75,0
F7,0.2857030820671202,0.10503959308691124,False,sub-30,SD,eyesclosed,75,0
FC1,0.2878607986406436,0.11593769913903447,False,sub-30,SD,eyesclosed,75,0
FC3,0.2553151280039045,0.09839220802835648,False,sub-30,SD,eyesclosed,75,0
FC5,0.25715326661908916,0.1148694030894342,False,sub-30,SD,eyesclosed,75,0
FT7,0.28086328007436234,0.10525583764494326,False,sub-30,SD,eyesclosed,75,0
Cz,0.2429284734588256,0.1053109158206892,False,sub-30,SD,eyesclosed,75,0
C1,0.2638418522415257,0.1109323323439766,False,sub-30,SD,eyesclosed,75,0
C3,0.25639143591174857,0.11182433369975824,False,sub-30,SD,eyesclosed,75,0
C5,0.24936931308760293,0.09459895663579018,False,sub-30,SD,eyesclosed,75,0
T7,0.25272536964583237,0.12182040573655871,False,sub-30,SD,eyesclosed,75,0
CP1,0.265576771517407,0.15003087010951874,False,sub-30,SD,eyesclosed,75,0
CP3,0.21750191464707014,0.084936592454529,False,sub-30,SD,eyesclosed,75,0
CP5,0.2938634697735634,0.1240227043464869,False,sub-30,SD,eyesclosed,75,0
TP7,0.26413224084262416,0.11436620963947444,False,sub-30,SD,eyesclosed,75,0
TP9,0.288084547198423,0.1284556725643024,False,sub-30,SD,eyesclosed,75,0
Pz,0.2553002182123345,0.10672174743041533,False,sub-30,SD,eyesclosed,75,0
P1,0.25847610690490125,0.11187871922131418,False,sub-30,SD,eyesclosed,75,0
P3,0.2728122910597049,0.11874461253079711,False,sub-30,SD,eyesclosed,75,0
P5,0.2537708767755566,0.10306817840596268,False,sub-30,SD,eyesclosed,75,0
P7,0.23784351014290878,0.09112240317487526,False,sub-30,SD,eyesclosed,75,0
PO3,0.2775526814198446,0.09240931890829607,False,sub-30,SD,eyesclosed,75,0
PO7,0.2763586871324913,0.11784196356748365,False,sub-30,SD,eyesclosed,75,0
Oz,0.3003471890026114,0.12026666798961669,False,sub-30,SD,eyesclosed,75,0
O1,0.23830734824193983,0.08448488210654156,False,sub-30,SD,eyesclosed,75,0
Fpz,0.27647895523719695,0.12313531992171513,False,sub-30,SD,eyesclosed,75,0
Fp2,0.26975654698013474,0.11728856685988921,False,sub-30,SD,eyesclosed,75,0
AF4,0.2659564924676789,0.10946353654428959,False,sub-30,SD,eyesclosed,75,0
AF8,0.27228830363209566,0.10470434296297851,False,sub-30,SD,eyesclosed,75,0
F2,0.30872789659031086,0.13078784405796537,False,sub-30,SD,eyesclosed,75,0
F4,0.26066486606178324,0.11157145251253549,False,sub-30,SD,eyesclosed,75,0
F6,0.24710908200519882,0.09140245323895416,False,sub-30,SD,eyesclosed,75,0
F8,0.2896212340837479,0.10884715635172373,False,sub-30,SD,eyesclosed,75,0
FC2,0.30532110859747646,0.13010548646606696,False,sub-30,SD,eyesclosed,75,0
FC4,0.27702531059694685,0.09591354944611195,False,sub-30,SD,eyesclosed,75,0
FC6,0.27022809012650517,0.11726964525208156,False,sub-30,SD,eyesclosed,75,0
FT8,0.29269910007630695,0.11153677929147096,False,sub-30,SD,eyesclosed,75,0
C2,0.2637545556001366,0.10848130712161173,False,sub-30,SD,eyesclosed,75,0
C4,0.26540392411664754,0.11270334227401678,False,sub-30,SD,eyesclosed,75,0
C6,0.2835628505468737,0.09621330464614045,False,sub-30,SD,eyesclosed,75,0
T8,0.2412749021192062,0.09923149051814724,False,sub-30,SD,eyesclosed,75,0
CPz,0.27984481386101945,0.11857453551913869,False,sub-30,SD,eyesclosed,75,0
CP2,0.2623437445972474,0.11778042016324185,False,sub-30,SD,eyesclosed,75,0
CP4,0.2587305453420391,0.08849564978801491,False,sub-30,SD,eyesclosed,75,0
CP6,0.31999572341377897,0.14490820107632504,False,sub-30,SD,eyesclosed,75,0
TP8,0.27005174238600965,0.11309935399006783,False,sub-30,SD,eyesclosed,75,0
TP10,0.3185640696825544,0.14231600043763276,False,sub-30,SD,eyesclosed,75,0
P2,0.27036633448550923,0.1008299201717094,False,sub-30,SD,eyesclosed,75,0
P4,0.28123124744051503,0.11313086052122315,False,sub-30,SD,eyesclosed,75,0
P6,0.2547963878556293,0.10271403088214665,False,sub-30,SD,eyesclosed,75,0
P8,0.2817723396241591,0.10450082068935923,False,sub-30,SD,eyesclosed,75,0
POz,0.29094302842753533,0.12291043992754108,False,sub-30,SD,eyesclosed,75,0
PO4,0.28263013281212535,0.09460179276407638,False,sub-30,SD,eyesclosed,75,0
PO8,0.2877056324705373,0.11963021318659768,False,sub-30,SD,eyesclosed,75,0
O2,0.26330731280478187,0.09575764462611469,False,sub-30,SD,eyesclosed,75,0
Fp1,0.10760385730029062,0.09237747191361301,False,sub-30,SD,eyesopen,75,0
AF3,0.10764953761640257,0.07854932935120189,False,sub-30,SD,eyesopen,75,0
AF7,0.12498982486228413,0.09604135159009503,False,sub-30,SD,eyesopen,75,0
Fz,0.23256668442078657,0.1409454859378323,False,sub-30,SD,eyesopen,75,0
F1,0.23119376579917467,0.12631378845347788,False,sub-30,SD,eyesopen,75,0
F3,0.14226709766619566,0.07350236538820251,False,sub-30,SD,eyesopen,75,0
F5,0.09952878662933493,0.05501589177191001,False,sub-30,SD,eyesopen,75,0
F7,0.1997768925415876,0.1013446170182718,False,sub-30,SD,eyesopen,75,0
FC1,0.22278855849205997,0.09269935190618828,False,sub-30,SD,eyesopen,75,0
FC3,0.20512223947705932,0.08421541563922387,False,sub-30,SD,eyesopen,75,0
FC5,0.25652299885373964,0.09091164972765527,False,sub-30,SD,eyesopen,75,0
FT7,0.25727687795605086,0.09153075675178382,False,sub-30,SD,eyesopen,75,0
Cz,0.2302921399638808,0.10933490027502084,False,sub-30,SD,eyesopen,75,0
C1,0.22558027624031207,0.10553445728032813,False,sub-30,SD,eyesopen,75,0
C3,0.24300574859114538,0.10175724280135957,False,sub-30,SD,eyesopen,75,0
C5,0.28038051568493877,0.10175124197614739,False,sub-30,SD,eyesopen,75,0
T7,0.294681680266186,0.110046605468326,False,sub-30,SD,eyesopen,75,0
CP1,0.22603940954452195,0.10589285063799161,False,sub-30,SD,eyesopen,75,0
CP3,0.24328219289571681,0.10526894290654654,False,sub-30,SD,eyesopen,75,0
CP5,0.28749560231664256,0.11492457939791001,False,sub-30,SD,eyesopen,75,0
TP7,0.2751743084449457,0.11177349270787733,False,sub-30,SD,eyesopen,75,0
TP9,0.2969003632958632,0.13791632760734782,False,sub-30,SD,eyesopen,75,0
Pz,0.23853717319183057,0.11507180188068854,False,sub-30,SD,eyesopen,75,0
P1,0.24009083168974607,0.1126554114868672,False,sub-30,SD,eyesopen,75,0
P3,0.25977495451685084,0.11698895508972572,False,sub-30,SD,eyesopen,75,0
P5,0.2988111944638559,0.12965921860982368,False,sub-30,SD,eyesopen,75,0
P7,0.33329065365919025,0.15060181001294914,False,sub-30,SD,eyesopen,75,0
PO3,0.26648107977425306,0.12849432575525546,False,sub-30,SD,eyesopen,75,0
PO7,0.3294188848669011,0.15175631520872948,False,sub-30,SD,eyesopen,75,0
Oz,0.25295332172617313,0.13059141244102598,False,sub-30,SD,eyesopen,75,0
O1,0.28581451097522215,0.137462410425638,False,sub-30,SD,eyesopen,75,0
Fpz,0.1440295276675181,0.12307249841474165,False,sub-30,SD,eyesopen,75,0
Fp2,0.13487093504910952,0.11289136234138944,False,sub-30,SD,eyesopen,75,0
AF4,0.15713388783891483,0.10805184882895945,False,sub-30,SD,eyesopen,75,0
AF8,0.20147709692765184,0.12722639462003868,False,sub-30,SD,eyesopen,75,0
F2,0.24023936346460786,0.12736523350451814,False,sub-30,SD,eyesopen,75,0
F4,0.2295066613500276,0.11930347360640978,False,sub-30,SD,eyesopen,75,0
F6,0.22517523328737013,0.10839411525963019,False,sub-30,SD,eyesopen,75,0
F8,0.2668563843074866,0.11053123934934243,False,sub-30,SD,eyesopen,75,0
FC2,0.23853438327472412,0.10507971123320915,False,sub-30,SD,eyesopen,75,0
FC4,0.26751008830325557,0.1039059128692169,False,sub-30,SD,eyesopen,75,0
FC6,0.28120657511558317,0.10770289281704702,False,sub-30,SD,eyesopen,75,0
FT8,0.2780454044934059,0.10698385875585914,False,sub-30,SD,eyesopen,75,0
C2,0.2342931794007915,0.10564065346799857,False,sub-30,SD,eyesopen,75,0
C4,0.24995012269920863,0.11093641724334054,False,sub-30,SD,eyesopen,75,0
C6,0.2648428722341226,0.11378158131826295,False,sub-30,SD,eyesopen,75,0
T8,0.26674733781386034,0.11129979959050586,False,sub-30,SD,eyesopen,75,0
CPz,0.23041751541921787,0.11224857656573234,False,sub-30,SD,eyesopen,75,0
CP2,0.2365036454794663,0.11166900990932185,False,sub-30,SD,eyesopen,75,0
CP4,0.24703636421705408,0.11083508618835283,False,sub-30,SD,eyesopen,75,0
CP6,0.2549637982344335,0.11761610863327442,False,sub-30,SD,eyesopen,75,0
TP8,0.2650266857383859,0.11756411843777817,False,sub-30,SD,eyesopen,75,0
TP10,0.2652313634409113,0.11838646928426295,False,sub-30,SD,eyesopen,75,0
P2,0.240285683126719,0.11359655020707457,False,sub-30,SD,eyesopen,75,0
P4,0.24386950187899076,0.1193298469263891,False,sub-30,SD,eyesopen,75,0
P6,0.25262808547723486,0.12541443710039474,False,sub-30,SD,eyesopen,75,0
P8,0.2613389724043031,0.1264196348667039,False,sub-30,SD,eyesopen,75,0
POz,0.2451049407909058,0.12606627400629816,False,sub-30,SD,eyesopen,75,0
PO4,0.24404974193152185,0.1268508855808651,False,sub-30,SD,eyesopen,75,0
PO8,0.25227237835091876,0.13230056525103495,False,sub-30,SD,eyesopen,75,0
O2,0.23897648120628745,0.1292297764864859,False,sub-30,SD,eyesopen,75,0
Fp1,0.20836389342124734,0.08224055356842103,False,sub-31,NS,eyesclosed,75,0
AF3,0.22829625582237587,0.07416235313202285,False,sub-31,NS,eyesclosed,75,0
AF7,0.22397625381637984,0.08962053187529773,False,sub-31,NS,eyesclosed,75,0
Fz,0.21374226836251234,0.07015127182112395,False,sub-31,NS,eyesclosed,75,0
F1,0.21991775850337628,0.07310165707655038,False,sub-31,NS,eyesclosed,75,0
F3,0.20482663224491135,0.0664394694323609,False,sub-31,NS,eyesclosed,75,0
F5,0.2284105827744187,0.07622843076530769,False,sub-31,NS,eyesclosed,75,0
F7,0.21066149657477384,0.08119364513116813,False,sub-31,NS,eyesclosed,75,0
FC1,0.135855509460785,0.054472541838666656,False,sub-31,NS,eyesclosed,75,0
FC3,0.18858260194019996,0.06752982482637147,False,sub-31,NS,eyesclosed,75,0
FC5,0.21605244378245686,0.07053931768004354,False,sub-31,NS,eyesclosed,75,0
FT7,0.22248942319489454,0.0752327655803874,False,sub-31,NS,eyesclosed,75,0
Cz,0.18644423950091615,0.07087749109429581,False,sub-31,NS,eyesclosed,75,0
C1,0.20534301813650147,0.06535820677315059,False,sub-31,NS,eyesclosed,75,0
C3,0.1808157345273974,0.062156435686655825,False,sub-31,NS,eyesclosed,75,0
C5,0.2127548830558562,0.06517529351612791,False,sub-31,NS,eyesclosed,75,0
T7,0.19942942168934527,0.06702320350373431,False,sub-31,NS,eyesclosed,75,0
CP1,0.19909078457693558,0.06258687244439977,False,sub-31,NS,eyesclosed,75,0
CP3,0.18886679198425854,0.05843376752651766,False,sub-31,NS,eyesclosed,75,0
CP5,0.18378736131304146,0.06033428345163882,False,sub-31,NS,eyesclosed,75,0
TP7,0.22973599525327992,0.07050173032063514,False,sub-31,NS,eyesclosed,75,0
TP9,0.12603396505213313,0.04580200049029423,False,sub-31,NS,eyesclosed,75,0
Pz,0.20411232743362742,0.060789320564962945,False,sub-31,NS,eyesclosed,75,0
P1,0.19772737569174817,0.06320961629025922,False,sub-31,NS,eyesclosed,75,0
P3,0.19321296039635402,0.06007590136630638,False,sub-31,NS,eyesclosed,75,0
P5,0.1690106909981228,0.05366019684238469,False,sub-31,NS,eyesclosed,75,0
P7,0.2277815225210927,0.06579974197001892,False,sub-31,NS,eyesclosed,75,0
PO3,0.1937629024298311,0.06994630172194802,False,sub-31,NS,eyesclosed,75,0
PO7,0.21356682279983005,0.07053235331621205,False,sub-31,NS,eyesclosed,75,0
Oz,0.21059270316270903,0.06947567942943603,False,sub-31,NS,eyesclosed,75,0
O1,0.21228646107089685,0.07096805633275013,False,sub-31,NS,eyesclosed,75,0
Fpz,0.2210024871420745,0.08171113070500727,False,sub-31,NS,eyesclosed,75,0
Fp2,0.22380259075025266,0.0810203498515841,False,sub-31,NS,eyesclosed,75,0
AF4,0.2132581984153862,0.07353999750670072,False,sub-31,NS,eyesclosed,75,0
AF8,0.23022657733006316,0.07712071938546668,False,sub-31,NS,eyesclosed,75,0
F2,0.18608165660244252,0.07110546196929629,False,sub-31,NS,eyesclosed,75,0
F4,0.19182660217306557,0.07054307019040082,False,sub-31,NS,eyesclosed,75,0
F6,0.2264481276818719,0.07491750371255491,False,sub-31,NS,eyesclosed,75,0
F8,0.25435298754080377,0.08041010683473426,False,sub-31,NS,eyesclosed,75,0
FC2,0.12502340693428804,0.04906272628545565,False,sub-31,NS,eyesclosed,75,0
FC4,0.1992995524552947,0.06551515294301967,False,sub-31,NS,eyesclosed,75,0
FC6,0.22663368668614675,0.07237727205656522,False,sub-31,NS,eyesclosed,75,0
FT8,0.2527478945958423,0.07183005885216845,False,sub-31,NS,eyesclosed,75,0
C2,0.19692417206523016,0.05309766194583621,False,sub-31,NS,eyesclosed,75,0
C4,0.20822767397596242,0.06466676850733905,False,sub-31,NS,eyesclosed,75,0
C6,0.19888839975860675,0.06245634466834839,False,sub-31,NS,eyesclosed,75,0
T8,0.05990825383447703,0.02509787262650276,False,sub-31,NS,eyesclosed,75,0
CPz,0.21487376892897037,0.07123549451566932,False,sub-31,NS,eyesclosed,75,0
CP2,0.21051219143262861,0.05593783839023418,False,sub-31,NS,eyesclosed,75,0
CP4,0.2039682371453731,0.05962976936006493,False,sub-31,NS,eyesclosed,75,0
CP6,0.22462280240984933,0.066330893058713,False,sub-31,NS,eyesclosed,75,0
TP8,0.22917220948058856,0.06813198585504567,False,sub-31,NS,eyesclosed,75,0
TP10,0.2445568212107787,0.0802043376768714,False,sub-31,NS,eyesclosed,75,0
P2,0.2014784017354031,0.06003489919984089,False,sub-31,NS,eyesclosed,75,0
P4,0.20148910578028642,0.06253063095659273,False,sub-31,NS,eyesclosed,75,0
P6,0.21195260201664928,0.06342308735153292,False,sub-31,NS,eyesclosed,75,0
P8,0.22337303903523462,0.06930303116166632,False,sub-31,NS,eyesclosed,75,0
POz,0.20746080964484956,0.06918794230169592,False,sub-31,NS,eyesclosed,75,0
PO4,0.20355342556769082,0.07068704597070224,False,sub-31,NS,eyesclosed,75,0
PO8,0.21508645490597791,0.0702723326173735,False,sub-31,NS,eyesclosed,75,0
O2,0.21268364276248916,0.0739241419116505,False,sub-31,NS,eyesclosed,75,0
Fp1,0.12370066455743907,0.07217911788831297,False,sub-31,NS,eyesopen,75,0
AF3,0.18355784778832368,0.09782697505237137,False,sub-31,NS,eyesopen,75,0
AF7,0.14723650190056706,0.07722372328667346,False,sub-31,NS,eyesopen,75,0
Fz,0.18829323486712482,0.08923034661538685,False,sub-31,NS,eyesopen,75,0
F1,0.19501574785608833,0.09312991068812919,False,sub-31,NS,eyesopen,75,0
F3,0.18020592666928856,0.08017123759948636,False,sub-31,NS,eyesopen,75,0
F5,0.19774571157839324,0.08673860254959984,False,sub-31,NS,eyesopen,75,0
F7,0.17791701373020102,0.08521625855532015,False,sub-31,NS,eyesopen,75,0
FC1,0.12982729512960703,0.05147412476629329,False,sub-31,NS,eyesopen,75,0
FC3,0.19203493315155154,0.07148554059378343,False,sub-31,NS,eyesopen,75,0
FC5,0.20358008961821633,0.06869221425047417,False,sub-31,NS,eyesopen,75,0
FT7,0.177011007501979,0.061257927407588855,False,sub-31,NS,eyesopen,75,0
Cz,0.1765951932250642,0.06733920855431443,False,sub-31,NS,eyesopen,75,0
C1,0.1851598184413741,0.06416479793456768,False,sub-31,NS,eyesopen,75,0
C3,0.1751909653574496,0.059612557072659736,False,sub-31,NS,eyesopen,75,0
C5,0.19021909708855939,0.06293569256183305,False,sub-31,NS,eyesopen,75,0
T7,0.14160407388122295,0.0442882987105194,False,sub-31,NS,eyesopen,75,0
CP1,0.18715616516561132,0.07194620838062482,False,sub-31,NS,eyesopen,75,0
CP3,0.17752572857821314,0.062166518398524925,False,sub-31,NS,eyesopen,75,0
CP5,0.16103938968415932,0.05639230366739623,False,sub-31,NS,eyesopen,75,0
TP7,0.14893877007629241,0.04822790830994113,False,sub-31,NS,eyesopen,75,0
TP9,0.13233792829152505,0.05789446265603327,False,sub-31,NS,eyesopen,75,0
Pz,0.18489777365160218,0.07216779870863815,False,sub-31,NS,eyesopen,75,0
P1,0.18796807540978164,0.07222284122888405,False,sub-31,NS,eyesopen,75,0
P3,0.18885904207800175,0.06211924968695148,False,sub-31,NS,eyesopen,75,0
P5,0.15182639706159692,0.05450685006693244,False,sub-31,NS,eyesopen,75,0
P7,0.1448524945278273,0.049990610884688105,False,sub-31,NS,eyesopen,75,0
PO3,0.19894865101042553,0.07395091312141817,False,sub-31,NS,eyesopen,75,0
PO7,0.14726612159943747,0.05440389333873051,False,sub-31,NS,eyesopen,75,0
Oz,0.19336575719479696,0.07448846252140512,False,sub-31,NS,eyesopen,75,0
O1,0.17838232551569075,0.06297511521946764,False,sub-31,NS,eyesopen,75,0
Fpz,0.16926303538430795,0.09777385751118217,False,sub-31,NS,eyesopen,75,0
Fp2,0.11604240087849883,0.05943466041709698,False,sub-31,NS,eyesopen,75,0
AF4,0.12442134003314458,0.0631139489339042,False,sub-31,NS,eyesopen,75,0
AF8,0.16058281149882767,0.08670216974432349,False,sub-31,NS,eyesopen,75,0
F2,0.1530783460114844,0.0812454876812653,False,sub-31,NS,eyesopen,75,0
F4,0.16808283522129103,0.07681327800021377,False,sub-31,NS,eyesopen,75,0
F6,0.1895206690492031,0.08786455885156531,False,sub-31,NS,eyesopen,75,0
F8,0.1446749979666972,0.06044724557470532,False,sub-31,NS,eyesopen,75,0
FC2,0.10528551476015668,0.04981398260644327,False,sub-31,NS,eyesopen,75,0
FC4,0.19832622802230815,0.06402960711951759,False,sub-31,NS,eyesopen,75,0
FC6,0.1975842778400728,0.05733020881210888,False,sub-31,NS,eyesopen,75,0
FT8,0.1915395479653691,0.05488038805059343,False,sub-31,NS,eyesopen,75,0
C2,0.20235817383625848,0.07024655522594213,False,sub-31,NS,eyesopen,75,0
C4,0.20294463151830672,0.06307406210951194,False,sub-31,NS,eyesopen,75,0
C6,0.15855792805964494,0.04707719662086721,False,sub-31,NS,eyesopen,75,0
T8,0.02754304276516126,0.009271294626378343,False,sub-31,NS,eyesopen,75,0
CPz,0.1911385899677983,0.08269118126695693,False,sub-31,NS,eyesopen,75,0
CP2,0.1900397400634767,0.06535411055641659,False,sub-31,NS,eyesopen,75,0
CP4,0.19821466870637983,0.06353027190814273,False,sub-31,NS,eyesopen,75,0
CP6,0.21164780369409592,0.06373068424179566,False,sub-31,NS,eyesopen,75,0
TP8,0.1626384255190551,0.05564410443395838,False,sub-31,NS,eyesopen,75,0
TP10,0.19409203087131932,0.08049926924338606,False,sub-31,NS,eyesopen,75,0
P2,0.18385880547158256,0.06837477343567724,False,sub-31,NS,eyesopen,75,0
P4,0.19357759516210038,0.06605292155833414,False,sub-31,NS,eyesopen,75,0
P6,0.20288241135330637,0.06761415867776412,False,sub-31,NS,eyesopen,75,0
P8,0.19648848960213056,0.06238754028241972,False,sub-31,NS,eyesopen,75,0
POz,0.19441338377487832,0.07307611222438162,False,sub-31,NS,eyesopen,75,0
PO4,0.2024455873486366,0.0710848417874062,False,sub-31,NS,eyesopen,75,0
PO8,0.16592278470628222,0.05452344768066306,False,sub-31,NS,eyesopen,75,0
O2,0.1693990477308235,0.05974139930503285,False,sub-31,NS,eyesopen,75,0
Fp1,0.1829941027377792,0.08744123457613485,False,sub-31,SD,eyesclosed,75,0
AF3,0.19229870416996456,0.0938676320345449,False,sub-31,SD,eyesclosed,75,0
AF7,0.19296737492749952,0.08662850359769544,False,sub-31,SD,eyesclosed,75,0
Fz,0.1810132335145088,0.1069499875761785,False,sub-31,SD,eyesclosed,75,0
F1,0.17299462204793006,0.09808755738499521,False,sub-31,SD,eyesclosed,75,0
F3,0.19014700484427272,0.09097067680091203,False,sub-31,SD,eyesclosed,75,0
F5,0.19942280712809368,0.08772821548940563,False,sub-31,SD,eyesclosed,75,0
F7,0.2027518540877687,0.08654056235159427,False,sub-31,SD,eyesclosed,75,0
FC1,0.1904886577185622,0.08344891409841278,False,sub-31,SD,eyesclosed,75,0
FC3,0.19195537752515335,0.08634111866991727,False,sub-31,SD,eyesclosed,75,0
FC5,0.2044796715739361,0.08925649989641973,False,sub-31,SD,eyesclosed,75,0
FT7,0.20909356528826473,0.08629913983273932,False,sub-31,SD,eyesclosed,75,0
Cz,0.21149413587698052,0.08116920199117321,False,sub-31,SD,eyesclosed,75,0
C1,0.1850573326602225,0.07165612495597252,False,sub-31,SD,eyesclosed,75,0
C3,0.19611907141280924,0.08997592996878162,False,sub-31,SD,eyesclosed,75,0
C5,0.20327354226371652,0.08643464143373049,False,sub-31,SD,eyesclosed,75,0
T7,0.20725004886570716,0.08652741199064147,False,sub-31,SD,eyesclosed,75,0
CP1,0.19938939820933854,0.08005087207097009,False,sub-31,SD,eyesclosed,75,0
CP3,0.2047208316654716,0.08900069417571274,False,sub-31,SD,eyesclosed,75,0
CP5,0.20769241731096258,0.08988910472540879,False,sub-31,SD,eyesclosed,75,0
TP7,0.20851033720600343,0.08691798053016814,False,sub-31,SD,eyesclosed,75,0
TP9,0.20082241873353301,0.08377531018562256,False,sub-31,SD,eyesclosed,75,0
Pz,0.21701910764467924,0.08753580084491208,False,sub-31,SD,eyesclosed,75,0
P1,0.21187911354583308,0.0867640581535354,False,sub-31,SD,eyesclosed,75,0
P3,0.20783565555315514,0.08606411358064489,False,sub-31,SD,eyesclosed,75,0
P5,0.2085117537429024,0.08646943123872228,False,sub-31,SD,eyesclosed,75,0
P7,0.21039252561755628,0.08962457612838576,False,sub-31,SD,eyesclosed,75,0
PO3,0.2169684015895098,0.08813773774426335,False,sub-31,SD,eyesclosed,75,0
PO7,0.2084380235685461,0.09923839700243182,False,sub-31,SD,eyesclosed,75,0
Oz,0.21777346557992538,0.09006327861865693,False,sub-31,SD,eyesclosed,75,0
O1,0.20044206005855306,0.08262657372579356,False,sub-31,SD,eyesclosed,75,0
Fpz,0.18735350886011576,0.0879755425388779,False,sub-31,SD,eyesclosed,75,0
Fp2,0.1916862550093458,0.08660253388572535,False,sub-31,SD,eyesclosed,75,0
AF4,0.1971892982164865,0.09236640267969923,False,sub-31,SD,eyesclosed,75,0
AF8,0.20919845368671466,0.08947930689979304,False,sub-31,SD,eyesclosed,75,0
F2,0.18104601817235463,0.10131293526842379,False,sub-31,SD,eyesclosed,75,0
F4,0.19394276540333036,0.0904209433682478,False,sub-31,SD,eyesclosed,75,0
F6,0.21264086406031057,0.08957809211950561,False,sub-31,SD,eyesclosed,75,0
F8,0.21744032133927002,0.08745010759342467,False,sub-31,SD,eyesclosed,75,0
FC2,0.18738439127360043,0.06819546854854158,False,sub-31,SD,eyesclosed,75,0
FC4,0.20973049631387813,0.07866301320848601,False,sub-31,SD,eyesclosed,75,0
FC6,0.19919638684044444,0.08430355745661317,False,sub-31,SD,eyesclosed,75,0
FT8,0.22637487368633538,0.09167029684271541,False,sub-31,SD,eyesclosed,75,0
C2,0.19045928486044164,0.06586872303709425,False,sub-31,SD,eyesclosed,75,0
C4,0.20448889303343823,0.0756739358903229,False,sub-31,SD,eyesclosed,75,0
C6,0.22063855358728265,0.08502369398662689,False,sub-31,SD,eyesclosed,75,0
T8,0.226394341069602,0.09193077288866669,False,sub-31,SD,eyesclosed,75,0
CPz,0.2012515063495869,0.07911647578516809,False,sub-31,SD,eyesclosed,75,0
CP2,0.20259859199399466,0.0777981114798434,False,sub-31,SD,eyesclosed,75,0
CP4,0.2067703263894329,0.07893899648855784,False,sub-31,SD,eyesclosed,75,0
CP6,0.22015228536060497,0.08519207630173861,False,sub-31,SD,eyesclosed,75,0
TP8,0.22827918424970756,0.0894401088600763,False,sub-31,SD,eyesclosed,75,0
TP10,0.22388783752559424,0.08978832528793455,False,sub-31,SD,eyesclosed,75,0
P2,0.21478092869013687,0.08515443918558777,False,sub-31,SD,eyesclosed,75,0
P4,0.2169924678124304,0.08272980957550483,False,sub-31,SD,eyesclosed,75,0
P6,0.22398365828934114,0.08527156626966059,False,sub-31,SD,eyesclosed,75,0
P8,0.22824541611979157,0.08709835124050305,False,sub-31,SD,eyesclosed,75,0
POz,0.22890261397087197,0.09385573582025189,False,sub-31,SD,eyesclosed,75,0
PO4,0.22805913518770188,0.09077334796812529,False,sub-31,SD,eyesclosed,75,0
PO8,0.2269528385550502,0.0870708565577898,False,sub-31,SD,eyesclosed,75,0
O2,0.22227029050599195,0.08853460911448856,False,sub-31,SD,eyesclosed,75,0
Fp1,0.098008040991714,0.08582273907834063,False,sub-31,SD,eyesopen,75,0
AF3,0.17617124461868286,0.0762868977808502,False,sub-31,SD,eyesopen,75,0
AF7,0.19203027713987103,0.07643696961118575,False,sub-31,SD,eyesopen,75,0
Fz,0.1927261386916458,0.07861065818313707,False,sub-31,SD,eyesopen,75,0
F1,0.1072177056542228,0.09001914504869751,False,sub-31,SD,eyesopen,75,0
F3,0.1178873438614139,0.09153123035361385,False,sub-31,SD,eyesopen,75,0
F5,0.19790410665886835,0.07644738720904207,False,sub-31,SD,eyesopen,75,0
F7,0.19804681012446881,0.08222841594742135,False,sub-31,SD,eyesopen,75,0
FC1,0.18328598804244992,0.0754614014696023,False,sub-31,SD,eyesopen,75,0
FC3,0.17579081071943772,0.06712926153463948,False,sub-31,SD,eyesopen,75,0
FC5,0.1562486546999234,0.07373591146144719,False,sub-31,SD,eyesopen,75,0
FT7,0.15507232564678114,0.07586784057695263,False,sub-31,SD,eyesopen,75,0
Cz,0.1579394175898138,0.06997028912251159,False,sub-31,SD,eyesopen,75,0
C1,0.13496914813306668,0.08914874975213305,False,sub-31,SD,eyesopen,75,0
C3,0.12315431538919774,0.06341489086288433,False,sub-31,SD,eyesopen,75,0
C5,0.15215041926468048,0.0693653274868265,False,sub-31,SD,eyesopen,75,0
T7,0.17388005908496143,0.07867189042467733,False,sub-31,SD,eyesopen,75,0
CP1,0.15484864583208804,0.07525074535268957,False,sub-31,SD,eyesopen,75,0
CP3,0.18369863562418975,0.06939911300599727,False,sub-31,SD,eyesopen,75,0
CP5,0.17863412696394537,0.07908412061585753,False,sub-31,SD,eyesopen,75,0
TP7,0.1711837355418329,0.07854836502162804,False,sub-31,SD,eyesopen,75,0
TP9,0.16220026715301508,0.07789313069073137,False,sub-31,SD,eyesopen,75,0
Pz,0.1703246435514905,0.07335016800454504,False,sub-31,SD,eyesopen,75,0
P1,0.15575823350820392,0.07288822854018359,False,sub-31,SD,eyesopen,75,0
P3,0.1526995617537797,0.07878701920937768,False,sub-31,SD,eyesopen,75,0
P5,0.1698186854842057,0.07513926605519801,False,sub-31,SD,eyesopen,75,0
P7,0.1671757766110144,0.07219506378692239,False,sub-31,SD,eyesopen,75,0
PO3,0.1629738667926189,0.06457065224637092,False,sub-31,SD,eyesopen,75,0
PO7,0.1560168999250408,0.08174451041163523,False,sub-31,SD,eyesopen,75,0
Oz,0.1848226640245568,0.07725985884297247,False,sub-31,SD,eyesopen,75,0
O1,0.1510587109817422,0.06725756264907537,False,sub-31,SD,eyesopen,75,0
Fpz,0.1663499391396133,0.08160127984646574,False,sub-31,SD,eyesopen,75,0
Fp2,0.11774917759358987,0.08764385887475715,False,sub-31,SD,eyesopen,75,0
AF4,0.1810503635014165,0.07438052870748738,False,sub-31,SD,eyesopen,75,0
AF8,0.17460433146964363,0.06994909339241523,False,sub-31,SD,eyesopen,75,0
F2,0.1111269369622902,0.09123812143618776,False,sub-31,SD,eyesopen,75,0
F4,0.12657963035057254,0.07068628610221118,False,sub-31,SD,eyesopen,75,0
F6,0.20203260085092317,0.07476326368718043,False,sub-31,SD,eyesopen,75,0
F8,0.2090731964466878,0.0845459081154354,False,sub-31,SD,eyesopen,75,0
FC2,0.17931749740289296,0.07835398055972943,False,sub-31,SD,eyesopen,75,0
FC4,0.19403503817640255,0.07476363292917154,False,sub-31,SD,eyesopen,75,0
FC6,0.1634651282457986,0.07614532858757982,False,sub-31,SD,eyesopen,75,0
FT8,0.16316760673626182,0.07853681359938536,False,sub-31,SD,eyesopen,75,0
C2,0.13974655543658096,0.0886740023696035,False,sub-31,SD,eyesopen,75,0
C4,0.1471589081776031,0.07311782781869136,False,sub-31,SD,eyesopen,75,0
C6,0.16034352850996458,0.07230494206095603,False,sub-31,SD,eyesopen,75,0
T8,0.15269702105971053,0.06329981359096165,False,sub-31,SD,eyesopen,75,0
CPz,0.1619384651322244,0.08355036035193286,False,sub-31,SD,eyesopen,75,0
CP2,0.15495957563340765,0.07378411323671524,False,sub-31,SD,eyesopen,75,0
CP4,0.2116261431910128,0.07643362284071727,False,sub-31,SD,eyesopen,75,0
CP6,0.15390335857936205,0.07776047879951392,False,sub-31,SD,eyesopen,75,0
TP8,0.17930658267548436,0.07727716052648052,False,sub-31,SD,eyesopen,75,0
TP10,0.1626411063171669,0.08302288303273862,False,sub-31,SD,eyesopen,75,0
P2,0.16327038071307565,0.07221436194786672,False,sub-31,SD,eyesopen,75,0
P4,0.1619524558798997,0.079331437011686,False,sub-31,SD,eyesopen,75,0
P6,0.18617678039812352,0.07779852408799631,False,sub-31,SD,eyesopen,75,0
P8,0.18458277270453022,0.07959463773313269,False,sub-31,SD,eyesopen,75,0
POz,0.16225514058509963,0.08023064453531994,False,sub-31,SD,eyesopen,75,0
PO4,0.17627237506584972,0.07556963210066364,False,sub-31,SD,eyesopen,75,0
PO8,0.15949209853752375,0.08298327660027419,False,sub-31,SD,eyesopen,75,0
O2,0.17593208712376415,0.07735168823296233,False,sub-31,SD,eyesopen,75,0
Fp1,0.21693894936445227,0.107253572857168,False,sub-32,NS,eyesclosed,75,1
AF3,0.16190440354079474,0.07253463279036956,False,sub-32,NS,eyesclosed,75,1
AF7,0.2382112821334789,0.07384713834531978,False,sub-32,NS,eyesclosed,75,1
Fz,0.16847670922156502,0.11532484469230844,False,sub-32,NS,eyesclosed,75,1
F1,0.227505468964597,0.07935278612921783,False,sub-32,NS,eyesclosed,75,1
F3,0.21660378544733974,0.09724384822427622,False,sub-32,NS,eyesclosed,75,1
F5,0.17753672559978942,0.07452567918680082,False,sub-32,NS,eyesclosed,75,1
F7,0.210612286627837,0.07189270526313413,False,sub-32,NS,eyesclosed,75,1
FC1,0.17665693364918564,0.07329304129140868,False,sub-32,NS,eyesclosed,75,1
FC3,0.1539818432368111,0.07993094578838432,False,sub-32,NS,eyesclosed,75,1
FC5,0.15156229408457686,0.07585623352199415,False,sub-32,NS,eyesclosed,75,1
FT7,0.1944897542355413,0.08307557844983811,False,sub-32,NS,eyesclosed,75,1
Cz,0.1523515451620062,0.06750103987004376,False,sub-32,NS,eyesclosed,75,1
C1,0.22840890957096566,0.07985788916549641,False,sub-32,NS,eyesclosed,75,1
C3,0.19945449804672558,0.07838061791928887,False,sub-32,NS,eyesclosed,75,1
C5,0.16803273480554337,0.08171654285803454,False,sub-32,NS,eyesclosed,75,1
T7,0.2533652681513138,0.08473711564928547,False,sub-32,NS,eyesclosed,75,1
CP1,0.22393751195019324,0.08172438992668392,True,sub-32,NS,eyesclosed,75,1
CP3,0.21642361878221072,0.10810824036789637,False,sub-32,NS,eyesclosed,75,1
CP5,0.25154790264920374,0.08342838288667587,False,sub-32,NS,eyesclosed,75,1
TP7,0.2013837971059221,0.0806338841391187,False,sub-32,NS,eyesclosed,75,1
TP9,0.21130427289853496,0.07812465796494925,False,sub-32,NS,eyesclosed,75,1
Pz,0.14800649738423832,0.08233514900033949,False,sub-32,NS,eyesclosed,75,1
P1,0.22018320357914078,0.11011587044529114,False,sub-32,NS,eyesclosed,75,1
P3,0.18259245363982862,0.08757478769299958,False,sub-32,NS,eyesclosed,75,1
P5,0.22319260761080315,0.09042054399243613,False,sub-32,NS,eyesclosed,75,1
P7,0.22613443211007103,0.0860267089216037,False,sub-32,NS,eyesclosed,75,1
PO3,0.23443324450767533,0.07897897648228992,False,sub-32,NS,eyesclosed,75,1
PO7,0.2305875606778287,0.08334521529250262,False,sub-32,NS,eyesclosed,75,1
Oz,0.22714991151267877,0.12294448978018065,False,sub-32,NS,eyesclosed,75,1
O1,0.1941807351807374,0.08564955100900733,False,sub-32,NS,eyesclosed,75,1
Fpz,0.24992731039356983,0.08712620583556535,False,sub-32,NS,eyesclosed,75,1
Fp2,0.21389078997102046,0.10230560167208547,False,sub-32,NS,eyesclosed,75,1
AF4,0.1484021376356074,0.07484196064581795,False,sub-32,NS,eyesclosed,75,1
AF8,0.20819778403885209,0.09152036365355783,False,sub-32,NS,eyesclosed,75,1
F2,0.2327913354400765,0.08435610667922411,False,sub-32,NS,eyesclosed,75,1
F4,0.21998248682970284,0.09926270586708602,False,sub-32,NS,eyesclosed,75,1
F6,0.1728651160575146,0.09067449289624513,False,sub-32,NS,eyesclosed,75,1
F8,0.21169371955859362,0.07695134920097368,False,sub-32,NS,eyesclosed,75,1
FC2,0.17263058489313873,0.06527137590401585,False,sub-32,NS,eyesclosed,75,1
FC4,0.228653810028944,0.130584300726096,False,sub-32,NS,eyesclosed,75,1
FC6,0.22964653797809986,0.0836398484477243,False,sub-32,NS,eyesclosed,75,1
FT8,0.21159734825723717,0.07972174743901897,False,sub-32,NS,eyesclosed,75,1
C2,0.220919373316007,0.11780285960491381,False,sub-32,NS,eyesclosed,75,1
C4,0.2023720791430163,0.07070632605237967,False,sub-32,NS,eyesclosed,75,1
C6,0.2160780181540135,0.081537340585906,False,sub-32,NS,eyesclosed,75,1
T8,0.2514244812191691,0.08536995373606811,False,sub-32,NS,eyesclosed,75,1
CPz,0.20354750084993345,0.08709998476005722,False,sub-32,NS,eyesclosed,75,1
CP2,0.1524434481447565,0.07802411598394907,False,sub-32,NS,eyesclosed,75,1
CP4,0.17369488371207298,0.06250152242216252,False,sub-32,NS,eyesclosed,75,1
CP6,0.2281271241753408,0.08891960169409752,False,sub-32,NS,eyesclosed,75,1
TP8,0.2389643709939034,0.08254894329298373,False,sub-32,NS,eyesclosed,75,1
TP10,0.242305505116455,0.08955437850041917,False,sub-32,NS,eyesclosed,75,1
P2,0.1638421401376758,0.07444540787421977,False,sub-32,NS,eyesclosed,75,1
P4,0.1733183895363874,0.08006330411978486,False,sub-32,NS,eyesclosed,75,1
P6,0.24438210564197188,0.09111405064677242,False,sub-32,NS,eyesclosed,75,1
P8,0.21846471419301608,0.08124112937021696,False,sub-32,NS,eyesclosed,75,1
POz,0.19599361124360032,0.08339263157142604,False,sub-32,NS,eyesclosed,75,1
PO4,0.1895609141161189,0.08461568731047454,False,sub-32,NS,eyesclosed,75,1
PO8,0.24351393626525886,0.08794671049891928,False,sub-32,NS,eyesclosed,75,1
O2,0.19470144683642346,0.0854696375787144,False,sub-32,NS,eyesclosed,75,1
Fp1,0.14734641762651252,0.105804447887603,False,sub-32,NS,eyesopen,75,1
AF3,0.15053527204042233,0.08041585415798845,False,sub-32,NS,eyesopen,75,1
AF7,0.18635280383965733,0.10939731017665463,False,sub-32,NS,eyesopen,75,1
Fz,0.1050826643742067,0.08767567514812595,False,sub-32,NS,eyesopen,75,1
F1,0.16315655584032693,0.09285580568690947,False,sub-32,NS,eyesopen,75,1
F3,0.16377372343604008,0.08877477438749222,False,sub-32,NS,eyesopen,75,1
F5,0.2053782266487043,0.1083098961259685,False,sub-32,NS,eyesopen,75,1
F7,0.16010672830826506,0.10578497143889601,False,sub-32,NS,eyesopen,75,1
FC1,0.130011225464528,0.07711054503867529,True,sub-32,NS,eyesopen,75,1
FC3,0.15609832994162015,0.08383610951769406,False,sub-32,NS,eyesopen,75,1
FC5,0.2079352997422646,0.10752082541273782,False,sub-32,NS,eyesopen,75,1
FT7,0.207033436928748,0.09991000000715555,False,sub-32,NS,eyesopen,75,1
Cz,0.14816409318196203,0.07362955048725094,False,sub-32,NS,eyesopen,75,1
C1,0.12198433706225256,0.07417843895894656,False,sub-32,NS,eyesopen,75,1
C3,0.17903812913073933,0.10371605729743741,False,sub-32,NS,eyesopen,75,1
C5,0.15807236547478137,0.08850553056624307,False,sub-32,NS,eyesopen,75,1
T7,0.21934148610750437,0.10706690992785961,False,sub-32,NS,eyesopen,75,1
CP1,0.13701746876323834,0.07591313214960967,False,sub-32,NS,eyesopen,75,1
CP3,0.11623310743450896,0.06459574310655108,False,sub-32,NS,eyesopen,75,1
CP5,0.17754556312474787,0.08693816183162593,False,sub-32,NS,eyesopen,75,1
TP7,0.1385700880164982,0.06884693180954903,False,sub-32,NS,eyesopen,75,1
TP9,0.18410357739259964,0.08171798505099226,False,sub-32,NS,eyesopen,75,1
Pz,0.12044573890063702,0.07210447917925356,False,sub-32,NS,eyesopen,75,1
P1,0.1662187684042425,0.1124835693651754,False,sub-32,NS,eyesopen,75,1
P3,0.13846223047735554,0.08244914191160331,False,sub-32,NS,eyesopen,75,1
P5,0.14305863255327234,0.09752514592241684,False,sub-32,NS,eyesopen,75,1
P7,0.17629585728880912,0.08902158180113935,False,sub-32,NS,eyesopen,75,1
PO3,0.1640104448078942,0.09956693644223008,False,sub-32,NS,eyesopen,75,1
PO7,0.15266664531843765,0.12014332341142707,False,sub-32,NS,eyesopen,75,1
Oz,0.15771815251579235,0.06466173249661275,False,sub-32,NS,eyesopen,75,1
O1,0.12506096396836394,0.058051525955887,False,sub-32,NS,eyesopen,75,1
Fpz,0.10939834360667738,0.061754207675321034,False,sub-32,NS,eyesopen,75,1
Fp2,0.15024120321270426,0.11264361352394624,False,sub-32,NS,eyesopen,75,1
AF4,0.19844032648454266,0.09150447353118407,False,sub-32,NS,eyesopen,75,1
AF8,0.17016390187250782,0.08721307240391561,False,sub-32,NS,eyesopen,75,1
F2,0.153516384905826,0.08108214067809962,False,sub-32,NS,eyesopen,75,1
F4,0.19005128227814916,0.11318450446258724,False,sub-32,NS,eyesopen,75,1
F6,0.19009539824919508,0.09286681485268719,False,sub-32,NS,eyesopen,75,1
F8,0.16513142644169665,0.0938828036626758,False,sub-32,NS,eyesopen,75,1
FC2,0.13500843069655852,0.08533417163180505,False,sub-32,NS,eyesopen,75,1
FC4,0.15616906667531474,0.07642555434941836,False,sub-32,NS,eyesopen,75,1
FC6,0.1905911121665269,0.09731692837733291,False,sub-32,NS,eyesopen,75,1
FT8,0.20568653629481345,0.0979344794285513,False,sub-32,NS,eyesopen,75,1
C2,0.12643369815379132,0.06716401612357954,False,sub-32,NS,eyesopen,75,1
C4,0.17708752747354417,0.08643374034221325,False,sub-32,NS,eyesopen,75,1
C6,0.1492464915422441,0.07494923368409938,False,sub-32,NS,eyesopen,75,1
T8,0.20131708109394475,0.09992379955184459,False,sub-32,NS,eyesopen,75,1
CPz,0.0819618843824554,0.03773032881578988,False,sub-32,NS,eyesopen,75,1
CP2,0.19431140633501687,0.1117911309396952,False,sub-32,NS,eyesopen,75,1
CP4,0.12039821705467951,0.06890705229885535,False,sub-32,NS,eyesopen,75,1
CP6,0.2036254005927217,0.09075221348396065,False,sub-32,NS,eyesopen,75,1
TP8,0.13556159941837945,0.07251647288248841,False,sub-32,NS,eyesopen,75,1
TP10,0.1642628101433957,0.09294337161952305,False,sub-32,NS,eyesopen,75,1
P2,0.1722348964524736,0.12328661599136713,False,sub-32,NS,eyesopen,75,1
P4,0.1365356528483312,0.07044544557638802,False,sub-32,NS,eyesopen,75,1
P6,0.14968234376611156,0.10235633898777759,False,sub-32,NS,eyesopen,75,1
P8,0.17058024790709944,0.08311006925115515,False,sub-32,NS,eyesopen,75,1
POz,0.1959884954382812,0.12259907813010217,False,sub-32,NS,eyesopen,75,1
PO4,0.17601618728072463,0.10236736922481487,False,sub-32,NS,eyesopen,75,1
PO8,0.13482728546127623,0.07864008451402694,False,sub-32,NS,eyesopen,75,1
O2,0.12864368362903802,0.06648498114212734,False,sub-32,NS,eyesopen,75,1
Fp1,0.19879610046046167,0.0913993461034575,False,sub-32,SD,eyesclosed,75,1
AF3,0.21376455711393272,0.11889009344856513,False,sub-32,SD,eyesclosed,75,1
AF7,0.18449955793275974,0.09343739539012678,False,sub-32,SD,eyesclosed,75,1
Fz,0.2261559921941344,0.09456498982474316,False,sub-32,SD,eyesclosed,75,1
F1,0.1869482723140941,0.08533837702981704,False,sub-32,SD,eyesclosed,75,1
F3,0.18603507693377178,0.09092770981194434,False,sub-32,SD,eyesclosed,75,1
F5,0.1815173968934988,0.1016437434439571,False,sub-32,SD,eyesclosed,75,1
F7,0.18177465378728178,0.08605659759999242,False,sub-32,SD,eyesclosed,75,1
FC1,0.2429328614027319,0.10157881453309422,False,sub-32,SD,eyesclosed,75,1
FC3,0.18186219510395968,0.07550448910774335,False,sub-32,SD,eyesclosed,75,1
FC5,0.20747921350619786,0.10439858048933637,False,sub-32,SD,eyesclosed,75,1
FT7,0.21166546590197519,0.08988119767772998,False,sub-32,SD,eyesclosed,75,1
Cz,0.20549875143505816,0.10678643325697107,False,sub-32,SD,eyesclosed,75,1
C1,0.20504105877696552,0.09514060688738904,False,sub-32,SD,eyesclosed,75,1
C3,0.21632487194911415,0.10946117320246876,False,sub-32,SD,eyesclosed,75,1
C5,0.20911851203955598,0.08726825251641275,False,sub-32,SD,eyesclosed,75,1
T7,0.20280377907591954,0.11407549605149268,False,sub-32,SD,eyesclosed,75,1
CP1,0.22755278430951303,0.09140776440750745,False,sub-32,SD,eyesclosed,75,1
CP3,0.15402799390514207,0.06313728076187014,False,sub-32,SD,eyesclosed,75,1
CP5,0.23402415859300252,0.10272711594721373,False,sub-32,SD,eyesclosed,75,1
TP7,0.1827162826259865,0.09677787505126685,False,sub-32,SD,eyesclosed,75,1
TP9,0.21319429151521452,0.09867070899905378,False,sub-32,SD,eyesclosed,75,1
Pz,0.2109763409101444,0.10230141368546405,False,sub-32,SD,eyesclosed,75,1
P1,0.19378735763116925,0.08132573341338283,False,sub-32,SD,eyesclosed,75,1
P3,0.184857171711454,0.08477306625778634,False,sub-32,SD,eyesclosed,75,1
P5,0.20921678313268469,0.11009845620833944,False,sub-32,SD,eyesclosed,75,1
P7,0.21690485112670804,0.10195644805614484,False,sub-32,SD,eyesclosed,75,1
PO3,0.20520878638120063,0.08517523995735338,False,sub-32,SD,eyesclosed,75,1
PO7,0.19010909691961245,0.08653809788695903,False,sub-32,SD,eyesclosed,75,1
Oz,0.178900476078974,0.08467152151388065,False,sub-32,SD,eyesclosed,75,1
O1,0.18599886474894145,0.08535654499224878,True,sub-32,SD,eyesclosed,75,1
Fpz,0.19579539241149563,0.09872522999333687,False,sub-32,SD,eyesclosed,75,1
Fp2,0.2065574740988751,0.09938358817172607,False,sub-32,SD,eyesclosed,75,1
AF4,0.18763122994503192,0.08036711157511055,False,sub-32,SD,eyesclosed,75,1
AF8,0.19736030878334654,0.09374700712600785,False,sub-32,SD,eyesclosed,75,1
F2,0.19529632498933994,0.08528510266140006,False,sub-32,SD,eyesclosed,75,1
F4,0.2507713727909239,0.14144575127954087,False,sub-32,SD,eyesclosed,75,1
F6,0.18761238975434702,0.08842577143872543,False,sub-32,SD,eyesclosed,75,1
F8,0.20066555837472994,0.0908372933809744,False,sub-32,SD,eyesclosed,75,1
FC2,0.24484405766924638,0.09598055528450312,False,sub-32,SD,eyesclosed,75,1
FC4,0.20104371374189245,0.0885193382561752,False,sub-32,SD,eyesclosed,75,1
FC6,0.22202018020672856,0.10297003478700677,False,sub-32,SD,eyesclosed,75,1
FT8,0.19242681144758142,0.08929847201453797,False,sub-32,SD,eyesclosed,75,1
C2,0.18637972769459543,0.081466656824125,False,sub-32,SD,eyesclosed,75,1
C4,0.19252835897034107,0.08889686387807433,False,sub-32,SD,eyesclosed,75,1
C6,0.22039153907442569,0.09219729966255552,False,sub-32,SD,eyesclosed,75,1
T8,0.21694661213075003,0.11933739085746982,False,sub-32,SD,eyesclosed,75,1
CPz,0.18633378939001136,0.08967267989902361,False,sub-32,SD,eyesclosed,75,1
CP2,0.19439655583333096,0.10287553396973682,False,sub-32,SD,eyesclosed,75,1
CP4,0.18165721654875652,0.08084953068881631,False,sub-32,SD,eyesclosed,75,1
CP6,0.245008986895398,0.10742926872472891,False,sub-32,SD,eyesclosed,75,1
TP8,0.1835255331889002,0.0920547629398754,False,sub-32,SD,eyesclosed,75,1
TP10,0.22503491029812447,0.09803659741528108,False,sub-32,SD,eyesclosed,75,1
P2,0.17669867731577724,0.07167112979590469,False,sub-32,SD,eyesclosed,75,1
P4,0.1881493002611126,0.09064929170521333,False,sub-32,SD,eyesclosed,75,1
P6,0.19121041524337562,0.10351448916094355,False,sub-32,SD,eyesclosed,75,1
P8,0.22381482029449462,0.097837021915022,False,sub-32,SD,eyesclosed,75,1
POz,0.17117326313437634,0.08119321052580096,False,sub-32,SD,eyesclosed,75,1
PO4,0.20084581413969288,0.08533739836497889,False,sub-32,SD,eyesclosed,75,1
PO8,0.1850296866464755,0.08196804631476853,False,sub-32,SD,eyesclosed,75,1
O2,0.1942171979662157,0.08447097786173392,False,sub-32,SD,eyesclosed,75,1
Fp1,0.09390708362931019,0.07455317607241166,False,sub-32,SD,eyesopen,75,0
AF3,0.11939811141189627,0.07710583409046222,False,sub-32,SD,eyesopen,75,0
AF7,0.0916254320439061,0.0698982025358242,False,sub-32,SD,eyesopen,75,0
Fz,0.17145902867224497,0.11389331681001959,False,sub-32,SD,eyesopen,75,0
F1,0.1649913269784358,0.0970333530413294,False,sub-32,SD,eyesopen,75,0
F3,0.15821919085138872,0.08486354801796932,False,sub-32,SD,eyesopen,75,0
F5,0.11848330855817096,0.07148962163624312,False,sub-32,SD,eyesopen,75,0
F7,0.1412792732292898,0.08020956872791667,False,sub-32,SD,eyesopen,75,0
FC1,0.20861882044761323,0.07541176470786895,False,sub-32,SD,eyesopen,75,0
FC3,0.20239533848819788,0.07472244341706921,False,sub-32,SD,eyesopen,75,0
FC5,0.19532226985227832,0.08457538763644364,False,sub-32,SD,eyesopen,75,0
FT7,0.18442691142884315,0.08402616057281374,False,sub-32,SD,eyesopen,75,0
Cz,0.14545632478877404,0.07899092882024378,False,sub-32,SD,eyesopen,75,0
C1,0.18484368643192717,0.0896299151671372,False,sub-32,SD,eyesopen,75,0
C3,0.22126519248358506,0.08311543937833914,False,sub-32,SD,eyesopen,75,0
C5,0.2450778179986728,0.08376020192089068,False,sub-32,SD,eyesopen,75,0
T7,0.2383931859272097,0.08112033357593947,False,sub-32,SD,eyesopen,75,0
CP1,0.1633501399939193,0.08776106691653353,False,sub-32,SD,eyesopen,75,0
CP3,0.18690468752531114,0.0831411952347041,False,sub-32,SD,eyesopen,75,0
CP5,0.24616301047128725,0.08793591196306164,False,sub-32,SD,eyesopen,75,0
TP7,0.15139577235114993,0.06772002362414994,False,sub-32,SD,eyesopen,75,0
TP9,0.232009469829273,0.07808665631061919,False,sub-32,SD,eyesopen,75,0
Pz,0.1406550435417047,0.07791037107622255,False,sub-32,SD,eyesopen,75,0
P1,0.15560551451284005,0.08063606596224318,False,sub-32,SD,eyesopen,75,0
P3,0.1796321129832093,0.08303715081828669,False,sub-32,SD,eyesopen,75,0
P5,0.20730678808352385,0.08337017574861821,False,sub-32,SD,eyesopen,75,0
P7,0.22839201711018883,0.07852774018429957,False,sub-32,SD,eyesopen,75,0
PO3,0.17075414526288726,0.07791516235224964,False,sub-32,SD,eyesopen,75,0
PO7,0.20146286902983276,0.07764876041138305,False,sub-32,SD,eyesopen,75,0
Oz,0.18064773871800754,0.07876580412313226,False,sub-32,SD,eyesopen,75,0
O1,0.18479896074204416,0.0765567276244667,False,sub-32,SD,eyesopen,75,0
Fpz,0.0940539538210439,0.07737845919606277,False,sub-32,SD,eyesopen,75,0
Fp2,0.09205274970711254,0.08212531945646502,False,sub-32,SD,eyesopen,75,0
AF4,0.1068851438577875,0.0690435524074355,False,sub-32,SD,eyesopen,75,0
AF8,0.12655089606444483,0.07301669826978933,False,sub-32,SD,eyesopen,75,0
F2,0.1769012918640356,0.09888546419543152,False,sub-32,SD,eyesopen,75,0
F4,0.16379617563706383,0.08160226354312047,False,sub-32,SD,eyesopen,75,0
F6,0.16210597060727983,0.07742128607266813,False,sub-32,SD,eyesopen,75,0
F8,0.1900150015959736,0.08100796466106114,False,sub-32,SD,eyesopen,75,0
FC2,0.14729233404379247,0.06739902037016259,False,sub-32,SD,eyesopen,75,0
FC4,0.19251023253636024,0.07473821811787208,False,sub-32,SD,eyesopen,75,0
FC6,0.23030170292968302,0.08881547463105395,False,sub-32,SD,eyesopen,75,0
FT8,0.21572277009302362,0.0978260347766782,False,sub-32,SD,eyesopen,75,0
C2,0.14959339038041125,0.07574545943546529,False,sub-32,SD,eyesopen,75,0
C4,0.2056693134933187,0.0901016341207804,False,sub-32,SD,eyesopen,75,0
C6,0.24457148826283623,0.09707276380166703,False,sub-32,SD,eyesopen,75,0
T8,0.13951570396752802,0.08788923684667763,False,sub-32,SD,eyesopen,75,0
CPz,0.1482308745754935,0.08266313464039055,False,sub-32,SD,eyesopen,75,0
CP2,0.14485113855166845,0.07962930727290649,False,sub-32,SD,eyesopen,75,0
CP4,0.1634873010265265,0.08176985751478602,False,sub-32,SD,eyesopen,75,0
CP6,0.21029526466600296,0.09017282573413246,False,sub-32,SD,eyesopen,75,0
TP8,0.22194050732483178,0.09371993949579849,False,sub-32,SD,eyesopen,75,0
TP10,0.22902868131366944,0.09688712137462999,False,sub-32,SD,eyesopen,75,0
P2,0.13514135448158418,0.07407077033944524,False,sub-32,SD,eyesopen,75,0
P4,0.14980581117522201,0.07844176353049204,False,sub-32,SD,eyesopen,75,0
P6,0.18331179561169061,0.08713197306521861,False,sub-32,SD,eyesopen,75,0
P8,0.20320500860299534,0.09264786700556092,False,sub-32,SD,eyesopen,75,0
POz,0.14932022179119633,0.07791976268978798,False,sub-32,SD,eyesopen,75,0
PO4,0.15836749346035425,0.0819003604365932,False,sub-32,SD,eyesopen,75,0
PO8,0.17676399893075162,0.0816286734108345,False,sub-32,SD,eyesopen,75,0
O2,0.1819304462514288,0.08332816864316438,False,sub-32,SD,eyesopen,75,0
Fp1,0.21799072301715947,0.07449733866827546,False,sub-33,NS,eyesclosed,75,0
AF3,0.19550136768810378,0.06232343434816296,False,sub-33,NS,eyesclosed,75,0
AF7,0.18926056049366757,0.06057146407720474,False,sub-33,NS,eyesclosed,75,0
Fz,0.20192515480111395,0.07287770280418744,False,sub-33,NS,eyesclosed,75,0
F1,0.23053080061726233,0.07418127050834387,False,sub-33,NS,eyesclosed,75,0
F3,0.2204931492205419,0.06790567490398916,False,sub-33,NS,eyesclosed,75,0
F5,0.19971379756780572,0.06416516065342381,False,sub-33,NS,eyesclosed,75,0
F7,0.15240274392921027,0.07020065126670928,False,sub-33,NS,eyesclosed,75,0
FC1,0.18672416844285178,0.0637266924656959,False,sub-33,NS,eyesclosed,75,0
FC3,0.238102026126388,0.06820664967702705,False,sub-33,NS,eyesclosed,75,0
FC5,0.2511525866667412,0.07137719548287863,False,sub-33,NS,eyesclosed,75,0
FT7,0.23211618850838894,0.07519865317460699,False,sub-33,NS,eyesclosed,75,0
Cz,0.2289315217982856,0.07412701295204746,False,sub-33,NS,eyesclosed,75,0
C1,0.22838155671853425,0.07651315471496849,False,sub-33,NS,eyesclosed,75,0
C3,0.22088059025606024,0.0693764216070276,False,sub-33,NS,eyesclosed,75,0
C5,0.22125781987134535,0.06450803673191609,False,sub-33,NS,eyesclosed,75,0
T7,0.23971041844070531,0.07090843686089282,False,sub-33,NS,eyesclosed,75,0
CP1,0.15880227407442427,0.04484243415637983,False,sub-33,NS,eyesclosed,75,0
CP3,0.24487108347714998,0.07379733656022078,False,sub-33,NS,eyesclosed,75,0
CP5,0.18511206885229803,0.05513990632088043,False,sub-33,NS,eyesclosed,75,0
TP7,0.22551950123350234,0.06025626779925667,False,sub-33,NS,eyesclosed,75,0
TP9,0.20916558139650274,0.0668728302694356,False,sub-33,NS,eyesclosed,75,0
Pz,0.23524762215993955,0.06695788876489026,False,sub-33,NS,eyesclosed,75,0
P1,0.22440512551732866,0.07113381552842207,False,sub-33,NS,eyesclosed,75,0
P3,0.2193772058412136,0.06248345100866197,False,sub-33,NS,eyesclosed,75,0
P5,0.17206598365908246,0.04948550007183576,False,sub-33,NS,eyesclosed,75,0
P7,0.21371999654430474,0.06930927262956275,False,sub-33,NS,eyesclosed,75,0
PO3,0.19162755376505058,0.04862431153819749,False,sub-33,NS,eyesclosed,75,0
PO7,0.2156663049133745,0.06448200703897404,False,sub-33,NS,eyesclosed,75,0
Oz,0.21556365606895464,0.07199091912599001,False,sub-33,NS,eyesclosed,75,0
O1,0.221912468378185,0.06967979735012443,False,sub-33,NS,eyesclosed,75,0
Fpz,0.22841931887026423,0.07488461058424456,False,sub-33,NS,eyesclosed,75,0
Fp2,0.21771948437819308,0.0691756583988463,False,sub-33,NS,eyesclosed,75,0
AF4,0.24531064041618492,0.06496204922326132,False,sub-33,NS,eyesclosed,75,0
AF8,0.21775367916194388,0.06625764451151764,False,sub-33,NS,eyesclosed,75,0
F2,0.22443503449718227,0.06884879864375505,False,sub-33,NS,eyesclosed,75,0
F4,0.22672711744515076,0.06509151442335008,False,sub-33,NS,eyesclosed,75,0
F6,0.20863427017966427,0.06336329941177554,False,sub-33,NS,eyesclosed,75,0
F8,0.22485918405253405,0.06622516971419712,False,sub-33,NS,eyesclosed,75,0
FC2,0.16458812910389017,0.05379825458777814,False,sub-33,NS,eyesclosed,75,0
FC4,0.24385864769568433,0.0690289147135036,False,sub-33,NS,eyesclosed,75,0
FC6,0.13848695268522243,0.055980889742503454,False,sub-33,NS,eyesclosed,75,0
FT8,0.23150852178720002,0.089429496038686,False,sub-33,NS,eyesclosed,75,0
C2,0.2218938342802801,0.06255797656009969,False,sub-33,NS,eyesclosed,75,0
C4,0.22903592064115968,0.07024373134646184,False,sub-33,NS,eyesclosed,75,0
C6,0.18679716662328125,0.07399137344155667,False,sub-33,NS,eyesclosed,75,0
T8,0.2309285831183501,0.07503303347445156,False,sub-33,NS,eyesclosed,75,0
CPz,0.19903369521636982,0.06160174799312287,False,sub-33,NS,eyesclosed,75,0
CP2,0.23631804064111384,0.07009637881835024,False,sub-33,NS,eyesclosed,75,0
CP4,0.23049669046936846,0.0710815693593516,False,sub-33,NS,eyesclosed,75,0
CP6,0.2223885503697577,0.0671353497850935,False,sub-33,NS,eyesclosed,75,0
TP8,0.24115716085326047,0.07639733931419825,False,sub-33,NS,eyesclosed,75,0
TP10,0.23648680396155924,0.0847584236039185,False,sub-33,NS,eyesclosed,75,0
P2,0.20088564648028415,0.06877009413323266,False,sub-33,NS,eyesclosed,75,0
P4,0.23098853285871968,0.07032876304852857,False,sub-33,NS,eyesclosed,75,0
P6,0.20777812468861442,0.06640161472342589,False,sub-33,NS,eyesclosed,75,0
P8,0.21853157151322372,0.0711923940623074,False,sub-33,NS,eyesclosed,75,0
POz,0.20895950906684868,0.07161600378463928,False,sub-33,NS,eyesclosed,75,0
PO4,0.2377461203017035,0.07008810665530268,False,sub-33,NS,eyesclosed,75,0
PO8,0.24494481014904337,0.07121834647171303,False,sub-33,NS,eyesclosed,75,0
O2,0.2312637007936173,0.07265081441664999,False,sub-33,NS,eyesclosed,75,0
Fp1,0.1143963936589712,0.05200993313739779,False,sub-33,NS,eyesopen,75,0
AF3,0.2072786544009014,0.07594603083806266,False,sub-33,NS,eyesopen,75,0
AF7,0.20629366832972598,0.066186595725676,False,sub-33,NS,eyesopen,75,0
Fz,0.12416761253273059,0.05326705902165388,False,sub-33,NS,eyesopen,75,0
F1,0.14159484238252382,0.0608981934533709,False,sub-33,NS,eyesopen,75,0
F3,0.13407627510658873,0.05812202912913087,False,sub-33,NS,eyesopen,75,0
F5,0.16450245706221503,0.061294366238938816,False,sub-33,NS,eyesopen,75,0
F7,0.10599631397003004,0.04474466640407985,False,sub-33,NS,eyesopen,75,0
FC1,0.1816916002531927,0.06455304254103,False,sub-33,NS,eyesopen,75,0
FC3,0.15682883658774271,0.06238958667322447,False,sub-33,NS,eyesopen,75,0
FC5,0.1832297863997361,0.061189522002753655,False,sub-33,NS,eyesopen,75,0
FT7,0.15926835861547062,0.05915478928089741,False,sub-33,NS,eyesopen,75,0
Cz,0.14080761665589372,0.06581047447362078,False,sub-33,NS,eyesopen,75,0
C1,0.14022312026679418,0.060775703477908886,False,sub-33,NS,eyesopen,75,0
C3,0.16866423600277702,0.06586397641441372,False,sub-33,NS,eyesopen,75,0
C5,0.14990953916789113,0.06113587323670191,False,sub-33,NS,eyesopen,75,0
T7,0.17550249266997567,0.06600879886625567,False,sub-33,NS,eyesopen,75,0
CP1,0.14376330288260955,0.0683082818923355,False,sub-33,NS,eyesopen,75,0
CP3,0.13324365261852356,0.056623939043515606,False,sub-33,NS,eyesopen,75,0
CP5,0.14849391557730743,0.06744797950764642,False,sub-33,NS,eyesopen,75,0
TP7,0.14225926231742345,0.05928112963659377,False,sub-33,NS,eyesopen,75,0
TP9,0.15211063569024552,0.06923447638259578,False,sub-33,NS,eyesopen,75,0
Pz,0.1333991120144511,0.05967495655268725,False,sub-33,NS,eyesopen,75,0
P1,0.12287616392426144,0.05687876515071856,False,sub-33,NS,eyesopen,75,0
P3,0.14412630365265022,0.06035247794526211,False,sub-33,NS,eyesopen,75,0
P5,0.11145067382879144,0.05071601658986414,False,sub-33,NS,eyesopen,75,0
P7,0.14921916059284557,0.060309522228335674,False,sub-33,NS,eyesopen,75,0
PO3,0.12212550367559873,0.0533286152067021,False,sub-33,NS,eyesopen,75,0
PO7,0.11744904647508006,0.05275627776534559,False,sub-33,NS,eyesopen,75,0
Oz,0.16227611105140077,0.06039752764575437,False,sub-33,NS,eyesopen,75,0
O1,0.13810426348967517,0.05974786234310243,False,sub-33,NS,eyesopen,75,0
Fpz,0.1305221641802012,0.05921235446656971,False,sub-33,NS,eyesopen,75,0
Fp2,0.1188765947693998,0.05265968507724793,False,sub-33,NS,eyesopen,75,0
AF4,0.19869692292820568,0.06915928031161002,False,sub-33,NS,eyesopen,75,0
AF8,0.213558457958477,0.0736716705003727,False,sub-33,NS,eyesopen,75,0
F2,0.141048400712216,0.0626487070781612,False,sub-33,NS,eyesopen,75,0
F4,0.14473906096856815,0.06140611958227791,False,sub-33,NS,eyesopen,75,0
F6,0.16036081446581396,0.06954985464868531,False,sub-33,NS,eyesopen,75,0
F8,0.12818144487577177,0.056831601427344086,False,sub-33,NS,eyesopen,75,0
FC2,0.1408041867258879,0.059139604650671834,False,sub-33,NS,eyesopen,75,0
FC4,0.14155261484858667,0.06226596305352155,False,sub-33,NS,eyesopen,75,0
FC6,0.15253137018187402,0.05967963730456859,False,sub-33,NS,eyesopen,75,0
FT8,0.15765750904780323,0.06853918019450025,False,sub-33,NS,eyesopen,75,0
C2,0.13321393319355299,0.05980674731891382,False,sub-33,NS,eyesopen,75,0
C4,0.1704543507163307,0.0744093988848963,False,sub-33,NS,eyesopen,75,0
C6,0.14542834426110532,0.06532363667870987,False,sub-33,NS,eyesopen,75,0
T8,0.17892963858478034,0.06960995867514565,False,sub-33,NS,eyesopen,75,0
CPz,0.1368810028938998,0.06130808222898679,False,sub-33,NS,eyesopen,75,0
CP2,0.14414851987918958,0.05289384772583011,False,sub-33,NS,eyesopen,75,0
CP4,0.12314419128121763,0.055592346234410076,False,sub-33,NS,eyesopen,75,0
CP6,0.15547411516367202,0.059413713270736516,False,sub-33,NS,eyesopen,75,0
TP8,0.1372428793087744,0.05851999116173011,False,sub-33,NS,eyesopen,75,0
TP10,0.127874408334088,0.057541431921223046,False,sub-33,NS,eyesopen,75,0
P2,0.12368039125856661,0.053716065481268664,False,sub-33,NS,eyesopen,75,0
P4,0.13840899940259555,0.061536168900822294,False,sub-33,NS,eyesopen,75,0
P6,0.11712214213455172,0.04986487504731352,False,sub-33,NS,eyesopen,75,0
P8,0.14705027800859544,0.06394674878866563,False,sub-33,NS,eyesopen,75,0
POz,0.1345257795665236,0.058475654655139785,False,sub-33,NS,eyesopen,75,0
PO4,0.13616579371003973,0.055627840417134936,False,sub-33,NS,eyesopen,75,0
PO8,0.13948195413237127,0.06246489734587896,False,sub-33,NS,eyesopen,75,0
O2,0.13538882224976628,0.06130478349827698,False,sub-33,NS,eyesopen,75,0
Fp1,0.19737763688985466,0.08833464785436276,False,sub-33,SD,eyesclosed,75,0
AF3,0.22229892094446488,0.1061713489497005,False,sub-33,SD,eyesclosed,75,0
AF7,0.275496344132157,0.12553638377464976,False,sub-33,SD,eyesclosed,75,0
Fz,0.2656055001506942,0.10779138849573355,False,sub-33,SD,eyesclosed,75,0
F1,0.2807416507401611,0.11639100436715666,False,sub-33,SD,eyesclosed,75,0
F3,0.22527214574021434,0.0851051038164354,False,sub-33,SD,eyesclosed,75,0
F5,0.2615819358885947,0.12367856468268468,False,sub-33,SD,eyesclosed,75,0
F7,0.2518127308000973,0.10450981913311715,False,sub-33,SD,eyesclosed,75,0
FC1,0.2737968225537491,0.11860078442225579,False,sub-33,SD,eyesclosed,75,0
FC3,0.20737309666879006,0.09216172889333688,False,sub-33,SD,eyesclosed,75,0
FC5,0.2976526090837952,0.12252528362916966,False,sub-33,SD,eyesclosed,75,0
FT7,0.25828186351232085,0.11461334036018057,False,sub-33,SD,eyesclosed,75,0
Cz,0.2965433317283599,0.13042159166409859,False,sub-33,SD,eyesclosed,75,0
C1,0.20768556441955605,0.09467458257934856,False,sub-33,SD,eyesclosed,75,0
C3,0.22239932164393209,0.09367889845425122,False,sub-33,SD,eyesclosed,75,0
C5,0.25076413255576907,0.1143726681258698,False,sub-33,SD,eyesclosed,75,0
T7,0.2752915711885038,0.12603674927674663,False,sub-33,SD,eyesclosed,75,0
CP1,0.20912080323133153,0.09661502740337334,False,sub-33,SD,eyesclosed,75,0
CP3,0.20674211577278137,0.08736479898293768,False,sub-33,SD,eyesclosed,75,0
CP5,0.27601639500629577,0.11826521613553113,False,sub-33,SD,eyesclosed,75,0
TP7,0.30190129080306655,0.1194188806358621,False,sub-33,SD,eyesclosed,75,0
TP9,0.2784765073688098,0.11392148119372544,False,sub-33,SD,eyesclosed,75,0
Pz,0.28093285698146,0.12487458758434573,False,sub-33,SD,eyesclosed,75,0
P1,0.21595995976779594,0.10113034154842417,False,sub-33,SD,eyesclosed,75,0
P3,0.2227965693205224,0.08851528477808843,False,sub-33,SD,eyesclosed,75,0
P5,0.3080605737460078,0.1281837832715939,False,sub-33,SD,eyesclosed,75,0
P7,0.27550366240710883,0.12604161720794854,False,sub-33,SD,eyesclosed,75,0
PO3,0.22489968526860182,0.09041609770762095,False,sub-33,SD,eyesclosed,75,0
PO7,0.28062269291625586,0.12133803424218803,False,sub-33,SD,eyesclosed,75,0
Oz,0.28600358012927474,0.11789047327459481,False,sub-33,SD,eyesclosed,75,0
O1,0.2369204265735381,0.10620920345019601,False,sub-33,SD,eyesclosed,75,0
Fpz,0.30450004689408233,0.11830365233271216,False,sub-33,SD,eyesclosed,75,0
Fp2,0.21864454334993585,0.08972749663453307,False,sub-33,SD,eyesclosed,75,0
AF4,0.2150194285641309,0.10152096064151321,False,sub-33,SD,eyesclosed,75,0
AF8,0.26481575214667735,0.11901929657732886,False,sub-33,SD,eyesclosed,75,0
F2,0.24061171507696869,0.11504880471633572,False,sub-33,SD,eyesclosed,75,0
F4,0.2169773581399793,0.10681222557587633,False,sub-33,SD,eyesclosed,75,0
F6,0.25378872939888103,0.11832653832510778,False,sub-33,SD,eyesclosed,75,0
F8,0.2489932720910916,0.10170306250444126,False,sub-33,SD,eyesclosed,75,0
FC2,0.26663760207312254,0.1125259266487902,False,sub-33,SD,eyesclosed,75,0
FC4,0.2175935466186605,0.09015119541945618,False,sub-33,SD,eyesclosed,75,0
FC6,0.2845858884990386,0.11772790763886025,False,sub-33,SD,eyesclosed,75,0
FT8,0.25301656043293597,0.112736964110968,False,sub-33,SD,eyesclosed,75,0
C2,0.2050211231655234,0.09739358653677438,False,sub-33,SD,eyesclosed,75,0
C4,0.22258816771256468,0.08879611068076775,False,sub-33,SD,eyesclosed,75,0
C6,0.24978605823072286,0.11146317566099756,False,sub-33,SD,eyesclosed,75,0
T8,0.28306082482105716,0.1349626627393469,False,sub-33,SD,eyesclosed,75,0
CPz,0.29856012524671227,0.1199457132320011,False,sub-33,SD,eyesclosed,75,0
CP2,0.3103484171668162,0.12003847036543554,False,sub-33,SD,eyesclosed,75,0
CP4,0.21948193991210208,0.0873152488397894,False,sub-33,SD,eyesclosed,75,0
CP6,0.26906297701374815,0.11825837459071213,False,sub-33,SD,eyesclosed,75,0
TP8,0.28916550234455146,0.12091569436060577,False,sub-33,SD,eyesclosed,75,0
TP10,0.24644004994516588,0.11742604136495552,False,sub-33,SD,eyesclosed,75,0
P2,0.20854704607604022,0.08913483337598781,False,sub-33,SD,eyesclosed,75,0
P4,0.23957526182732758,0.09102139971801405,False,sub-33,SD,eyesclosed,75,0
P6,0.2885327448742377,0.12595946790442622,False,sub-33,SD,eyesclosed,75,0
P8,0.2679690237476113,0.11690257078480322,False,sub-33,SD,eyesclosed,75,0
POz,0.28041621443734355,0.11999595892636093,False,sub-33,SD,eyesclosed,75,0
PO4,0.23233517703328246,0.09839760624373493,False,sub-33,SD,eyesclosed,75,0
PO8,0.26659548872848915,0.11389688563533931,False,sub-33,SD,eyesclosed,75,0
O2,0.24095697232685132,0.10200630644449776,False,sub-33,SD,eyesclosed,75,0
Fp1,0.08842481370205763,0.07450982453435037,False,sub-33,SD,eyesopen,75,0
AF3,0.13042280751878843,0.10074510024067249,False,sub-33,SD,eyesopen,75,0
AF7,0.11359422792925722,0.08047126546563627,False,sub-33,SD,eyesopen,75,0
Fz,0.15523081132992628,0.09871321571822496,False,sub-33,SD,eyesopen,75,0
F1,0.16882079451451162,0.09641301464433095,False,sub-33,SD,eyesopen,75,0
F3,0.17914266399566928,0.09149293855082405,False,sub-33,SD,eyesopen,75,0
F5,0.17085079004181578,0.08757170981802305,False,sub-33,SD,eyesopen,75,0
F7,0.18802045378060644,0.09083333323294882,False,sub-33,SD,eyesopen,75,0
FC1,0.192361124685013,0.09230006327750849,False,sub-33,SD,eyesopen,75,0
FC3,0.20674022584926025,0.0963919198741768,False,sub-33,SD,eyesopen,75,0
FC5,0.2254551573635536,0.09843176405027744,False,sub-33,SD,eyesopen,75,0
FT7,0.20466243580935545,0.09556650282404291,False,sub-33,SD,eyesopen,75,0
Cz,0.1829873138700015,0.1112857957109218,False,sub-33,SD,eyesopen,75,0
C1,0.1945483824647828,0.10485760502888203,False,sub-33,SD,eyesopen,75,0
C3,0.20774700297532636,0.11171745310953396,False,sub-33,SD,eyesopen,75,0
C5,0.22352623960520895,0.11623765818730457,False,sub-33,SD,eyesopen,75,0
T7,0.22274281223800016,0.115342860270443,False,sub-33,SD,eyesopen,75,0
CP1,0.1916528334424727,0.11110434215824977,False,sub-33,SD,eyesopen,75,0
CP3,0.19830214029846463,0.11208521754979398,False,sub-33,SD,eyesopen,75,0
CP5,0.211626011137964,0.119139669743586,False,sub-33,SD,eyesopen,75,0
TP7,0.2117846194637027,0.11883431611856372,False,sub-33,SD,eyesopen,75,0
TP9,0.19348573919621478,0.1036257547509824,False,sub-33,SD,eyesopen,75,0
Pz,0.19637337360824886,0.11462759733121415,False,sub-33,SD,eyesopen,75,0
P1,0.18270932512657748,0.1072010548926998,False,sub-33,SD,eyesopen,75,0
P3,0.19419883618112413,0.11175480378544486,False,sub-33,SD,eyesopen,75,0
P5,0.1978386425903866,0.11811677940063926,False,sub-33,SD,eyesopen,75,0
P7,0.20958813012489763,0.11825073049182232,False,sub-33,SD,eyesopen,75,0
PO3,0.19630399339823512,0.11989995665533092,False,sub-33,SD,eyesopen,75,0
PO7,0.19856939443538146,0.12076609221779627,False,sub-33,SD,eyesopen,75,0
Oz,0.19250372402740618,0.11946036651559928,False,sub-33,SD,eyesopen,75,0
O1,0.19521457366256356,0.11755677514321204,False,sub-33,SD,eyesopen,75,0
Fpz,0.10403430565831051,0.10230252357762548,False,sub-33,SD,eyesopen,75,0
Fp2,0.09940653877710898,0.09937352267771858,False,sub-33,SD,eyesopen,75,0
AF4,0.13423023536319298,0.1104745089349094,False,sub-33,SD,eyesopen,75,0
AF8,0.0930764732070054,0.07755357347475354,False,sub-33,SD,eyesopen,75,0
F2,0.17481625640587892,0.1077530968587314,False,sub-33,SD,eyesopen,75,0
F4,0.17738973669973773,0.1006276054475023,False,sub-33,SD,eyesopen,75,0
F6,0.1591852756255338,0.09866476647524829,False,sub-33,SD,eyesopen,75,0
F8,0.15723972705747305,0.09900598602420915,False,sub-33,SD,eyesopen,75,0
FC2,0.19245731404677524,0.08320739170210792,False,sub-33,SD,eyesopen,75,0
FC4,0.21663484979730976,0.10508719735731664,False,sub-33,SD,eyesopen,75,0
FC6,0.21757447810199987,0.10588180141220135,False,sub-33,SD,eyesopen,75,0
FT8,0.2263908363694695,0.10617329954600245,False,sub-33,SD,eyesopen,75,0
C2,0.20065185297141547,0.12247987736797256,False,sub-33,SD,eyesopen,75,0
C4,0.2141382731025787,0.1169593246183129,False,sub-33,SD,eyesopen,75,0
C6,0.22149068781238465,0.10945652425778914,False,sub-33,SD,eyesopen,75,0
T8,0.21360555699379039,0.1087091256875122,False,sub-33,SD,eyesopen,75,0
CPz,0.19747688983417716,0.1203218324886081,False,sub-33,SD,eyesopen,75,0
CP2,0.20249567663474755,0.123050736263962,False,sub-33,SD,eyesopen,75,0
CP4,0.21079761420405327,0.12549987732498746,False,sub-33,SD,eyesopen,75,0
CP6,0.2171775943413885,0.11588983900920527,False,sub-33,SD,eyesopen,75,0
TP8,0.2123650273121074,0.11696557352688253,False,sub-33,SD,eyesopen,75,0
TP10,0.1971980936991627,0.11528430872018075,False,sub-33,SD,eyesopen,75,0
P2,0.20046345160216536,0.12000542981276023,False,sub-33,SD,eyesopen,75,0
P4,0.20100645527662467,0.12149981737223095,False,sub-33,SD,eyesopen,75,0
P6,0.20538827647117608,0.12003480232351886,False,sub-33,SD,eyesopen,75,0
P8,0.19784394154420837,0.11061194817294796,False,sub-33,SD,eyesopen,75,0
POz,0.1975375967328638,0.11906313389085392,False,sub-33,SD,eyesopen,75,0
PO4,0.1953845063634685,0.12326687294015096,False,sub-33,SD,eyesopen,75,0
PO8,0.1973054665834996,0.1179853966016227,False,sub-33,SD,eyesopen,75,0
O2,0.19378694494486584,0.12030406421961305,False,sub-33,SD,eyesopen,75,0
Fp1,0.2098507605884609,0.14831197083182204,False,sub-34,NS,eyesclosed,75,0
AF3,0.2479118927603783,0.13737425785795246,False,sub-34,NS,eyesclosed,75,0
AF7,0.2652379948711658,0.1653202362255049,False,sub-34,NS,eyesclosed,75,0
Fz,0.31720066436382427,0.17492441040095746,False,sub-34,NS,eyesclosed,75,0
F1,0.29627980128546544,0.12424497408312753,False,sub-34,NS,eyesclosed,75,0
F3,0.29505551953872894,0.1542673108060927,False,sub-34,NS,eyesclosed,75,0
F5,0.29009194699602525,0.16068921539204684,False,sub-34,NS,eyesclosed,75,0
F7,0.2861165898182192,0.16316705165336448,False,sub-34,NS,eyesclosed,75,0
FC1,0.29215218751338357,0.174299147435537,False,sub-34,NS,eyesclosed,75,0
FC3,0.28304782611786783,0.16717793106806092,False,sub-34,NS,eyesclosed,75,0
FC5,0.2833080007803541,0.17065494837007075,False,sub-34,NS,eyesclosed,75,0
FT7,0.27502765846072064,0.1687991864560212,False,sub-34,NS,eyesclosed,75,0
Cz,0.3312257197277116,0.18114287359675443,False,sub-34,NS,eyesclosed,75,0
C1,0.2917064216286323,0.16732987088655812,False,sub-34,NS,eyesclosed,75,0
C3,0.27609707500382585,0.16325126664849748,False,sub-34,NS,eyesclosed,75,0
C5,0.2585001601675357,0.16112836177293755,False,sub-34,NS,eyesclosed,75,0
T7,0.26024137802160435,0.15726075858050917,False,sub-34,NS,eyesclosed,75,0
CP1,0.2617867900057387,0.15874120335614395,False,sub-34,NS,eyesclosed,75,0
CP3,0.24983957735590395,0.1531866166582846,False,sub-34,NS,eyesclosed,75,0
CP5,0.24232525139808941,0.1459766048289159,False,sub-34,NS,eyesclosed,75,0
TP7,0.2520815527638729,0.13999610288012757,False,sub-34,NS,eyesclosed,75,0
TP9,0.2391992487658764,0.14399807075526577,False,sub-34,NS,eyesclosed,75,0
Pz,0.2317607839582006,0.14971490515090388,False,sub-34,NS,eyesclosed,75,0
P1,0.23209338054580977,0.14978599615480004,False,sub-34,NS,eyesclosed,75,0
P3,0.20967726442461307,0.13927522668259845,False,sub-34,NS,eyesclosed,75,0
P5,0.2065956869490376,0.12642781854585386,False,sub-34,NS,eyesclosed,75,0
P7,0.22094195217076518,0.12213893878747728,False,sub-34,NS,eyesclosed,75,0
PO3,0.17722234547253676,0.11943752485977138,False,sub-34,NS,eyesclosed,75,0
PO7,0.16592370173715948,0.10292112968414083,False,sub-34,NS,eyesclosed,75,0
Oz,0.13380895071106277,0.1005908519331073,False,sub-34,NS,eyesclosed,75,0
O1,0.12752510222729171,0.09041334395788853,False,sub-34,NS,eyesclosed,75,0
Fpz,0.21519918445416897,0.15256877040134395,False,sub-34,NS,eyesclosed,75,0
Fp2,0.19472270263746672,0.1463711143052349,False,sub-34,NS,eyesclosed,75,0
AF4,0.24053598427527387,0.14625818323903197,False,sub-34,NS,eyesclosed,75,0
AF8,0.19782623734147486,0.149172728580683,False,sub-34,NS,eyesclosed,75,0
F2,0.28726524653389124,0.16038476204667412,False,sub-34,NS,eyesclosed,75,0
F4,0.28193938888428416,0.14988718423258418,False,sub-34,NS,eyesclosed,75,0
F6,0.2641198738829811,0.16108023747012995,False,sub-34,NS,eyesclosed,75,0
F8,0.26562085955998677,0.16901107779058366,False,sub-34,NS,eyesclosed,75,0
FC2,0.29320060153293515,0.1519020467819722,False,sub-34,NS,eyesclosed,75,0
FC4,0.29792560058810175,0.16666834290995997,False,sub-34,NS,eyesclosed,75,0
FC6,0.28791392883846756,0.17462107073473762,False,sub-34,NS,eyesclosed,75,0
FT8,0.2852878129487941,0.17290670124945243,False,sub-34,NS,eyesclosed,75,0
C2,0.30216299779620637,0.17211957751562967,False,sub-34,NS,eyesclosed,75,0
C4,0.280565830474304,0.16703787974808285,False,sub-34,NS,eyesclosed,75,0
C6,0.26660917800846645,0.17153762281981383,False,sub-34,NS,eyesclosed,75,0
T8,0.24761511399901945,0.16328712716788432,False,sub-34,NS,eyesclosed,75,0
CPz,0.29179900001238435,0.16723318135377735,False,sub-34,NS,eyesclosed,75,0
CP2,0.2758877975380571,0.16388268319419924,False,sub-34,NS,eyesclosed,75,0
CP4,0.2548433912159065,0.1571635127592747,False,sub-34,NS,eyesclosed,75,0
CP6,0.2414779503029119,0.1618889952208832,False,sub-34,NS,eyesclosed,75,0
TP8,0.23215991203979466,0.15670817888501104,False,sub-34,NS,eyesclosed,75,0
TP10,0.23648544884249337,0.1543876050335555,False,sub-34,NS,eyesclosed,75,0
P2,0.21819289828743033,0.1423461824341999,False,sub-34,NS,eyesclosed,75,0
P4,0.19584154658375286,0.13674415217388272,False,sub-34,NS,eyesclosed,75,0
P6,0.1849402402405195,0.13734986305315156,False,sub-34,NS,eyesclosed,75,0
P8,0.19391553165258835,0.13673712484928544,False,sub-34,NS,eyesclosed,75,0
POz,0.17073593569931478,0.12296695257102706,False,sub-34,NS,eyesclosed,75,0
PO4,0.14697743357685886,0.11006264049315885,False,sub-34,NS,eyesclosed,75,0
PO8,0.15025537285384202,0.11342676755279502,False,sub-34,NS,eyesclosed,75,0
O2,0.13548118554246155,0.1053008916276577,False,sub-34,NS,eyesclosed,75,0
Fp1,0.09745370771208726,0.03860991017439099,False,sub-34,NS,eyesopen,75,0
AF3,0.1377622273971568,0.055249484852537896,False,sub-34,NS,eyesopen,75,0
AF7,0.18916034127880113,0.09072980427163012,False,sub-34,NS,eyesopen,75,0
Fz,0.19610136707934214,0.08472360659065634,False,sub-34,NS,eyesopen,75,0
F1,0.21043353428926218,0.08671146806352291,False,sub-34,NS,eyesopen,75,0
F3,0.20294606570748813,0.07805232564805123,False,sub-34,NS,eyesopen,75,0
F5,0.2004317059248728,0.07982667821457091,False,sub-34,NS,eyesopen,75,0
F7,0.2205157789770273,0.08492122367723161,False,sub-34,NS,eyesopen,75,0
FC1,0.223124934687528,0.08012226822909607,False,sub-34,NS,eyesopen,75,0
FC3,0.22870835937044295,0.0770717653189673,False,sub-34,NS,eyesopen,75,0
FC5,0.20810499667617927,0.07231732033235791,False,sub-34,NS,eyesopen,75,0
FT7,0.19978465158593864,0.07478719664883804,False,sub-34,NS,eyesopen,75,0
Cz,0.20608340706923736,0.08370125844090417,False,sub-34,NS,eyesopen,75,0
C1,0.2142626840804857,0.09222808398639727,False,sub-34,NS,eyesopen,75,0
C3,0.22378960939808465,0.07997592632443148,False,sub-34,NS,eyesopen,75,0
C5,0.19688309777834462,0.07804095738816111,False,sub-34,NS,eyesopen,75,0
T7,0.18126608322883075,0.07368314245093611,False,sub-34,NS,eyesopen,75,0
CP1,0.2085744252870781,0.09025046745046769,False,sub-34,NS,eyesopen,75,0
CP3,0.221146671786518,0.08654464134763881,False,sub-34,NS,eyesopen,75,0
CP5,0.23393608041594605,0.09231876830526205,False,sub-34,NS,eyesopen,75,0
TP7,0.23201350165089196,0.10510823880600197,False,sub-34,NS,eyesopen,75,0
TP9,0.20727757463889313,0.09875706546201478,False,sub-34,NS,eyesopen,75,0
Pz,0.18673548684761077,0.0803753578707719,False,sub-34,NS,eyesopen,75,0
P1,0.20143340046604147,0.08485865238090423,False,sub-34,NS,eyesopen,75,0
P3,0.20764201022798687,0.08704791345949331,False,sub-34,NS,eyesopen,75,0
P5,0.24373280146359383,0.09975113127721429,False,sub-34,NS,eyesopen,75,0
P7,0.2633578724958443,0.11596081017425149,False,sub-34,NS,eyesopen,75,0
PO3,0.19120443377518567,0.08467892302545071,False,sub-34,NS,eyesopen,75,0
PO7,0.2098718179118193,0.09953633874773993,False,sub-34,NS,eyesopen,75,0
Oz,0.1455036464404003,0.06625312373902781,False,sub-34,NS,eyesopen,75,0
O1,0.14613253152470554,0.07130167925450924,False,sub-34,NS,eyesopen,75,0
Fpz,0.1581288694374101,0.07668969209037141,False,sub-34,NS,eyesopen,75,0
Fp2,0.14930505175963693,0.06841139820090048,False,sub-34,NS,eyesopen,75,0
AF4,0.1644863951384394,0.07703846572069631,False,sub-34,NS,eyesopen,75,0
AF8,0.09974352245746236,0.042021887567260406,False,sub-34,NS,eyesopen,75,0
F2,0.19035021429899338,0.07654277668555255,False,sub-34,NS,eyesopen,75,0
F4,0.1832728547204549,0.08311609398304134,False,sub-34,NS,eyesopen,75,0
F6,0.14112675947210782,0.05621484867700472,False,sub-34,NS,eyesopen,75,0
F8,0.1980308947921952,0.08503687431539399,False,sub-34,NS,eyesopen,75,0
FC2,0.2591592401012684,0.09773341000154316,False,sub-34,NS,eyesopen,75,0
FC4,0.24308522616843675,0.08592115065060812,False,sub-34,NS,eyesopen,75,0
FC6,0.23319414709218345,0.07669395426203102,False,sub-34,NS,eyesopen,75,0
FT8,0.2369355087206159,0.0750709479641563,False,sub-34,NS,eyesopen,75,0
C2,0.23625813214284605,0.09555373124750467,False,sub-34,NS,eyesopen,75,0
C4,0.2445961943536469,0.0910491736797977,False,sub-34,NS,eyesopen,75,0
C6,0.22338248599473387,0.08467262868361336,False,sub-34,NS,eyesopen,75,0
T8,0.19874341223756362,0.07096334643406713,False,sub-34,NS,eyesopen,75,0
CPz,0.2077019059552474,0.09075125038290245,False,sub-34,NS,eyesopen,75,0
CP2,0.22292313441810668,0.0971110643234738,False,sub-34,NS,eyesopen,75,0
CP4,0.2298116215487593,0.0920268722172192,False,sub-34,NS,eyesopen,75,0
CP6,0.20308538764627257,0.08016097811270724,False,sub-34,NS,eyesopen,75,0
TP8,0.11601993678302487,0.04946402614839008,False,sub-34,NS,eyesopen,75,0
TP10,0.2199552899998959,0.09204761825004835,False,sub-34,NS,eyesopen,75,0
P2,0.19572392346974105,0.08676400153843442,False,sub-34,NS,eyesopen,75,0
P4,0.20044914474896577,0.08690382527644427,False,sub-34,NS,eyesopen,75,0
P6,0.21221472712187092,0.09323123231556525,False,sub-34,NS,eyesopen,75,0
P8,0.23037608392989933,0.10865277158056337,False,sub-34,NS,eyesopen,75,0
POz,0.16722901193174183,0.07407469174587457,False,sub-34,NS,eyesopen,75,0
PO4,0.1726708300359332,0.07834411185198618,False,sub-34,NS,eyesopen,75,0
PO8,0.21167648740780387,0.10017543593993722,False,sub-34,NS,eyesopen,75,0
O2,0.17419197411891293,0.08180749709941211,False,sub-34,NS,eyesopen,75,0
Fp1,0.25128813562437197,0.12557670312859698,False,sub-34,SD,eyesclosed,75,2
AF3,0.3322094502332122,0.12451145830852434,False,sub-34,SD,eyesclosed,75,2
AF7,0.2673967659515239,0.13884676162071502,False,sub-34,SD,eyesclosed,75,2
Fz,0.43525970112898515,0.15707335125380473,False,sub-34,SD,eyesclosed,75,2
F1,0.3755992475744682,0.13538575293830785,False,sub-34,SD,eyesclosed,75,2
F3,0.2929860998337082,0.12289370655882868,False,sub-34,SD,eyesclosed,75,2
F5,0.3041839632190423,0.14335307445186965,False,sub-34,SD,eyesclosed,75,2
F7,0.30011487126730024,0.1563894814913645,False,sub-34,SD,eyesclosed,75,2
FC1,0.4531582014410056,0.09629746630235511,True,sub-34,SD,eyesclosed,75,2
FC3,0.3194516592470016,0.15577770576204975,False,sub-34,SD,eyesclosed,75,2
FC5,0.324984055666524,0.16837428229663845,False,sub-34,SD,eyesclosed,75,2
FT7,0.32538833343847506,0.16818516210328063,False,sub-34,SD,eyesclosed,75,2
Cz,0.34277470748728756,0.16996603340875147,False,sub-34,SD,eyesclosed,75,2
C1,0.3264812149762914,0.1782699415189989,False,sub-34,SD,eyesclosed,75,2
C3,0.3233929546102437,0.18115662637852845,False,sub-34,SD,eyesclosed,75,2
C5,0.3355782379789719,0.17939826202575496,False,sub-34,SD,eyesclosed,75,2
T7,0.3352116875138801,0.17613372956988768,False,sub-34,SD,eyesclosed,75,2
CP1,0.3816306577889451,0.1575225394492202,False,sub-34,SD,eyesclosed,75,2
CP3,0.3245370398117226,0.1783538598951168,False,sub-34,SD,eyesclosed,75,2
CP5,0.32914421182627773,0.17613735766673724,False,sub-34,SD,eyesclosed,75,2
TP7,0.331861222597712,0.16771096769172555,False,sub-34,SD,eyesclosed,75,2
TP9,0.32726831724446587,0.1417205933753656,False,sub-34,SD,eyesclosed,75,2
Pz,0.3163896253491448,0.15456517412896795,False,sub-34,SD,eyesclosed,75,2
P1,0.3232489741834779,0.15633456390298925,False,sub-34,SD,eyesclosed,75,2
P3,0.30763060954944854,0.15982179278658626,False,sub-34,SD,eyesclosed,75,2
P5,0.3077844784998557,0.15817032510709925,False,sub-34,SD,eyesclosed,75,2
P7,0.31439812548006674,0.15187570508019546,False,sub-34,SD,eyesclosed,75,2
PO3,0.2926611040089212,0.14616988764033448,False,sub-34,SD,eyesclosed,75,2
PO7,0.2966691251656068,0.14537281175371913,False,sub-34,SD,eyesclosed,75,2
Oz,0.24369449587248004,0.1301731727479409,False,sub-34,SD,eyesclosed,75,2
O1,0.25372959153568475,0.1300968259879224,False,sub-34,SD,eyesclosed,75,2
Fpz,0.26862475004786324,0.1365137169064147,False,sub-34,SD,eyesclosed,75,2
Fp2,0.23714913026702622,0.13764205234466223,False,sub-34,SD,eyesclosed,75,2
AF4,0.732121713222447,0.07041118132889375,False,sub-34,SD,eyesclosed,75,2
AF8,0.3257455457547319,0.1410326756855675,False,sub-34,SD,eyesclosed,75,2
F2,0.6906909764971255,0.08109774819433112,False,sub-34,SD,eyesclosed,75,2
F4,0.6858204978043265,0.0700438932535868,False,sub-34,SD,eyesclosed,75,2
F6,0.3673607885115565,0.1317295464612292,False,sub-34,SD,eyesclosed,75,2
F8,0.6573414083158756,0.07933995499055851,False,sub-34,SD,eyesclosed,75,2
FC2,0.43154306394563824,0.09678405600548495,True,sub-34,SD,eyesclosed,75,2
FC4,0.35498741007989054,0.13580267566574356,False,sub-34,SD,eyesclosed,75,2
FC6,0.3476037304459219,0.1539363417720739,False,sub-34,SD,eyesclosed,75,2
FT8,0.3413023216672106,0.1604186480842805,False,sub-34,SD,eyesclosed,75,2
C2,0.3246714705893875,0.1589648257052599,False,sub-34,SD,eyesclosed,75,2
C4,0.3272373539261749,0.15964581144325046,False,sub-34,SD,eyesclosed,75,2
C6,0.33499870334158294,0.16730675395120553,False,sub-34,SD,eyesclosed,75,2
T8,0.3289293349117907,0.1688724959334854,False,sub-34,SD,eyesclosed,75,2
CPz,0.3278214946212134,0.16141692591958456,False,sub-34,SD,eyesclosed,75,2
CP2,0.3152176397635184,0.1614378131395242,False,sub-34,SD,eyesclosed,75,2
CP4,0.3135639657596073,0.16572486485685095,False,sub-34,SD,eyesclosed,75,2
CP6,0.31944010973338005,0.1719735189798399,False,sub-34,SD,eyesclosed,75,2
TP8,0.31284631684641495,0.16152397104515107,False,sub-34,SD,eyesclosed,75,2
TP10,0.29533044634472766,0.15615431910304345,False,sub-34,SD,eyesclosed,75,2
P2,0.30049212718987817,0.15732576884544947,False,sub-34,SD,eyesclosed,75,2
P4,0.28789713627852587,0.1568756604187576,False,sub-34,SD,eyesclosed,75,2
P6,0.28957490950294884,0.1583354866028822,False,sub-34,SD,eyesclosed,75,2
P8,0.2985872604912568,0.1546882951781505,False,sub-34,SD,eyesclosed,75,2
POz,0.28893083669391983,0.14890248865015543,False,sub-34,SD,eyesclosed,75,2
PO4,0.2725695542163842,0.14904678906814683,False,sub-34,SD,eyesclosed,75,2
PO8,0.27911719344394964,0.14749606166458382,False,sub-34,SD,eyesclosed,75,2
O2,0.24021268400912385,0.1301363946121568,False,sub-34,SD,eyesclosed,75,2
Fp1,0.15790515465983188,0.10803806467799736,False,sub-34,SD,eyesopen,75,0
AF3,0.224393217431116,0.1356762626820506,False,sub-34,SD,eyesopen,75,0
AF7,0.163843017357271,0.11094977133615933,False,sub-34,SD,eyesopen,75,0
Fz,0.3433024523128431,0.17150102294619946,False,sub-34,SD,eyesopen,75,0
F1,0.2988040690631255,0.13666218292360133,False,sub-34,SD,eyesopen,75,0
F3,0.22532734596815931,0.10296394754922135,False,sub-34,SD,eyesopen,75,0
F5,0.2346387519653067,0.13017093127484575,False,sub-34,SD,eyesopen,75,0
F7,0.2639066634201797,0.14622032597285928,False,sub-34,SD,eyesopen,75,0
FC1,0.33607381957960536,0.12398327683178705,False,sub-34,SD,eyesopen,75,0
FC3,0.3318608677160178,0.15093563869336743,False,sub-34,SD,eyesopen,75,0
FC5,0.3467798031354414,0.1568100823093105,False,sub-34,SD,eyesopen,75,0
FT7,0.3467821848756461,0.15650632374019946,False,sub-34,SD,eyesopen,75,0
Cz,0.2858230543014335,0.15655600506060582,False,sub-34,SD,eyesopen,75,0
C1,0.27610731199306116,0.15050695143633822,False,sub-34,SD,eyesopen,75,0
C3,0.29027016886673707,0.152970605076483,False,sub-34,SD,eyesopen,75,0
C5,0.326366884809272,0.1512660230266457,False,sub-34,SD,eyesopen,75,0
T7,0.3015264480400967,0.14372833603632681,False,sub-34,SD,eyesopen,75,0
CP1,0.31955900415092603,0.1379979015842336,False,sub-34,SD,eyesopen,75,0
CP3,0.27769248054691476,0.1425488244087249,False,sub-34,SD,eyesopen,75,0
CP5,0.31094248314955714,0.1423129444510484,False,sub-34,SD,eyesopen,75,0
TP7,0.3305990645504855,0.14156094073212624,False,sub-34,SD,eyesopen,75,0
TP9,0.3528287599295699,0.14888542149539435,False,sub-34,SD,eyesopen,75,0
Pz,0.24362442891714783,0.12971699527292382,False,sub-34,SD,eyesopen,75,0
P1,0.26880763779421774,0.13630144238134664,False,sub-34,SD,eyesopen,75,0
P3,0.27397445999418873,0.13852106933385935,False,sub-34,SD,eyesopen,75,0
P5,0.310068317131685,0.14298783348357294,False,sub-34,SD,eyesopen,75,0
P7,0.34384402356917404,0.14832379967846213,False,sub-34,SD,eyesopen,75,0
PO3,0.27730068354461984,0.13747582247716328,False,sub-34,SD,eyesopen,75,0
PO7,0.33133721739655386,0.1499776456651283,False,sub-34,SD,eyesopen,75,0
Oz,0.26556034580903304,0.1375961574508137,False,sub-34,SD,eyesopen,75,0
O1,0.2897327791078286,0.14282583446718483,False,sub-34,SD,eyesopen,75,0
Fpz,0.1791986175626607,0.12650153674920406,False,sub-34,SD,eyesopen,75,0
Fp2,0.14677450280449583,0.10419971525943018,False,sub-34,SD,eyesopen,75,0
AF4,0.5359455812570108,0.2294878893812673,False,sub-34,SD,eyesopen,75,0
AF8,0.23526856153324735,0.16308394984479427,False,sub-34,SD,eyesopen,75,0
F2,0.5956382488539075,0.14510283352411477,False,sub-34,SD,eyesopen,75,0
F4,0.5953564258100065,0.14204752389130976,False,sub-34,SD,eyesopen,75,0
F6,0.30156787133495677,0.1518104912757847,False,sub-34,SD,eyesopen,75,0
F8,0.618885662061171,0.12827901421911175,False,sub-34,SD,eyesopen,75,0
FC2,0.3790341361014935,0.14900313747632923,False,sub-34,SD,eyesopen,75,0
FC4,0.39418416812522056,0.15128982617152573,False,sub-34,SD,eyesopen,75,0
FC6,0.3949709386044691,0.1595675751283293,False,sub-34,SD,eyesopen,75,0
FT8,0.39050512223849126,0.16293457750177376,False,sub-34,SD,eyesopen,75,0
C2,0.2954082339623856,0.16240123945350604,False,sub-34,SD,eyesopen,75,0
C4,0.3254249369875619,0.16450078507785976,False,sub-34,SD,eyesopen,75,0
C6,0.3403977615464347,0.16048583160155291,False,sub-34,SD,eyesopen,75,0
T8,0.3021030870895638,0.14982387206967385,False,sub-34,SD,eyesopen,75,0
CPz,0.26141244194812463,0.14504417489019417,False,sub-34,SD,eyesopen,75,0
CP2,0.25888230120573996,0.14643791719832872,False,sub-34,SD,eyesopen,75,0
CP4,0.2757041945998584,0.14854527428909148,False,sub-34,SD,eyesopen,75,0
CP6,0.3001316847430072,0.14619396616939767,False,sub-34,SD,eyesopen,75,0
TP8,0.29972990616179457,0.1377500101565512,False,sub-34,SD,eyesopen,75,0
TP10,0.3062326293579225,0.14587534907712332,False,sub-34,SD,eyesopen,75,0
P2,0.23417747837010258,0.13164866897173005,False,sub-34,SD,eyesopen,75,0
P4,0.23555380909241752,0.12671826729008392,False,sub-34,SD,eyesopen,75,0
P6,0.2602721028002369,0.12869696180234472,False,sub-34,SD,eyesopen,75,0
P8,0.2968037744839906,0.13357017642212451,False,sub-34,SD,eyesopen,75,0
POz,0.23777504960460022,0.1264505852571026,False,sub-34,SD,eyesopen,75,0
PO4,0.21421532083163983,0.11440108359302369,False,sub-34,SD,eyesopen,75,0
PO8,0.2720285562890428,0.13047122193186186,False,sub-34,SD,eyesopen,75,0
O2,0.2571420258559871,0.13193612647245892,False,sub-34,SD,eyesopen,75,0
Fp1,0.17457866561650334,0.08426542441835126,False,sub-35,NS,eyesclosed,75,0
AF3,0.185829543937984,0.08997287925007297,False,sub-35,NS,eyesclosed,75,0
AF7,0.19577405227456685,0.08774920009106714,False,sub-35,NS,eyesclosed,75,0
Fz,0.24923157150594571,0.08311468362949737,False,sub-35,NS,eyesclosed,75,0
F1,0.2224590736743376,0.08194958260919176,False,sub-35,NS,eyesclosed,75,0
F3,0.23156492853461466,0.07741200498552944,False,sub-35,NS,eyesclosed,75,0
F5,0.17018706642812578,0.09693628447522917,False,sub-35,NS,eyesclosed,75,0
F7,0.19258800588407132,0.0767923292770033,False,sub-35,NS,eyesclosed,75,0
FC1,0.11338284802581194,0.05492948022678789,False,sub-35,NS,eyesclosed,75,0
FC3,0.155742438142396,0.09481025760116663,False,sub-35,NS,eyesclosed,75,0
FC5,0.17626842158987374,0.09417861238943007,False,sub-35,NS,eyesclosed,75,0
FT7,0.14941485765577406,0.09347035639805126,False,sub-35,NS,eyesclosed,75,0
Cz,0.17514552232313324,0.07681755859173463,False,sub-35,NS,eyesclosed,75,0
C1,0.18065246739069737,0.0877796583176438,False,sub-35,NS,eyesclosed,75,0
C3,0.16772818659008523,0.08442449126991144,False,sub-35,NS,eyesclosed,75,0
C5,0.14642115787943552,0.09254308216167673,False,sub-35,NS,eyesclosed,75,0
T7,0.19366173143443088,0.08170779797505746,False,sub-35,NS,eyesclosed,75,0
CP1,0.22611978002844707,0.08870774359500627,False,sub-35,NS,eyesclosed,75,0
CP3,0.2209862605132837,0.08062553416030781,False,sub-35,NS,eyesclosed,75,0
CP5,0.2190056843182728,0.07527845650227363,False,sub-35,NS,eyesclosed,75,0
TP7,0.1777714767117144,0.07198730866555741,False,sub-35,NS,eyesclosed,75,0
TP9,0.166263647798031,0.08635185882440154,False,sub-35,NS,eyesclosed,75,0
Pz,0.1610586687767087,0.09387948143446605,False,sub-35,NS,eyesclosed,75,0
P1,0.2449649621515727,0.0877345331580166,False,sub-35,NS,eyesclosed,75,0
P3,0.1507160919376577,0.09450948387947065,False,sub-35,NS,eyesclosed,75,0
P5,0.22766632070310758,0.07446190617709482,False,sub-35,NS,eyesclosed,75,0
P7,0.16490375976878366,0.09410984035772503,False,sub-35,NS,eyesclosed,75,0
PO3,0.22234243605191878,0.0809553255789358,False,sub-35,NS,eyesclosed,75,0
PO7,0.21935717698947282,0.08080784334260516,False,sub-35,NS,eyesclosed,75,0
Oz,0.18635685401800142,0.09088560503763593,False,sub-35,NS,eyesclosed,75,0
O1,0.14892561127425397,0.0938570535155896,False,sub-35,NS,eyesclosed,75,0
Fpz,0.17285888536011138,0.08564743448876244,False,sub-35,NS,eyesclosed,75,0
Fp2,0.1736134452310194,0.08073004298737835,False,sub-35,NS,eyesclosed,75,0
AF4,0.15544978449941907,0.09437317087548815,False,sub-35,NS,eyesclosed,75,0
AF8,0.1530900413921685,0.09567443579936132,False,sub-35,NS,eyesclosed,75,0
F2,0.19748933356202694,0.0916501202720436,False,sub-35,NS,eyesclosed,75,0
F4,0.24541226995684184,0.08362465264027667,False,sub-35,NS,eyesclosed,75,0
F6,0.14347348005094893,0.09536382717845793,False,sub-35,NS,eyesclosed,75,0
F8,0.21355276639988438,0.07217662105463342,False,sub-35,NS,eyesclosed,75,0
FC2,0.17492582349068966,0.05844792146816846,False,sub-35,NS,eyesclosed,75,0
FC4,0.21514997228123003,0.08448217730695412,False,sub-35,NS,eyesclosed,75,0
FC6,0.2066779488203143,0.08269136571584487,False,sub-35,NS,eyesclosed,75,0
FT8,0.1668041178938682,0.08007568619316247,False,sub-35,NS,eyesclosed,75,0
C2,0.21770455964919383,0.08131193459884889,False,sub-35,NS,eyesclosed,75,0
C4,0.19567749637169135,0.09613215893934389,False,sub-35,NS,eyesclosed,75,0
C6,0.21449592617532365,0.08074341128528323,False,sub-35,NS,eyesclosed,75,0
T8,0.1973762477309899,0.08555964296721297,False,sub-35,NS,eyesclosed,75,0
CPz,0.1502325869451709,0.0927861091238069,False,sub-35,NS,eyesclosed,75,0
CP2,0.17142006367547344,0.08795682821436135,False,sub-35,NS,eyesclosed,75,0
CP4,0.21043924929963753,0.0810037304273957,False,sub-35,NS,eyesclosed,75,0
CP6,0.1638948624269708,0.09435295942330423,False,sub-35,NS,eyesclosed,75,0
TP8,0.20768661249274267,0.08129576780874195,False,sub-35,NS,eyesclosed,75,0
TP10,0.21058415123760443,0.081272264134552,False,sub-35,NS,eyesclosed,75,0
P2,0.1719300135979753,0.07852343500213614,False,sub-35,NS,eyesclosed,75,0
P4,0.14887504794474476,0.09392812400596331,False,sub-35,NS,eyesclosed,75,0
P6,0.17624738618004016,0.08574280865741565,False,sub-35,NS,eyesclosed,75,0
P8,0.1570394472998668,0.09091827891463855,False,sub-35,NS,eyesclosed,75,0
POz,0.15136116502515032,0.09541861761560709,False,sub-35,NS,eyesclosed,75,0
PO4,0.15942076286935525,0.09478063719705508,False,sub-35,NS,eyesclosed,75,0
PO8,0.18399295027164272,0.09238609030451662,False,sub-35,NS,eyesclosed,75,0
O2,0.1551005357646969,0.09392736736472979,False,sub-35,NS,eyesclosed,75,0
Fp1,0.10451832500186072,0.04152008324572647,False,sub-35,NS,eyesopen,75,0
AF3,0.19625898307319561,0.07425996677785547,False,sub-35,NS,eyesopen,75,0
AF7,0.16335008744948165,0.0718730781476711,False,sub-35,NS,eyesopen,75,0
Fz,0.13131892279721724,0.06293439509793479,False,sub-35,NS,eyesopen,75,0
F1,0.15967476991905846,0.061695033177157736,False,sub-35,NS,eyesopen,75,0
F3,0.1358895765318761,0.053060365029646006,False,sub-35,NS,eyesopen,75,0
F5,0.191973619622554,0.07341781142025328,False,sub-35,NS,eyesopen,75,0
F7,0.11155464704041419,0.044635391643263016,False,sub-35,NS,eyesopen,75,0
FC1,0.21645991256185587,0.07852484957429787,False,sub-35,NS,eyesopen,75,0
FC3,0.18201165455748128,0.07110145778338768,False,sub-35,NS,eyesopen,75,0
FC5,0.18991898093694354,0.08215072258390131,False,sub-35,NS,eyesopen,75,0
FT7,0.1981856789386024,0.07756622651936478,False,sub-35,NS,eyesopen,75,0
Cz,0.13364652787133918,0.05203845403238721,False,sub-35,NS,eyesopen,75,0
C1,0.15711889909260468,0.06485262049180479,False,sub-35,NS,eyesopen,75,0
C3,0.19178926034948793,0.0707741101005642,False,sub-35,NS,eyesopen,75,0
C5,0.18556216914252208,0.07111653095329475,False,sub-35,NS,eyesopen,75,0
T7,0.18599326164891153,0.07659992120601743,False,sub-35,NS,eyesopen,75,0
CP1,0.15623900874980629,0.06722726832976675,False,sub-35,NS,eyesopen,75,0
CP3,0.1698677349127087,0.06814271611202344,False,sub-35,NS,eyesopen,75,0
CP5,0.18743694666327387,0.07557605258959015,False,sub-35,NS,eyesopen,75,0
TP7,0.19296487538221765,0.07120226344100909,False,sub-35,NS,eyesopen,75,0
TP9,0.19453451653643683,0.07303913879528924,False,sub-35,NS,eyesopen,75,0
Pz,0.14800891684644996,0.06376895082274486,False,sub-35,NS,eyesopen,75,0
P1,0.11284265441526242,0.04885408020484099,False,sub-35,NS,eyesopen,75,0
P3,0.17224725348344444,0.06725122614366953,False,sub-35,NS,eyesopen,75,0
P5,0.10150488215800398,0.03939585311794382,False,sub-35,NS,eyesopen,75,0
P7,0.19708952292581403,0.07312617863757362,False,sub-35,NS,eyesopen,75,0
PO3,0.12182166052560817,0.04829911220507086,False,sub-35,NS,eyesopen,75,0
PO7,0.10421821351195011,0.040596620606449044,False,sub-35,NS,eyesopen,75,0
Oz,0.1698166474749199,0.06228429504874313,False,sub-35,NS,eyesopen,75,0
O1,0.18711244524648243,0.0699526741283476,False,sub-35,NS,eyesopen,75,0
Fpz,0.15651074889203279,0.06417820897567988,False,sub-35,NS,eyesopen,75,0
Fp2,0.10194857078951325,0.03807091553558803,False,sub-35,NS,eyesopen,75,0
AF4,0.20314979335598735,0.07591670727260888,False,sub-35,NS,eyesopen,75,0
AF8,0.18467932782945196,0.08331895305203228,False,sub-35,NS,eyesopen,75,0
F2,0.15984277965091384,0.06440315179617175,False,sub-35,NS,eyesopen,75,0
F4,0.13574447264811995,0.05178470202574708,False,sub-35,NS,eyesopen,75,0
F6,0.20487226649275742,0.08387481514257838,False,sub-35,NS,eyesopen,75,0
F8,0.13875886905057788,0.059178629362127456,False,sub-35,NS,eyesopen,75,0
FC2,0.16148276830498956,0.06520791246956993,False,sub-35,NS,eyesopen,75,0
FC4,0.17093718812788228,0.07253451614633923,False,sub-35,NS,eyesopen,75,0
FC6,0.19040276648428675,0.07135179696939846,False,sub-35,NS,eyesopen,75,0
FT8,0.19368161785612234,0.0745039696485767,False,sub-35,NS,eyesopen,75,0
C2,0.14781003656628827,0.06470162740773008,False,sub-35,NS,eyesopen,75,0
C4,0.19582658218259835,0.07739869208963183,False,sub-35,NS,eyesopen,75,0
C6,0.17019374792701603,0.0628226802769093,False,sub-35,NS,eyesopen,75,0
T8,0.19923177240532708,0.08140456127147172,False,sub-35,NS,eyesopen,75,0
CPz,0.17058346416275136,0.06517751641416807,False,sub-35,NS,eyesopen,75,0
CP2,0.176650271142912,0.07330562661916787,False,sub-35,NS,eyesopen,75,0
CP4,0.15406849714141532,0.06077527051123764,False,sub-35,NS,eyesopen,75,0
CP6,0.1993064431135953,0.0801287534133822,False,sub-35,NS,eyesopen,75,0
TP8,0.17977334185295193,0.06311720143187197,False,sub-35,NS,eyesopen,75,0
TP10,0.12219844317216084,0.05739289263541127,False,sub-35,NS,eyesopen,75,0
P2,0.10893303361514,0.04586161979541822,False,sub-35,NS,eyesopen,75,0
P4,0.1575615809995634,0.06443850205070857,False,sub-35,NS,eyesopen,75,0
P6,0.1086623179209417,0.0417291241242842,False,sub-35,NS,eyesopen,75,0
P8,0.183747722245514,0.06641443155944587,False,sub-35,NS,eyesopen,75,0
POz,0.15103944523651747,0.062253124701557624,False,sub-35,NS,eyesopen,75,0
PO4,0.13637347377374362,0.05655830815653186,False,sub-35,NS,eyesopen,75,0
PO8,0.1491621111274835,0.06779750344889239,False,sub-35,NS,eyesopen,75,0
O2,0.16735251443331545,0.06425806937742244,False,sub-35,NS,eyesopen,75,0
Fp1,0.1611045109006997,0.07597947800316648,False,sub-35,SD,eyesclosed,75,0
AF3,0.21453368026014166,0.07778149622743984,False,sub-35,SD,eyesclosed,75,0
AF7,0.165193968883056,0.09878199116691644,False,sub-35,SD,eyesclosed,75,0
Fz,0.19401708368449155,0.07671142387613121,False,sub-35,SD,eyesclosed,75,0
F1,0.15575524978145622,0.0887049931109047,False,sub-35,SD,eyesclosed,75,0
F3,0.16517483772506703,0.08214121643626857,False,sub-35,SD,eyesclosed,75,0
F5,0.18550089015222893,0.08726806134129127,False,sub-35,SD,eyesclosed,75,0
F7,0.21798754027438041,0.08521067323533907,False,sub-35,SD,eyesclosed,75,0
FC1,0.15535981924103057,0.08926839290576304,False,sub-35,SD,eyesclosed,75,0
FC3,0.22872942747085812,0.06808577214536424,False,sub-35,SD,eyesclosed,75,0
FC5,0.1404447552854841,0.08683378820063427,False,sub-35,SD,eyesclosed,75,0
FT7,0.1752183016489649,0.090917827855447,False,sub-35,SD,eyesclosed,75,0
Cz,0.14984389729008055,0.09130367578308562,False,sub-35,SD,eyesclosed,75,0
C1,0.16345513715206125,0.06901192794747422,False,sub-35,SD,eyesclosed,75,0
C3,0.22162228227193245,0.08196947775867489,False,sub-35,SD,eyesclosed,75,0
C5,0.1863671988058958,0.07700662735030826,False,sub-35,SD,eyesclosed,75,0
T7,0.16041974981142987,0.08402546887703044,False,sub-35,SD,eyesclosed,75,0
CP1,0.19563287772837265,0.07724940850785911,False,sub-35,SD,eyesclosed,75,0
CP3,0.22890154565953244,0.07090753881330737,False,sub-35,SD,eyesclosed,75,0
CP5,0.14442828556395013,0.09016246184116895,False,sub-35,SD,eyesclosed,75,0
TP7,0.14939160466998447,0.09998118934301377,False,sub-35,SD,eyesclosed,75,0
TP9,0.13686061047397122,0.09133665887262585,False,sub-35,SD,eyesclosed,75,0
Pz,0.14440448392603739,0.09123233024141421,False,sub-35,SD,eyesclosed,75,0
P1,0.16918142351739857,0.060156234957549584,False,sub-35,SD,eyesclosed,75,0
P3,0.2101624477176013,0.0854412403449159,False,sub-35,SD,eyesclosed,75,0
P5,0.16465029816097315,0.09230704350310412,False,sub-35,SD,eyesclosed,75,0
P7,0.15642536338338273,0.0934365438306154,False,sub-35,SD,eyesclosed,75,0
PO3,0.21809449736351236,0.06355555186422066,False,sub-35,SD,eyesclosed,75,0
PO7,0.14739814043294966,0.10637158078085582,False,sub-35,SD,eyesclosed,75,0
Oz,0.156552771646923,0.09180514637479925,False,sub-35,SD,eyesclosed,75,0
O1,0.20985347860684941,0.08871919892552539,False,sub-35,SD,eyesclosed,75,0
Fpz,0.13980049399831315,0.0917607831323405,False,sub-35,SD,eyesclosed,75,0
Fp2,0.20100705539257455,0.07997263355265942,False,sub-35,SD,eyesclosed,75,0
AF4,0.2335611590276825,0.07228979514862607,False,sub-35,SD,eyesclosed,75,0
AF8,0.16298987659491396,0.094889012589911,False,sub-35,SD,eyesclosed,75,0
F2,0.14608723662816414,0.08964625700540657,False,sub-35,SD,eyesclosed,75,0
F4,0.1971147898533657,0.07619227337792556,False,sub-35,SD,eyesclosed,75,0
F6,0.1856087544880995,0.07965010594737015,False,sub-35,SD,eyesclosed,75,0
F8,0.2073420088815875,0.07359127016639387,False,sub-35,SD,eyesclosed,75,0
FC2,0.1728084028189632,0.08268171410913178,False,sub-35,SD,eyesclosed,75,0
FC4,0.22791684823769875,0.06862851270348384,False,sub-35,SD,eyesclosed,75,0
FC6,0.13738120282465738,0.08931151257863117,False,sub-35,SD,eyesclosed,75,0
FT8,0.19878601736225196,0.08735092652653959,False,sub-35,SD,eyesclosed,75,0
C2,0.15924937892683072,0.06285922921319352,False,sub-35,SD,eyesclosed,75,0
C4,0.23379316195490304,0.08967895844222906,False,sub-35,SD,eyesclosed,75,0
C6,0.20014764656517003,0.07514576384113213,False,sub-35,SD,eyesclosed,75,0
T8,0.15225637512468954,0.0889184020291045,False,sub-35,SD,eyesclosed,75,0
CPz,0.13749294529645126,0.10521188667099994,False,sub-35,SD,eyesclosed,75,0
CP2,0.150067524410471,0.09271200522643619,False,sub-35,SD,eyesclosed,75,0
CP4,0.21973485032167672,0.06543154425627058,False,sub-35,SD,eyesclosed,75,0
CP6,0.16172028364644217,0.08793460253844491,False,sub-35,SD,eyesclosed,75,0
TP8,0.1439937591553727,0.10543643438464892,False,sub-35,SD,eyesclosed,75,0
TP10,0.14972522595956023,0.0917938515838544,False,sub-35,SD,eyesclosed,75,0
P2,0.1984153555100102,0.0618312556556721,False,sub-35,SD,eyesclosed,75,0
P4,0.19768816655819474,0.07915405317879275,False,sub-35,SD,eyesclosed,75,0
P6,0.16972099010861413,0.10008356814226946,False,sub-35,SD,eyesclosed,75,0
P8,0.17366421862254203,0.0869940244882235,False,sub-35,SD,eyesclosed,75,0
POz,0.15305198821560373,0.09818268978014572,False,sub-35,SD,eyesclosed,75,0
PO4,0.22292463880188823,0.0657161624127311,False,sub-35,SD,eyesclosed,75,0
PO8,0.15906163788506744,0.10023318380295128,False,sub-35,SD,eyesclosed,75,0
O2,0.22281156975411653,0.0998439577513573,False,sub-35,SD,eyesclosed,75,0
Fp1,0.08554400569018905,0.03871250917894783,False,sub-35,SD,eyesopen,75,0
AF3,0.10326753435403263,0.05200034039603479,False,sub-35,SD,eyesopen,75,0
AF7,0.07967119667194199,0.03377799703711795,False,sub-35,SD,eyesopen,75,0
Fz,0.1230215878477942,0.055715653081561185,False,sub-35,SD,eyesopen,75,0
F1,0.11981690021968862,0.053617894561287086,False,sub-35,SD,eyesopen,75,0
F3,0.12257473342447649,0.054756088907197756,False,sub-35,SD,eyesopen,75,0
F5,0.10632202599767786,0.04009644046043204,False,sub-35,SD,eyesopen,75,0
F7,0.0985204691858482,0.03780485900515938,False,sub-35,SD,eyesopen,75,0
FC1,0.17490170369512517,0.058638845935443516,False,sub-35,SD,eyesopen,75,0
FC3,0.17900598206723625,0.06584817027986009,False,sub-35,SD,eyesopen,75,0
FC5,0.17199282875263436,0.058002368497798884,False,sub-35,SD,eyesopen,75,0
FT7,0.1789689649876343,0.06126318192785396,False,sub-35,SD,eyesopen,75,0
Cz,0.14437946446096636,0.05738933645200944,False,sub-35,SD,eyesopen,75,0
C1,0.15659209393124104,0.05690940268645092,False,sub-35,SD,eyesopen,75,0
C3,0.1592326324840131,0.05901284316216531,False,sub-35,SD,eyesopen,75,0
C5,0.18411660252146334,0.06351743041997758,False,sub-35,SD,eyesopen,75,0
T7,0.2055486890310991,0.0714352876478095,False,sub-35,SD,eyesopen,75,0
CP1,0.15142772340938818,0.05339887087053366,False,sub-35,SD,eyesopen,75,0
CP3,0.16313505098999842,0.059207361215790934,False,sub-35,SD,eyesopen,75,0
CP5,0.1878130956957031,0.06832406907967567,False,sub-35,SD,eyesopen,75,0
TP7,0.20190105475689107,0.07284501355674439,False,sub-35,SD,eyesopen,75,0
TP9,0.19976115043573336,0.07308281728250712,False,sub-35,SD,eyesopen,75,0
Pz,0.13568347701235187,0.05625144880899097,False,sub-35,SD,eyesopen,75,0
P1,0.15034621404775766,0.0573672397143793,False,sub-35,SD,eyesopen,75,0
P3,0.16686833551625513,0.06419651528633154,False,sub-35,SD,eyesopen,75,0
P5,0.1932156722879427,0.07270864490243152,False,sub-35,SD,eyesopen,75,0
P7,0.21033814288945343,0.07548616419401974,False,sub-35,SD,eyesopen,75,0
PO3,0.17892748513282963,0.0738268663105519,False,sub-35,SD,eyesopen,75,0
PO7,0.22633387669364022,0.08503495414620507,False,sub-35,SD,eyesopen,75,0
Oz,0.17494598113495496,0.06943583553446324,False,sub-35,SD,eyesopen,75,0
O1,0.20086391122014474,0.07881426618446348,False,sub-35,SD,eyesopen,75,0
Fpz,0.0891577747488482,0.04302301120285835,False,sub-35,SD,eyesopen,75,0
Fp2,0.08369777877749532,0.0391157412581038,False,sub-35,SD,eyesopen,75,0
AF4,0.09477203584368621,0.040654778423165824,False,sub-35,SD,eyesopen,75,0
AF8,0.11655968049062082,0.05387199276281758,False,sub-35,SD,eyesopen,75,0
F2,0.17004775585372664,0.0636327234111529,False,sub-35,SD,eyesopen,75,0
F4,0.17960321382832026,0.06464623884766436,False,sub-35,SD,eyesopen,75,0
F6,0.17189170818886212,0.06897321862428678,False,sub-35,SD,eyesopen,75,0
F8,0.19145428566305797,0.07722101190469019,False,sub-35,SD,eyesopen,75,0
FC2,0.21011230104948084,0.07346522384269989,False,sub-35,SD,eyesopen,75,0
FC4,0.21126788557410123,0.07410192032635352,False,sub-35,SD,eyesopen,75,0
FC6,0.22099417106423122,0.08186130598182312,False,sub-35,SD,eyesopen,75,0
FT8,0.21529292267802447,0.08162144407602412,False,sub-35,SD,eyesopen,75,0
C2,0.15683767790250538,0.06540847803348544,False,sub-35,SD,eyesopen,75,0
C4,0.17675578150124802,0.06443980750674871,False,sub-35,SD,eyesopen,75,0
C6,0.19641517114552973,0.07031234793809883,False,sub-35,SD,eyesopen,75,0
T8,0.20123367836409434,0.0746954918143112,False,sub-35,SD,eyesopen,75,0
CPz,0.1424615842366465,0.054389660844113286,False,sub-35,SD,eyesopen,75,0
CP2,0.14484200815119117,0.058982510177880074,False,sub-35,SD,eyesopen,75,0
CP4,0.1598404650884258,0.06214726591696155,False,sub-35,SD,eyesopen,75,0
CP6,0.179191765634613,0.06721814955065537,False,sub-35,SD,eyesopen,75,0
TP8,0.19094827187576444,0.07185954443272928,False,sub-35,SD,eyesopen,75,0
TP10,0.1837615647545687,0.07062826991472579,False,sub-35,SD,eyesopen,75,0
P2,0.13655398266586302,0.05761296659111496,False,sub-35,SD,eyesopen,75,0
P4,0.15132903465084482,0.06007014507305642,False,sub-35,SD,eyesopen,75,0
P6,0.16910444080093842,0.0661068588055177,False,sub-35,SD,eyesopen,75,0
P8,0.1884194882142878,0.0736351719417569,False,sub-35,SD,eyesopen,75,0
POz,0.14512313002903862,0.059547027726442436,False,sub-35,SD,eyesopen,75,0
PO4,0.14433312095440579,0.05758032049834545,False,sub-35,SD,eyesopen,75,0
PO8,0.17480442139528238,0.0675691045295348,False,sub-35,SD,eyesopen,75,0
O2,0.16425990662557632,0.0640504958861234,False,sub-35,SD,eyesopen,75,0
Fp1,0.21084388791282982,0.09819131144205746,False,sub-36,NS,eyesclosed,75,0
AF3,0.1701532478552794,0.10181434493468368,False,sub-36,NS,eyesclosed,75,0
AF7,0.2107713046678487,0.10719847170505627,False,sub-36,NS,eyesclosed,75,0
Fz,0.22986936514837647,0.10451689750396395,False,sub-36,NS,eyesclosed,75,0
F1,0.2355925678436868,0.0937117045854077,False,sub-36,NS,eyesclosed,75,0
F3,0.21617756302119182,0.09911513301254576,False,sub-36,NS,eyesclosed,75,0
F5,0.1680044057302365,0.10783380921158718,False,sub-36,NS,eyesclosed,75,0
F7,0.21720835859930182,0.08384196290549734,False,sub-36,NS,eyesclosed,75,0
FC1,0.19923431748457496,0.08369137902902207,False,sub-36,NS,eyesclosed,75,0
FC3,0.17027894230731488,0.11277087719710194,False,sub-36,NS,eyesclosed,75,0
FC5,0.16459052992476086,0.10358488710765844,False,sub-36,NS,eyesclosed,75,0
FT7,0.17171216946821818,0.10969456757896442,False,sub-36,NS,eyesclosed,75,0
Cz,0.15315309512410435,0.06983777676858492,False,sub-36,NS,eyesclosed,75,0
C1,0.22097267841913246,0.09946085434508004,False,sub-36,NS,eyesclosed,75,0
C3,0.18231029028636392,0.08136096010438706,False,sub-36,NS,eyesclosed,75,0
C5,0.1735840414211342,0.11068921306888842,False,sub-36,NS,eyesclosed,75,0
T7,0.22225715328153717,0.08763493842713627,False,sub-36,NS,eyesclosed,75,0
CP1,0.19183556370119112,0.082236384728074,False,sub-36,NS,eyesclosed,75,0
CP3,0.22237317632249964,0.09844204215074576,False,sub-36,NS,eyesclosed,75,0
CP5,0.22672485192943134,0.10306154843215645,False,sub-36,NS,eyesclosed,75,0
TP7,0.21357424582766324,0.09135234168464126,False,sub-36,NS,eyesclosed,75,0
TP9,0.18332335047591072,0.10631911028197083,False,sub-36,NS,eyesclosed,75,0
Pz,0.18037117434015199,0.10655542110717336,False,sub-36,NS,eyesclosed,75,0
P1,0.21358406340467828,0.09434566508399529,False,sub-36,NS,eyesclosed,75,0
P3,0.16972909266785588,0.09431886349478653,False,sub-36,NS,eyesclosed,75,0
P5,0.22452947781444352,0.09364847777173702,False,sub-36,NS,eyesclosed,75,0
P7,0.1764142879373139,0.09685368827811716,False,sub-36,NS,eyesclosed,75,0
PO3,0.20955226991504808,0.09543271888549995,False,sub-36,NS,eyesclosed,75,0
PO7,0.23407789718629,0.09031837418612888,False,sub-36,NS,eyesclosed,75,0
Oz,0.21620491592955934,0.09437174121203226,False,sub-36,NS,eyesclosed,75,0
O1,0.17441863781263345,0.09515157956323346,False,sub-36,NS,eyesclosed,75,0
Fpz,0.21188383064489139,0.10563670071775556,False,sub-36,NS,eyesclosed,75,0
Fp2,0.20604008368095744,0.0897325223727539,False,sub-36,NS,eyesclosed,75,0
AF4,0.1760270836208573,0.10000953958517153,False,sub-36,NS,eyesclosed,75,0
AF8,0.16890714185339725,0.0949215183593726,False,sub-36,NS,eyesclosed,75,0
F2,0.21495040128866738,0.09107591553022082,False,sub-36,NS,eyesclosed,75,0
F4,0.22347330679536345,0.09160077895361284,False,sub-36,NS,eyesclosed,75,0
F6,0.16968421358050317,0.10249327853838024,False,sub-36,NS,eyesclosed,75,0
F8,0.2258262389582858,0.0930850441295723,False,sub-36,NS,eyesclosed,75,0
FC2,0.16410245386515274,0.06979749866359226,False,sub-36,NS,eyesclosed,75,0
FC4,0.23447526492132753,0.11652921669591992,False,sub-36,NS,eyesclosed,75,0
FC6,0.21581508383776926,0.08245487613042957,False,sub-36,NS,eyesclosed,75,0
FT8,0.21050014122536156,0.09126039956148435,False,sub-36,NS,eyesclosed,75,0
C2,0.23300953256822343,0.11647421850524449,False,sub-36,NS,eyesclosed,75,0
C4,0.18538667439941514,0.1071090034606292,False,sub-36,NS,eyesclosed,75,0
C6,0.22002799403799822,0.09048972059478985,False,sub-36,NS,eyesclosed,75,0
T8,0.23769248091057407,0.10180170160267489,False,sub-36,NS,eyesclosed,75,0
CPz,0.16257276818966487,0.09419549049659595,False,sub-36,NS,eyesclosed,75,0
CP2,0.17335423770742964,0.0932470118515337,False,sub-36,NS,eyesclosed,75,0
CP4,0.2086637577937868,0.08474176804670476,False,sub-36,NS,eyesclosed,75,0
CP6,0.19020425221357204,0.0935579477528581,False,sub-36,NS,eyesclosed,75,0
TP8,0.22452480645487738,0.0844768393750605,False,sub-36,NS,eyesclosed,75,0
TP10,0.22958645013452178,0.08719361058216274,False,sub-36,NS,eyesclosed,75,0
P2,0.1781457264909632,0.08273068189352378,False,sub-36,NS,eyesclosed,75,0
P4,0.16649280363017713,0.11404440669823107,False,sub-36,NS,eyesclosed,75,0
P6,0.20133510177751435,0.08611753073286159,False,sub-36,NS,eyesclosed,75,0
P8,0.18592213329974105,0.10435759297023803,False,sub-36,NS,eyesclosed,75,0
POz,0.18616906421964502,0.10303859503322865,False,sub-36,NS,eyesclosed,75,0
PO4,0.1791124125673367,0.0935636765743138,False,sub-36,NS,eyesclosed,75,0
PO8,0.20171185125239768,0.0907655470828964,False,sub-36,NS,eyesclosed,75,0
O2,0.18703571732050578,0.10202053589182641,False,sub-36,NS,eyesclosed,75,0
Fp1,0.09979478623338014,0.08539612810527232,False,sub-36,NS,eyesopen,75,0
AF3,0.22641851310877925,0.10250662038642239,False,sub-36,NS,eyesopen,75,0
AF7,0.20962872225934173,0.09164622612709086,False,sub-36,NS,eyesopen,75,0
Fz,0.19504603456812428,0.0975660155164746,False,sub-36,NS,eyesopen,75,0
F1,0.19551485594214965,0.07965179875481848,False,sub-36,NS,eyesopen,75,0
F3,0.19440062106594044,0.1063906734140121,False,sub-36,NS,eyesopen,75,0
F5,0.219100396239888,0.09404184230172274,False,sub-36,NS,eyesopen,75,0
F7,0.170934514262557,0.0985616618001808,False,sub-36,NS,eyesopen,75,0
FC1,0.22697929858788854,0.09042515412485053,False,sub-36,NS,eyesopen,75,0
FC3,0.19565936219999144,0.09003447207772186,False,sub-36,NS,eyesopen,75,0
FC5,0.2427776407320967,0.11024686548902222,False,sub-36,NS,eyesopen,75,0
FT7,0.21165888800863597,0.08766554042890987,False,sub-36,NS,eyesopen,75,0
Cz,0.1703615849309197,0.0846011457705837,False,sub-36,NS,eyesopen,75,0
C1,0.18049628768161874,0.0933455551771971,False,sub-36,NS,eyesopen,75,0
C3,0.21088196987848554,0.10041232972957674,False,sub-36,NS,eyesopen,75,0
C5,0.18007689283231346,0.08927585829171042,False,sub-36,NS,eyesopen,75,0
T7,0.1993236804799773,0.08266566345452085,False,sub-36,NS,eyesopen,75,0
CP1,0.18640300737105722,0.10079104581592323,False,sub-36,NS,eyesopen,75,0
CP3,0.17040421574363318,0.09383790463344327,False,sub-36,NS,eyesopen,75,0
CP5,0.19719108291292903,0.10461123493842726,False,sub-36,NS,eyesopen,75,0
TP7,0.17659859120303487,0.09116021863520386,False,sub-36,NS,eyesopen,75,0
TP9,0.2188233701162255,0.10792813690104869,False,sub-36,NS,eyesopen,75,0
Pz,0.18561331967392616,0.10006572543029521,False,sub-36,NS,eyesopen,75,0
P1,0.1555673477860486,0.11108794482066253,False,sub-36,NS,eyesopen,75,0
P3,0.18102412480635044,0.09157089711448473,False,sub-36,NS,eyesopen,75,0
P5,0.11953300210760931,0.08753089088875886,False,sub-36,NS,eyesopen,75,0
P7,0.18941091270396712,0.09122762082927348,False,sub-36,NS,eyesopen,75,0
PO3,0.1836265894998301,0.10447815006510197,False,sub-36,NS,eyesopen,75,0
PO7,0.09723121213455856,0.08588169492563633,False,sub-36,NS,eyesopen,75,0
Oz,0.16946714276866287,0.07783839888106249,False,sub-36,NS,eyesopen,75,0
O1,0.17491319069913497,0.09018046821096905,False,sub-36,NS,eyesopen,75,0
Fpz,0.17438170316272694,0.09591512990067275,False,sub-36,NS,eyesopen,75,0
Fp2,0.0825876385133467,0.0668800599002023,False,sub-36,NS,eyesopen,75,0
AF4,0.2267078613726693,0.09995586448815104,False,sub-36,NS,eyesopen,75,0
AF8,0.2185498843170366,0.11027556267070966,False,sub-36,NS,eyesopen,75,0
F2,0.20109850019883066,0.09874411671733248,False,sub-36,NS,eyesopen,75,0
F4,0.17864496323770873,0.09858843692535106,False,sub-36,NS,eyesopen,75,0
F6,0.22888441664555373,0.1100953385144082,False,sub-36,NS,eyesopen,75,0
F8,0.16551423400472914,0.0922631061536715,False,sub-36,NS,eyesopen,75,0
FC2,0.19541459881671558,0.09208680279445762,False,sub-36,NS,eyesopen,75,0
FC4,0.18178579717006713,0.09321367261588934,False,sub-36,NS,eyesopen,75,0
FC6,0.2061764077393387,0.09238687151314107,False,sub-36,NS,eyesopen,75,0
FT8,0.21107983328782554,0.1076912977729351,False,sub-36,NS,eyesopen,75,0
C2,0.17463059684612398,0.10013942827998298,False,sub-36,NS,eyesopen,75,0
C4,0.2160489990752318,0.0991931749835691,False,sub-36,NS,eyesopen,75,0
C6,0.16949780372074855,0.0988089806782825,False,sub-36,NS,eyesopen,75,0
T8,0.19702628552453305,0.09946164753737745,False,sub-36,NS,eyesopen,75,0
CPz,0.17697314075780557,0.09129522686464907,False,sub-36,NS,eyesopen,75,0
CP2,0.22584784959579451,0.10278401546389135,False,sub-36,NS,eyesopen,75,0
CP4,0.16801905015648963,0.09698509924993877,False,sub-36,NS,eyesopen,75,0
CP6,0.21245055720458908,0.09066356631542273,False,sub-36,NS,eyesopen,75,0
TP8,0.16741102566765437,0.08926694954626672,False,sub-36,NS,eyesopen,75,0
TP10,0.1986845455538844,0.1031082903222172,False,sub-36,NS,eyesopen,75,0
P2,0.15140566117872084,0.09842976186230026,False,sub-36,NS,eyesopen,75,0
P4,0.16861211316703237,0.09741294527760608,False,sub-36,NS,eyesopen,75,0
P6,0.0983382909763364,0.0713655991938409,False,sub-36,NS,eyesopen,75,0
P8,0.18106012860803755,0.09985512278397382,False,sub-36,NS,eyesopen,75,0
POz,0.1834710142997044,0.0996595951919336,False,sub-36,NS,eyesopen,75,0
PO4,0.17212928180606094,0.09381563742690477,False,sub-36,NS,eyesopen,75,0
PO8,0.19536575704867176,0.09998906788696288,False,sub-36,NS,eyesopen,75,0
O2,0.17214280234218238,0.08930242341498938,False,sub-36,NS,eyesopen,75,0
Fp1,0.2397607179675821,0.09328740579553436,False,sub-36,SD,eyesclosed,75,0
AF3,0.2520983136740787,0.09158950661917249,False,sub-36,SD,eyesclosed,75,0
AF7,0.14993008088480514,0.07269545398925067,False,sub-36,SD,eyesclosed,75,0
Fz,0.2379303544286251,0.088425389437916,False,sub-36,SD,eyesclosed,75,0
F1,0.12515753608194827,0.06648427006486496,False,sub-36,SD,eyesclosed,75,0
F3,0.25570756088866403,0.08961219295851965,False,sub-36,SD,eyesclosed,75,0
F5,0.18348975608330123,0.08538253157709608,False,sub-36,SD,eyesclosed,75,0
F7,0.25725293188619003,0.08799010196036844,False,sub-36,SD,eyesclosed,75,0
FC1,0.15919688468306412,0.06093452257600389,False,sub-36,SD,eyesclosed,75,0
FC3,0.2648754642586873,0.09666834122868634,False,sub-36,SD,eyesclosed,75,0
FC5,0.13163064306383696,0.053845688773566866,False,sub-36,SD,eyesclosed,75,0
FT7,0.21806547615677574,0.08755877609289435,False,sub-36,SD,eyesclosed,75,0
Cz,0.14630782215684188,0.059944002798671736,False,sub-36,SD,eyesclosed,75,0
C1,0.2385579094925007,0.08745322740569107,False,sub-36,SD,eyesclosed,75,0
C3,0.2722287482640634,0.07140897210564835,False,sub-36,SD,eyesclosed,75,0
C5,0.24373966990033855,0.09458633098729839,False,sub-36,SD,eyesclosed,75,0
T7,0.1966106339322375,0.08131761982535511,False,sub-36,SD,eyesclosed,75,0
CP1,0.18989028047786513,0.08163318649539665,False,sub-36,SD,eyesclosed,75,0
CP3,0.2707777446261317,0.10013019918071535,False,sub-36,SD,eyesclosed,75,0
CP5,0.12452752398458668,0.05428003787326742,False,sub-36,SD,eyesclosed,75,0
TP7,0.1211420415831572,0.06452881212540643,False,sub-36,SD,eyesclosed,75,0
TP9,0.12075862330123355,0.05596781050438031,False,sub-36,SD,eyesclosed,75,0
Pz,0.14848113948526703,0.056370243699071544,False,sub-36,SD,eyesclosed,75,0
P1,0.2560125548165503,0.09523695238674261,False,sub-36,SD,eyesclosed,75,0
P3,0.2647956563556054,0.08602248626855914,False,sub-36,SD,eyesclosed,75,0
P5,0.15462774342532598,0.07236073826362435,False,sub-36,SD,eyesclosed,75,0
P7,0.18584293465880306,0.06799181717755767,False,sub-36,SD,eyesclosed,75,0
PO3,0.2805568211584969,0.1022677549064236,False,sub-36,SD,eyesclosed,75,0
PO7,0.13516164379545106,0.07353081270352503,False,sub-36,SD,eyesclosed,75,0
Oz,0.1230493383624976,0.0708888064785367,False,sub-36,SD,eyesclosed,75,0
O1,0.2345467620137813,0.08492989557996175,False,sub-36,SD,eyesclosed,75,0
Fpz,0.11785637507073611,0.06106017951307041,False,sub-36,SD,eyesclosed,75,0
Fp2,0.2489635130923685,0.08110507420484421,False,sub-36,SD,eyesclosed,75,0
AF4,0.27740113162980384,0.09869935504479052,False,sub-36,SD,eyesclosed,75,0
AF8,0.17950750937137616,0.07830346660352952,False,sub-36,SD,eyesclosed,75,0
F2,0.12836277797636003,0.06092278681771388,False,sub-36,SD,eyesclosed,75,0
F4,0.28262139100564404,0.09674273808713671,False,sub-36,SD,eyesclosed,75,0
F6,0.19785708831380713,0.08676080606065709,False,sub-36,SD,eyesclosed,75,0
F8,0.2682115590441972,0.09160107543527335,False,sub-36,SD,eyesclosed,75,0
FC2,0.19006761328270672,0.08187285122967712,False,sub-36,SD,eyesclosed,75,0
FC4,0.27094853315647344,0.09788266745045238,False,sub-36,SD,eyesclosed,75,0
FC6,0.12734871461021693,0.05243767578461294,False,sub-36,SD,eyesclosed,75,0
FT8,0.23206690146580453,0.09491423458642005,False,sub-36,SD,eyesclosed,75,0
C2,0.2353948852515254,0.0925623015062245,False,sub-36,SD,eyesclosed,75,0
C4,0.27059045225949147,0.08102019935400946,False,sub-36,SD,eyesclosed,75,0
C6,0.252658400479911,0.09749366784226186,False,sub-36,SD,eyesclosed,75,0
T8,0.17619701808592816,0.06927859842703399,False,sub-36,SD,eyesclosed,75,0
CPz,0.11036450722930072,0.06645701675370096,False,sub-36,SD,eyesclosed,75,0
CP2,0.13255405341951912,0.06035876208412793,False,sub-36,SD,eyesclosed,75,0
CP4,0.2736099038151455,0.10315284908496,False,sub-36,SD,eyesclosed,75,0
CP6,0.13526413902060333,0.06146371655229503,False,sub-36,SD,eyesclosed,75,0
TP8,0.1216188033575094,0.06755383842778338,False,sub-36,SD,eyesclosed,75,0
TP10,0.1250286103812992,0.05745917772155435,False,sub-36,SD,eyesclosed,75,0
P2,0.24993382100836012,0.09481442748899181,False,sub-36,SD,eyesclosed,75,0
P4,0.26975443787327574,0.09265047563346583,False,sub-36,SD,eyesclosed,75,0
P6,0.14057294564075032,0.0700363456285929,False,sub-36,SD,eyesclosed,75,0
P8,0.21450579307637574,0.07736516407804085,False,sub-36,SD,eyesclosed,75,0
POz,0.13041305144915966,0.07420546347392644,False,sub-36,SD,eyesclosed,75,0
PO4,0.2847765126079302,0.1021451907078647,False,sub-36,SD,eyesclosed,75,0
PO8,0.15742046262116483,0.07716886858118606,False,sub-36,SD,eyesclosed,75,0
O2,0.23607520639514906,0.08411799658447398,False,sub-36,SD,eyesclosed,75,0
Fp1,0.12776296980280677,0.08507144827463063,False,sub-36,SD,eyesopen,75,0
AF3,0.1393430998174115,0.07916938805332718,False,sub-36,SD,eyesopen,75,0
AF7,0.17006828827253084,0.08832262201803749,False,sub-36,SD,eyesopen,75,0
Fz,0.190920657008711,0.09122608151233315,False,sub-36,SD,eyesopen,75,0
F1,0.21678743009740756,0.08785063924404844,False,sub-36,SD,eyesopen,75,0
F3,0.20447119765809216,0.08120117905185537,False,sub-36,SD,eyesopen,75,0
F5,0.1873086252910994,0.0690318866534825,False,sub-36,SD,eyesopen,75,0
F7,0.21819105619951704,0.07511719127899706,False,sub-36,SD,eyesopen,75,0
FC1,0.24656829509632958,0.0713855902511876,False,sub-36,SD,eyesopen,75,0
FC3,0.24124575893423503,0.06637654258168983,False,sub-36,SD,eyesopen,75,0
FC5,0.23616027600185632,0.07211479312187932,False,sub-36,SD,eyesopen,75,0
FT7,0.22939114322394188,0.06470788462986954,False,sub-36,SD,eyesopen,75,0
Cz,0.17174307187497106,0.08493903929577909,False,sub-36,SD,eyesopen,75,0
C1,0.18821034363367253,0.08777750037480092,False,sub-36,SD,eyesopen,75,0
C3,0.20593930422521217,0.08012008547790371,False,sub-36,SD,eyesopen,75,0
C5,0.2166693828402145,0.06827596798456494,False,sub-36,SD,eyesopen,75,0
T7,0.2062101949364519,0.06486434965425923,False,sub-36,SD,eyesopen,75,0
CP1,0.15714597627102922,0.08590408464743321,False,sub-36,SD,eyesopen,75,0
CP3,0.16735834754949863,0.08152772356002223,False,sub-36,SD,eyesopen,75,0
CP5,0.17347155077753443,0.07412630722379274,False,sub-36,SD,eyesopen,75,0
TP7,0.1736037669364501,0.07108939851644187,False,sub-36,SD,eyesopen,75,0
TP9,0.17373662833294212,0.0711314813488042,False,sub-36,SD,eyesopen,75,0
Pz,0.13336526600693743,0.0765891128983297,False,sub-36,SD,eyesopen,75,0
P1,0.13824160343964054,0.07466597499141478,False,sub-36,SD,eyesopen,75,0
P3,0.1374680489021746,0.07443595935823179,False,sub-36,SD,eyesopen,75,0
P5,0.13421167847780208,0.07032887550632505,False,sub-36,SD,eyesopen,75,0
P7,0.14402754192971792,0.07236641406748166,False,sub-36,SD,eyesopen,75,0
PO3,0.1212908303521736,0.06736339520245385,False,sub-36,SD,eyesopen,75,0
PO7,0.12959085188231104,0.06585142659162417,False,sub-36,SD,eyesopen,75,0
Oz,0.12311076279158494,0.06460795709713672,False,sub-36,SD,eyesopen,75,0
O1,0.12618480677053112,0.06243970110588784,False,sub-36,SD,eyesopen,75,0
Fpz,0.13903597353402786,0.09652355435434332,False,sub-36,SD,eyesopen,75,0
Fp2,0.12898404741037053,0.08464352552611329,False,sub-36,SD,eyesopen,75,0
AF4,0.1522541727708195,0.08881622418135197,False,sub-36,SD,eyesopen,75,0
AF8,0.13754829238404645,0.08408625770124106,False,sub-36,SD,eyesopen,75,0
F2,0.17953759922334134,0.07909037370928576,False,sub-36,SD,eyesopen,75,0
F4,0.18802389308336723,0.08762951841711596,False,sub-36,SD,eyesopen,75,0
F6,0.14576283512621135,0.06085199888375244,False,sub-36,SD,eyesopen,75,0
F8,0.19715896482095446,0.08508513513276597,False,sub-36,SD,eyesopen,75,0
FC2,0.26316757075078084,0.0735828417498755,False,sub-36,SD,eyesopen,75,0
FC4,0.24461244922785022,0.07350993404156923,False,sub-36,SD,eyesopen,75,0
FC6,0.2295000681330093,0.07085755057557204,False,sub-36,SD,eyesopen,75,0
FT8,0.24511090687831186,0.081079909494663,False,sub-36,SD,eyesopen,75,0
C2,0.19352428230979893,0.08963187179221511,False,sub-36,SD,eyesopen,75,0
C4,0.20211595467772084,0.07689751277479726,False,sub-36,SD,eyesopen,75,0
C6,0.23027719693429433,0.07435308726548587,False,sub-36,SD,eyesopen,75,0
T8,0.2219112931050155,0.07500120502823351,False,sub-36,SD,eyesopen,75,0
CPz,0.1572595388972842,0.09002116509683088,False,sub-36,SD,eyesopen,75,0
CP2,0.15436629369316793,0.08644597444030962,False,sub-36,SD,eyesopen,75,0
CP4,0.16659732119997617,0.08187297221735496,False,sub-36,SD,eyesopen,75,0
CP6,0.18439987055053553,0.07588548164221941,False,sub-36,SD,eyesopen,75,0
TP8,0.19185848657282367,0.065873558021176,False,sub-36,SD,eyesopen,75,0
TP10,0.20195375321776252,0.07400959773768379,False,sub-36,SD,eyesopen,75,0
P2,0.13118333238198554,0.0793782328375383,False,sub-36,SD,eyesopen,75,0
P4,0.13466512029637723,0.0745117873412089,False,sub-36,SD,eyesopen,75,0
P6,0.14704944320938207,0.07892445577329708,False,sub-36,SD,eyesopen,75,0
P8,0.16388551187308384,0.0752453809561984,False,sub-36,SD,eyesopen,75,0
POz,0.11740350379618694,0.06957742269356158,False,sub-36,SD,eyesopen,75,0
PO4,0.11741914463231917,0.07091802001602167,False,sub-36,SD,eyesopen,75,0
PO8,0.1370300404929499,0.07118349005177667,False,sub-36,SD,eyesopen,75,0
O2,0.12325892825136489,0.06662827836659106,False,sub-36,SD,eyesopen,75,0
Fp1,0.09260157449700845,0.07715548849520303,False,sub-37,NS,eyesclosed,75,0
AF3,0.12632090849928446,0.09006652626695161,False,sub-37,NS,eyesclosed,75,0
AF7,0.07448713219525188,0.0490587763729294,False,sub-37,NS,eyesclosed,75,0
Fz,0.16563698706707558,0.07941806101404239,False,sub-37,NS,eyesclosed,75,0
F1,0.16729235090881464,0.09452725022917638,False,sub-37,NS,eyesclosed,75,0
F3,0.1509055451048063,0.0789061443267851,False,sub-37,NS,eyesclosed,75,0
F5,0.12667641328965135,0.06925150037054895,False,sub-37,NS,eyesclosed,75,0
F7,0.12934551222313645,0.07250419514393061,False,sub-37,NS,eyesclosed,75,0
FC1,0.1998693761880519,0.07560439740564533,False,sub-37,NS,eyesclosed,75,0
FC3,0.17066172464755686,0.06778113675302677,False,sub-37,NS,eyesclosed,75,0
FC5,0.1515700743339054,0.05288553153720059,False,sub-37,NS,eyesclosed,75,0
FT7,0.16521016709304015,0.06019058919608262,False,sub-37,NS,eyesclosed,75,0
Cz,0.16911733092535777,0.09030771217207037,False,sub-37,NS,eyesclosed,75,0
C1,0.19393603921020253,0.08054277644518403,False,sub-37,NS,eyesclosed,75,0
C3,0.19470850365918335,0.08128276796932457,False,sub-37,NS,eyesclosed,75,0
C5,0.1784327760651229,0.07412205917933502,False,sub-37,NS,eyesclosed,75,0
T7,0.18041927777809613,0.0700753564673905,False,sub-37,NS,eyesclosed,75,0
CP1,0.16943450248356398,0.07751581572415689,False,sub-37,NS,eyesclosed,75,0
CP3,0.1813564479410554,0.08092495259001403,False,sub-37,NS,eyesclosed,75,0
CP5,0.16962814403176898,0.06914360901889637,False,sub-37,NS,eyesclosed,75,0
TP7,0.16806054130634004,0.07588625030408155,False,sub-37,NS,eyesclosed,75,0
TP9,0.14635238043066004,0.07278886432615031,False,sub-37,NS,eyesclosed,75,0
Pz,0.1440406422547382,0.0695586428816348,False,sub-37,NS,eyesclosed,75,0
P1,0.14825622300647423,0.07134531397190448,False,sub-37,NS,eyesclosed,75,0
P3,0.14507928512487192,0.06701891908953708,False,sub-37,NS,eyesclosed,75,0
P5,0.1389668361141052,0.05790760199863641,False,sub-37,NS,eyesclosed,75,0
P7,0.14485589324379794,0.06525949462740875,False,sub-37,NS,eyesclosed,75,0
PO3,0.10592488711663599,0.04647852683037649,False,sub-37,NS,eyesclosed,75,0
PO7,0.11277118828009584,0.05025094256349147,False,sub-37,NS,eyesclosed,75,0
Oz,0.09430792446371329,0.03659582853096051,False,sub-37,NS,eyesclosed,75,0
O1,0.106603861722007,0.04321369467542393,False,sub-37,NS,eyesclosed,75,0
Fpz,0.11201556806994209,0.09798835950225342,False,sub-37,NS,eyesclosed,75,0
Fp2,0.1026212043168248,0.08218145768579187,False,sub-37,NS,eyesclosed,75,0
AF4,0.14303207079944283,0.08176561346234473,False,sub-37,NS,eyesclosed,75,0
AF8,0.12297251246102792,0.0776400471024619,False,sub-37,NS,eyesclosed,75,0
F2,0.16725554277547233,0.07538124963403868,False,sub-37,NS,eyesclosed,75,0
F4,0.16442729113843038,0.07663277441928132,False,sub-37,NS,eyesclosed,75,0
F6,0.15125345160898537,0.07670614511167005,False,sub-37,NS,eyesclosed,75,0
F8,0.17111961284652397,0.07484128147228403,False,sub-37,NS,eyesclosed,75,0
FC2,0.19073956515749077,0.0706399978626017,False,sub-37,NS,eyesclosed,75,0
FC4,0.1623632771821714,0.05828883509050713,False,sub-37,NS,eyesclosed,75,0
FC6,0.15402392064260068,0.07065184677909381,False,sub-37,NS,eyesclosed,75,0
FT8,0.1738239787691412,0.06925566267487561,False,sub-37,NS,eyesclosed,75,0
C2,0.17155302217042726,0.08454632317271286,False,sub-37,NS,eyesclosed,75,0
C4,0.17325890964398327,0.06469469630862748,False,sub-37,NS,eyesclosed,75,0
C6,0.17176091706676241,0.06665808364788293,False,sub-37,NS,eyesclosed,75,0
T8,0.14626875584199325,0.0524627646576995,False,sub-37,NS,eyesclosed,75,0
CPz,0.16248355545343832,0.08641732302884161,False,sub-37,NS,eyesclosed,75,0
CP2,0.1572263379023822,0.08452686470683754,False,sub-37,NS,eyesclosed,75,0
CP4,0.15377724226981357,0.06367724145222538,False,sub-37,NS,eyesclosed,75,0
CP6,0.15378720063643028,0.05578396041667288,False,sub-37,NS,eyesclosed,75,0
TP8,0.08294594195555437,0.035857561210397536,False,sub-37,NS,eyesclosed,75,0
TP10,0.08971801651029253,0.04012756442161088,False,sub-37,NS,eyesclosed,75,0
P2,0.14319402424242555,0.06958615050100019,False,sub-37,NS,eyesclosed,75,0
P4,0.1349424772289231,0.05821963550198523,False,sub-37,NS,eyesclosed,75,0
P6,0.13300383392805795,0.05012992569607365,False,sub-37,NS,eyesclosed,75,0
P8,0.1363098407305102,0.05260461414784117,False,sub-37,NS,eyesclosed,75,0
POz,0.12306054375345513,0.05081704039688877,False,sub-37,NS,eyesclosed,75,0
PO4,0.10904069952583269,0.04133781424974857,False,sub-37,NS,eyesclosed,75,0
PO8,0.0945129063579972,0.03631413927393253,False,sub-37,NS,eyesclosed,75,0
O2,0.07906431636759687,0.030625328335336977,False,sub-37,NS,eyesclosed,75,0
Fp1,0.10281095683205638,0.07765063781158896,False,sub-37,NS,eyesopen,75,0
AF3,0.13864007910128595,0.09264910123179793,False,sub-37,NS,eyesopen,75,0
AF7,0.08755367928039971,0.055236914495323475,False,sub-37,NS,eyesopen,75,0
Fz,0.17076422881953002,0.08351576133371312,False,sub-37,NS,eyesopen,75,0
F1,0.1623314145710369,0.08496658330804197,False,sub-37,NS,eyesopen,75,0
F3,0.16520212211810695,0.09322857676772439,False,sub-37,NS,eyesopen,75,0
F5,0.15491954752656595,0.08489721570791639,False,sub-37,NS,eyesopen,75,0
F7,0.15162910904984478,0.08879965276476316,False,sub-37,NS,eyesopen,75,0
FC1,0.199014938226294,0.07150382293864131,False,sub-37,NS,eyesopen,75,0
FC3,0.21984517024528466,0.07841427595933347,False,sub-37,NS,eyesopen,75,0
FC5,0.22171760967873966,0.07890498164818527,False,sub-37,NS,eyesopen,75,0
FT7,0.19323115360063436,0.06906792171431421,False,sub-37,NS,eyesopen,75,0
Cz,0.18993850679206697,0.09059157719029969,False,sub-37,NS,eyesopen,75,0
C1,0.20641427038057955,0.08796639525646378,False,sub-37,NS,eyesopen,75,0
C3,0.20877537732756513,0.07894013549222761,False,sub-37,NS,eyesopen,75,0
C5,0.22067319594401194,0.0773307011947921,False,sub-37,NS,eyesopen,75,0
T7,0.12975463763911002,0.05745010332672577,False,sub-37,NS,eyesopen,75,0
CP1,0.18779638382868652,0.08561089032681207,False,sub-37,NS,eyesopen,75,0
CP3,0.2032987982468237,0.08292443082418058,False,sub-37,NS,eyesopen,75,0
CP5,0.2028723204867384,0.08247592365221397,False,sub-37,NS,eyesopen,75,0
TP7,0.18861273210195384,0.07602743295307156,False,sub-37,NS,eyesopen,75,0
TP9,0.1852245603125482,0.08202563216503149,False,sub-37,NS,eyesopen,75,0
Pz,0.16566606187822291,0.07498084756885177,False,sub-37,NS,eyesopen,75,0
P1,0.17247375426175163,0.07241925881360668,False,sub-37,NS,eyesopen,75,0
P3,0.18028034233565768,0.07490524845944788,False,sub-37,NS,eyesopen,75,0
P5,0.19062863768143892,0.08148836328318103,False,sub-37,NS,eyesopen,75,0
P7,0.18155061020925878,0.07327946805630114,False,sub-37,NS,eyesopen,75,0
PO3,0.1696873689016433,0.07261599615482621,False,sub-37,NS,eyesopen,75,0
PO7,0.17427008168024297,0.07647167345006961,False,sub-37,NS,eyesopen,75,0
Oz,0.12701974416437598,0.05214911022869911,False,sub-37,NS,eyesopen,75,0
O1,0.15443188908386238,0.06672352687239018,False,sub-37,NS,eyesopen,75,0
Fpz,0.11344511080529594,0.0877609973444964,False,sub-37,NS,eyesopen,75,0
Fp2,0.10974160446751716,0.07560432961511568,False,sub-37,NS,eyesopen,75,0
AF4,0.15433945290115303,0.07947295393706763,False,sub-37,NS,eyesopen,75,0
AF8,0.1396243636198417,0.0703388288373986,False,sub-37,NS,eyesopen,75,0
F2,0.17962009391840486,0.06734688136549777,False,sub-37,NS,eyesopen,75,0
F4,0.18628316101220713,0.06974302153130008,False,sub-37,NS,eyesopen,75,0
F6,0.19542708952619886,0.0725243274869342,False,sub-37,NS,eyesopen,75,0
F8,0.2009142334569971,0.0728231324363543,False,sub-37,NS,eyesopen,75,0
FC2,0.1947286447232711,0.06331832749289196,False,sub-37,NS,eyesopen,75,0
FC4,0.22109345936859043,0.06956296330712618,False,sub-37,NS,eyesopen,75,0
FC6,0.22726942869833602,0.07756322231991826,False,sub-37,NS,eyesopen,75,0
FT8,0.21351206805458028,0.07744214835156958,False,sub-37,NS,eyesopen,75,0
C2,0.19032473363506927,0.07836433001652006,False,sub-37,NS,eyesopen,75,0
C4,0.19734341524400573,0.07194133572307292,False,sub-37,NS,eyesopen,75,0
C6,0.20689524351148839,0.07986119174430394,False,sub-37,NS,eyesopen,75,0
T8,0.20952973774183126,0.08365340993724722,False,sub-37,NS,eyesopen,75,0
CPz,0.17784781077097703,0.07730288597845704,False,sub-37,NS,eyesopen,75,0
CP2,0.17432619674691863,0.08024133232683592,False,sub-37,NS,eyesopen,75,0
CP4,0.16635326882935583,0.06845903168378631,False,sub-37,NS,eyesopen,75,0
CP6,0.18123651596819823,0.07368378743081817,False,sub-37,NS,eyesopen,75,0
TP8,0.18628825044667868,0.07789436118377661,False,sub-37,NS,eyesopen,75,0
TP10,0.17638172508947933,0.07972686829832586,False,sub-37,NS,eyesopen,75,0
P2,0.1611600391767561,0.0672201173434433,False,sub-37,NS,eyesopen,75,0
P4,0.15093116263758338,0.062256303231787095,False,sub-37,NS,eyesopen,75,0
P6,0.14823811629374475,0.06089347408641661,False,sub-37,NS,eyesopen,75,0
P8,0.17249532258215278,0.07507112628448476,False,sub-37,NS,eyesopen,75,0
POz,0.1615715817401185,0.06721518027392263,False,sub-37,NS,eyesopen,75,0
PO4,0.12236241506374412,0.05166693328206483,False,sub-37,NS,eyesopen,75,0
PO8,0.15531935163521848,0.06817350487249706,False,sub-37,NS,eyesopen,75,0
O2,0.10814356926963226,0.04789888590688248,False,sub-37,NS,eyesopen,75,0
Fp1,0.12742556498361454,0.11457698712671081,False,sub-37,SD,eyesclosed,75,0
AF3,0.16389614214430903,0.1288065522105154,False,sub-37,SD,eyesclosed,75,0
AF7,0.12529222374145788,0.10286479019008465,False,sub-37,SD,eyesclosed,75,0
Fz,0.19453677948426354,0.1202459868100583,False,sub-37,SD,eyesclosed,75,0
F1,0.19275336150206734,0.11494488084998672,False,sub-37,SD,eyesclosed,75,0
F3,0.15021368505085572,0.09003982798995079,False,sub-37,SD,eyesclosed,75,0
F5,0.14892043772183988,0.09373740927256002,False,sub-37,SD,eyesclosed,75,0
F7,0.14923299586513067,0.093758359640287,False,sub-37,SD,eyesclosed,75,0
FC1,0.19236437932208125,0.07677658859743187,False,sub-37,SD,eyesclosed,75,0
FC3,0.18548515789747785,0.08360568430239572,False,sub-37,SD,eyesclosed,75,0
FC5,0.14578835550027494,0.07507644004723507,False,sub-37,SD,eyesclosed,75,0
FT7,0.22139423593257712,0.08015273037927607,False,sub-37,SD,eyesclosed,75,0
Cz,0.1982603386612426,0.10898795446207656,False,sub-37,SD,eyesclosed,75,0
C1,0.20303511756104878,0.08881570358797719,False,sub-37,SD,eyesclosed,75,0
C3,0.19555410638019594,0.08124743380197513,False,sub-37,SD,eyesclosed,75,0
C5,0.20510307310974477,0.08758702139940203,False,sub-37,SD,eyesclosed,75,0
T7,0.21790529356766342,0.08958466045255742,False,sub-37,SD,eyesclosed,75,0
CP1,0.20955485434224103,0.11181681879379238,False,sub-37,SD,eyesclosed,75,0
CP3,0.21876901232987858,0.10217069759119116,False,sub-37,SD,eyesclosed,75,0
CP5,0.2122878610032575,0.10653779885682883,False,sub-37,SD,eyesclosed,75,0
TP7,0.21925365306304329,0.11273455627181875,False,sub-37,SD,eyesclosed,75,0
TP9,0.20786377525637176,0.11955923684953812,False,sub-37,SD,eyesclosed,75,0
Pz,0.20605917371020246,0.12945866532212186,False,sub-37,SD,eyesclosed,75,0
P1,0.20807179646110777,0.12374581136671003,False,sub-37,SD,eyesclosed,75,0
P3,0.2096689783260001,0.12139686494596234,False,sub-37,SD,eyesclosed,75,0
P5,0.21356049746238256,0.1175685873239946,False,sub-37,SD,eyesclosed,75,0
P7,0.2074143029946079,0.11265149924848002,False,sub-37,SD,eyesclosed,75,0
PO3,0.19926013502225676,0.12326721361220642,False,sub-37,SD,eyesclosed,75,0
PO7,0.20530982508923826,0.11871270653698102,False,sub-37,SD,eyesclosed,75,0
Oz,0.19124924412625133,0.11598206874544163,False,sub-37,SD,eyesclosed,75,0
O1,0.19481996317201475,0.11517878905615184,False,sub-37,SD,eyesclosed,75,0
Fpz,0.1461433384871014,0.13645929980029015,False,sub-37,SD,eyesclosed,75,0
Fp2,0.12576175833380623,0.11177857746967286,False,sub-37,SD,eyesclosed,75,0
AF4,0.17816197027169675,0.12945170974963152,False,sub-37,SD,eyesclosed,75,0
AF8,0.1835346758639829,0.1289831052804862,False,sub-37,SD,eyesclosed,75,0
F2,0.18008869367780012,0.10467384926240249,False,sub-37,SD,eyesclosed,75,0
F4,0.20623362284206334,0.10659448899827778,False,sub-37,SD,eyesclosed,75,0
F6,0.21670371328049834,0.11411221812371922,False,sub-37,SD,eyesclosed,75,0
F8,0.24222525647164214,0.10470376501452655,False,sub-37,SD,eyesclosed,75,0
FC2,0.2223728311017309,0.09194724414473739,False,sub-37,SD,eyesclosed,75,0
FC4,0.24381131413519122,0.09561287932236301,False,sub-37,SD,eyesclosed,75,0
FC6,0.25456894184532086,0.09729166461371336,False,sub-37,SD,eyesclosed,75,0
FT8,0.26058590058276976,0.10705697922539145,False,sub-37,SD,eyesclosed,75,0
C2,0.2087101375833415,0.11560383458329915,False,sub-37,SD,eyesclosed,75,0
C4,0.22447951999776844,0.10928064817134223,False,sub-37,SD,eyesclosed,75,0
C6,0.2429215415310568,0.11370091752925618,False,sub-37,SD,eyesclosed,75,0
T8,0.24169916384339654,0.11889472807858885,False,sub-37,SD,eyesclosed,75,0
CPz,0.20710229888340373,0.12240204082755896,False,sub-37,SD,eyesclosed,75,0
CP2,0.20432528725100024,0.12611784775489265,False,sub-37,SD,eyesclosed,75,0
CP4,0.20937618592368754,0.12470739007093327,False,sub-37,SD,eyesclosed,75,0
CP6,0.22196107243169214,0.12218030835576843,False,sub-37,SD,eyesclosed,75,0
TP8,0.21207902830322076,0.11321633049174067,False,sub-37,SD,eyesclosed,75,0
TP10,0.16960525778801228,0.09727803034293679,False,sub-37,SD,eyesclosed,75,0
P2,0.20352354673530673,0.13274156236778864,False,sub-37,SD,eyesclosed,75,0
P4,0.19805067448787164,0.13460880237946718,False,sub-37,SD,eyesclosed,75,0
P6,0.1977540325145127,0.12826143022184888,False,sub-37,SD,eyesclosed,75,0
P8,0.2098384205230305,0.1244712247498719,False,sub-37,SD,eyesclosed,75,0
POz,0.204842748762645,0.1325979205250754,False,sub-37,SD,eyesclosed,75,0
PO4,0.1848713783894451,0.12371317980967363,False,sub-37,SD,eyesclosed,75,0
PO8,0.19029162451747403,0.11800639495975465,False,sub-37,SD,eyesclosed,75,0
O2,0.18863478614344145,0.11584248276523582,False,sub-37,SD,eyesclosed,75,0
Fp1,0.13116290189728164,0.09486355609423282,False,sub-37,SD,eyesopen,75,0
AF3,0.1974181104868445,0.12709220457443826,False,sub-37,SD,eyesopen,75,0
AF7,0.10855870845754588,0.08444402735121134,False,sub-37,SD,eyesopen,75,0
Fz,0.2207985489234658,0.1240595077758605,False,sub-37,SD,eyesopen,75,0
F1,0.22563402751861644,0.12267037910466771,False,sub-37,SD,eyesopen,75,0
F3,0.2177812250100362,0.11801322184024762,False,sub-37,SD,eyesopen,75,0
F5,0.17719060615961857,0.10646573464589837,False,sub-37,SD,eyesopen,75,0
F7,0.16863932968510387,0.10129272330727929,False,sub-37,SD,eyesopen,75,0
FC1,0.15221669081179076,0.07835611037945456,False,sub-37,SD,eyesopen,75,0
FC3,0.23685610338601104,0.10869378732174749,False,sub-37,SD,eyesopen,75,0
FC5,0.23922796712309993,0.10158094112303934,False,sub-37,SD,eyesopen,75,0
FT7,0.19844551697665413,0.11328423578248656,False,sub-37,SD,eyesopen,75,0
Cz,0.2215948989449266,0.11486575196027698,False,sub-37,SD,eyesopen,75,0
C1,0.2050182747913975,0.08711991320437473,False,sub-37,SD,eyesopen,75,0
C3,0.23959201925703438,0.08653679897254338,False,sub-37,SD,eyesopen,75,0
C5,0.25172502356854837,0.09003760102858396,False,sub-37,SD,eyesopen,75,0
T7,0.24654414884980388,0.10972001401873155,False,sub-37,SD,eyesopen,75,0
CP1,0.23658668799665156,0.11261577871440943,False,sub-37,SD,eyesopen,75,0
CP3,0.25289874901056997,0.10646651191374638,False,sub-37,SD,eyesopen,75,0
CP5,0.24990765935912534,0.09995571242485718,False,sub-37,SD,eyesopen,75,0
TP7,0.2470637071419759,0.10540569830647688,False,sub-37,SD,eyesopen,75,0
TP9,0.24677667017395188,0.11153584916344472,False,sub-37,SD,eyesopen,75,0
Pz,0.22827330095452592,0.1200573903322901,False,sub-37,SD,eyesopen,75,0
P1,0.23343238563311577,0.11663635915314038,False,sub-37,SD,eyesopen,75,0
P3,0.23426773569074996,0.11760566166156945,False,sub-37,SD,eyesopen,75,0
P5,0.2365743584986835,0.11174020356244527,False,sub-37,SD,eyesopen,75,0
P7,0.23478856942623266,0.11116002011047667,False,sub-37,SD,eyesopen,75,0
PO3,0.21308463595329669,0.11927410648723179,False,sub-37,SD,eyesopen,75,0
PO7,0.22572951796535154,0.11785065295291312,False,sub-37,SD,eyesopen,75,0
Oz,0.2184648890143847,0.12631423821515436,False,sub-37,SD,eyesopen,75,0
O1,0.21449445494817876,0.11764957609256113,False,sub-37,SD,eyesopen,75,0
Fpz,0.16810885518143903,0.12732808826776867,False,sub-37,SD,eyesopen,75,0
Fp2,0.10933139277356593,0.08629150704115207,False,sub-37,SD,eyesopen,75,0
AF4,0.2083875230146254,0.13961979167940655,False,sub-37,SD,eyesopen,75,0
AF8,0.20101056034762704,0.13061059299559458,False,sub-37,SD,eyesopen,75,0
F2,0.23047807771301948,0.12949002474605384,False,sub-37,SD,eyesopen,75,0
F4,0.23435280824324617,0.13340804552186963,False,sub-37,SD,eyesopen,75,0
F6,0.24266294411974926,0.12846829411955749,False,sub-37,SD,eyesopen,75,0
F8,0.2350407765648975,0.10999062273282315,False,sub-37,SD,eyesopen,75,0
FC2,0.23676990258372504,0.09462751622826092,False,sub-37,SD,eyesopen,75,0
FC4,0.2577679311127572,0.10274437852850535,False,sub-37,SD,eyesopen,75,0
FC6,0.24274624593265073,0.11889422783531696,False,sub-37,SD,eyesopen,75,0
FT8,0.2666700573570035,0.11579236439354726,False,sub-37,SD,eyesopen,75,0
C2,0.23005541825010908,0.10737173155302573,False,sub-37,SD,eyesopen,75,0
C4,0.23871597564708968,0.10236058003708398,False,sub-37,SD,eyesopen,75,0
C6,0.25585534577059527,0.11221292849300371,False,sub-37,SD,eyesopen,75,0
T8,0.25037613271274933,0.1257201193576504,False,sub-37,SD,eyesopen,75,0
CPz,0.23272244135503986,0.11732580521029047,False,sub-37,SD,eyesopen,75,0
CP2,0.22629266283157218,0.114813095669317,False,sub-37,SD,eyesopen,75,0
CP4,0.2255819738544576,0.11376803247441092,False,sub-37,SD,eyesopen,75,0
CP6,0.23355347154837058,0.12215816814441272,False,sub-37,SD,eyesopen,75,0
TP8,0.22772998968162203,0.12308009532484253,False,sub-37,SD,eyesopen,75,0
TP10,0.19724639848682968,0.1091940940373245,False,sub-37,SD,eyesopen,75,0
P2,0.22293438834411453,0.1209895406409121,False,sub-37,SD,eyesopen,75,0
P4,0.20871152681726385,0.12751809751818943,False,sub-37,SD,eyesopen,75,0
P6,0.20676287722209832,0.12970547177177735,False,sub-37,SD,eyesopen,75,0
P8,0.22297494295579467,0.13299203277052735,False,sub-37,SD,eyesopen,75,0
POz,0.2137558857926458,0.12178007248731258,False,sub-37,SD,eyesopen,75,0
PO4,0.18454319223596607,0.11296726556622706,False,sub-37,SD,eyesopen,75,0
PO8,0.1943234674851548,0.11882801685200085,False,sub-37,SD,eyesopen,75,0
O2,0.20675800643946682,0.11951072784670638,False,sub-37,SD,eyesopen,75,0
Fp1,0.24138333755910366,0.11033794010594929,False,sub-38,NS,eyesclosed,75,0
AF3,0.26615191288683104,0.10475737559621619,False,sub-38,NS,eyesclosed,75,0
AF7,0.20466698071122744,0.09864832025065988,False,sub-38,NS,eyesclosed,75,0
Fz,0.24291644146380414,0.10241543810906956,False,sub-38,NS,eyesclosed,75,0
F1,0.25332625548299653,0.09821945330982747,False,sub-38,NS,eyesclosed,75,0
F3,0.2698844759371466,0.09991650094910431,False,sub-38,NS,eyesclosed,75,0
F5,0.25716699457709463,0.11218172255118852,False,sub-38,NS,eyesclosed,75,0
F7,0.2267101742485876,0.11135859953238689,False,sub-38,NS,eyesclosed,75,0
FC1,0.16277756448296649,0.06252795567911815,False,sub-38,NS,eyesclosed,75,0
FC3,0.25077132656177337,0.09901813174459631,False,sub-38,NS,eyesclosed,75,0
FC5,0.24389398611256827,0.09837820055663436,False,sub-38,NS,eyesclosed,75,0
FT7,0.21402706481274308,0.09563599790512484,False,sub-38,NS,eyesclosed,75,0
Cz,0.19470920481809448,0.0771292602298292,False,sub-38,NS,eyesclosed,75,0
C1,0.2137755169286945,0.07752971383251138,False,sub-38,NS,eyesclosed,75,0
C3,0.26817253051410234,0.08798687603328305,False,sub-38,NS,eyesclosed,75,0
C5,0.16703039652185472,0.06572681807148006,False,sub-38,NS,eyesclosed,75,0
T7,0.2139163458018974,0.09172814282062733,False,sub-38,NS,eyesclosed,75,0
CP1,0.16136585365334824,0.0644822568001688,False,sub-38,NS,eyesclosed,75,0
CP3,0.2724324634867166,0.09282165673490758,False,sub-38,NS,eyesclosed,75,0
CP5,0.26310821858086714,0.09596497128152234,False,sub-38,NS,eyesclosed,75,0
TP7,0.24823927458131603,0.08935640992320577,False,sub-38,NS,eyesclosed,75,0
TP9,0.2259822252465544,0.08719460925495752,False,sub-38,NS,eyesclosed,75,0
Pz,0.24047120562171215,0.09846336483802712,False,sub-38,NS,eyesclosed,75,0
P1,0.24115751014958073,0.09414219922684332,False,sub-38,NS,eyesclosed,75,0
P3,0.25663092133425075,0.09836508101353865,False,sub-38,NS,eyesclosed,75,0
P5,0.2535013471463626,0.09411358436745872,False,sub-38,NS,eyesclosed,75,0
P7,0.25813570857153645,0.09357540983319625,False,sub-38,NS,eyesclosed,75,0
PO3,0.2395375454152331,0.10320194583695927,False,sub-38,NS,eyesclosed,75,0
PO7,0.24357028396059216,0.09730256032591363,False,sub-38,NS,eyesclosed,75,0
Oz,0.2598234775254588,0.11387810268190153,False,sub-38,NS,eyesclosed,75,0
O1,0.2547498869338933,0.10730220650042979,False,sub-38,NS,eyesclosed,75,0
Fpz,0.2303189805977624,0.09593893387544948,False,sub-38,NS,eyesclosed,75,0
Fp2,0.20831700859746663,0.11143583633090479,False,sub-38,NS,eyesclosed,75,0
AF4,0.2775159195570699,0.10979754941696027,False,sub-38,NS,eyesclosed,75,0
AF8,0.23144117851187873,0.09837231571985507,False,sub-38,NS,eyesclosed,75,0
F2,0.22594188304506393,0.09891861765864762,False,sub-38,NS,eyesclosed,75,0
F4,0.2722953340356139,0.10476926121385724,False,sub-38,NS,eyesclosed,75,0
F6,0.2650053796058954,0.1009376620004318,False,sub-38,NS,eyesclosed,75,0
F8,0.26128497879161366,0.09850309927450854,False,sub-38,NS,eyesclosed,75,0
FC2,0.21243120665864518,0.08390435652609167,False,sub-38,NS,eyesclosed,75,0
FC4,0.26611715567942,0.09866278101153071,False,sub-38,NS,eyesclosed,75,0
FC6,0.2746797387366984,0.10539740690603183,False,sub-38,NS,eyesclosed,75,0
FT8,0.2567703200221624,0.09869315585276764,False,sub-38,NS,eyesclosed,75,0
C2,0.1879705716773629,0.07575933840002372,False,sub-38,NS,eyesclosed,75,0
C4,0.26195039719661417,0.1054986101220253,False,sub-38,NS,eyesclosed,75,0
C6,0.25965745929783374,0.11236746031597732,False,sub-38,NS,eyesclosed,75,0
T8,0.2557804211672113,0.1058031723539088,False,sub-38,NS,eyesclosed,75,0
CPz,0.23901205672529238,0.09101599488229208,False,sub-38,NS,eyesclosed,75,0
CP2,0.23595663936112718,0.09563612332167319,False,sub-38,NS,eyesclosed,75,0
CP4,0.24564354162139973,0.11104968589474208,False,sub-38,NS,eyesclosed,75,0
CP6,0.24528989184162114,0.1202035821745394,False,sub-38,NS,eyesclosed,75,0
TP8,0.18832273171457556,0.09712059558481853,False,sub-38,NS,eyesclosed,75,0
TP10,0.2566081057742375,0.10916876970598723,False,sub-38,NS,eyesclosed,75,0
P2,0.23213451312694905,0.10263236754718477,False,sub-38,NS,eyesclosed,75,0
P4,0.2229451310520311,0.11089385476251178,False,sub-38,NS,eyesclosed,75,0
P6,0.22386542892469494,0.11692161586022075,False,sub-38,NS,eyesclosed,75,0
P8,0.23656952942027837,0.12018441179475713,False,sub-38,NS,eyesclosed,75,0
POz,0.23484143998900914,0.10340844974138572,False,sub-38,NS,eyesclosed,75,0
PO4,0.22434203428669644,0.11347206630997997,False,sub-38,NS,eyesclosed,75,0
PO8,0.23208708063653602,0.11169204285009848,False,sub-38,NS,eyesclosed,75,0
O2,0.2594499422179228,0.11155061254762015,False,sub-38,NS,eyesclosed,75,0
Fp1,0.1089766366066281,0.06318659066720647,False,sub-38,NS,eyesopen,75,0
AF3,0.1490005269943426,0.08564868740481371,False,sub-38,NS,eyesopen,75,0
AF7,0.10238467956132094,0.054453057753490505,False,sub-38,NS,eyesopen,75,0
Fz,0.1496477030968442,0.07828636560565591,False,sub-38,NS,eyesopen,75,0
F1,0.15951120138647512,0.07641334661131843,False,sub-38,NS,eyesopen,75,0
F3,0.16613623516964415,0.0827264122818084,False,sub-38,NS,eyesopen,75,0
F5,0.134976041986641,0.07400323349801523,False,sub-38,NS,eyesopen,75,0
F7,0.17196355039676112,0.09534476338510661,False,sub-38,NS,eyesopen,75,0
FC1,0.13950024071178072,0.05655856523317118,False,sub-38,NS,eyesopen,75,0
FC3,0.19240820624398905,0.07472514282476359,False,sub-38,NS,eyesopen,75,0
FC5,0.19351111408449617,0.07380213274354136,False,sub-38,NS,eyesopen,75,0
FT7,0.20158855264275558,0.08305320268166179,False,sub-38,NS,eyesopen,75,0
Cz,0.12167010743616266,0.05233459860644794,False,sub-38,NS,eyesopen,75,0
C1,0.13484690102444516,0.05903255245821056,False,sub-38,NS,eyesopen,75,0
C3,0.16976429739537713,0.06851904919218017,False,sub-38,NS,eyesopen,75,0
C5,0.139735136289022,0.057080323497972374,False,sub-38,NS,eyesopen,75,0
T7,0.19009818110143606,0.07640803130706694,False,sub-38,NS,eyesopen,75,0
CP1,0.07447815006674109,0.028737822274712544,False,sub-38,NS,eyesopen,75,0
CP3,0.14061710605546748,0.07008053070575697,False,sub-38,NS,eyesopen,75,0
CP5,0.18011457172740822,0.07192679584954895,False,sub-38,NS,eyesopen,75,0
TP7,0.18294577230281006,0.07893552909271238,False,sub-38,NS,eyesopen,75,0
TP9,0.14738137579254582,0.060491796049636795,False,sub-38,NS,eyesopen,75,0
Pz,0.13972655175689827,0.05901844902933837,False,sub-38,NS,eyesopen,75,0
P1,0.13484843914612804,0.0588732932766475,False,sub-38,NS,eyesopen,75,0
P3,0.1497975400741259,0.06478143044659791,False,sub-38,NS,eyesopen,75,0
P5,0.1661314357652605,0.0675863399114848,False,sub-38,NS,eyesopen,75,0
P7,0.17884751565400578,0.07713436698611974,False,sub-38,NS,eyesopen,75,0
PO3,0.1511713149138792,0.062409503914119334,False,sub-38,NS,eyesopen,75,0
PO7,0.15729282525085647,0.06998726058827529,False,sub-38,NS,eyesopen,75,0
Oz,0.12408870512258098,0.052020933619615094,False,sub-38,NS,eyesopen,75,0
O1,0.143986331363832,0.05835007209419405,False,sub-38,NS,eyesopen,75,0
Fpz,0.14004104983355384,0.08171447918407249,False,sub-38,NS,eyesopen,75,0
Fp2,0.1480701719448261,0.08970650500931465,False,sub-38,NS,eyesopen,75,0
AF4,0.17877025491552256,0.09871837483941602,False,sub-38,NS,eyesopen,75,0
AF8,0.1642346618830297,0.0728965794253614,False,sub-38,NS,eyesopen,75,0
F2,0.1322702986190579,0.06512779507665824,False,sub-38,NS,eyesopen,75,0
F4,0.20260882652797835,0.08474919040072082,False,sub-38,NS,eyesopen,75,0
F6,0.2161366893122013,0.0823647762772576,False,sub-38,NS,eyesopen,75,0
F8,0.24544071508448884,0.08738253158133477,False,sub-38,NS,eyesopen,75,0
FC2,0.15502867537253653,0.05762780296048115,False,sub-38,NS,eyesopen,75,0
FC4,0.21817041872651502,0.08105262862560048,False,sub-38,NS,eyesopen,75,0
FC6,0.23243822766209352,0.07599289129742046,False,sub-38,NS,eyesopen,75,0
FT8,0.21357897989546998,0.07929093551988767,False,sub-38,NS,eyesopen,75,0
C2,0.12045779239914477,0.04596601651936239,False,sub-38,NS,eyesopen,75,0
C4,0.18607336031715613,0.07837322099732005,False,sub-38,NS,eyesopen,75,0
C6,0.18979108407982592,0.07612092649689742,False,sub-38,NS,eyesopen,75,0
T8,0.19027449974781835,0.07857616483772946,False,sub-38,NS,eyesopen,75,0
CPz,0.13349565618200518,0.05538385652048639,False,sub-38,NS,eyesopen,75,0
CP2,0.14645876027202445,0.06102727012525216,False,sub-38,NS,eyesopen,75,0
CP4,0.160568533419716,0.06571921489617408,False,sub-38,NS,eyesopen,75,0
CP6,0.16463848164567277,0.07124650486229785,False,sub-38,NS,eyesopen,75,0
TP8,0.13224127034036365,0.057753263430908,False,sub-38,NS,eyesopen,75,0
TP10,0.15013670037750604,0.06731653787593747,False,sub-38,NS,eyesopen,75,0
P2,0.14117536701860245,0.05911928069699399,False,sub-38,NS,eyesopen,75,0
P4,0.1428714670462013,0.06190716290526051,False,sub-38,NS,eyesopen,75,0
P6,0.14202197656904483,0.06476797627696586,False,sub-38,NS,eyesopen,75,0
P8,0.14526842786030572,0.06864420015360219,False,sub-38,NS,eyesopen,75,0
POz,0.14053122940558965,0.0595766126236935,False,sub-38,NS,eyesopen,75,0
PO4,0.13372719448875584,0.05987665825565862,False,sub-38,NS,eyesopen,75,0
PO8,0.13350337860589107,0.06360656585720494,False,sub-38,NS,eyesopen,75,0
O2,0.13324414582732785,0.05748629949736278,False,sub-38,NS,eyesopen,75,0
Fp1,0.2996596996527863,0.12358462181437278,False,sub-38,SD,eyesclosed,75,0
AF3,0.3063868801157805,0.12437172930240242,False,sub-38,SD,eyesclosed,75,0
AF7,0.26189128929116606,0.1142340033439068,False,sub-38,SD,eyesclosed,75,0
Fz,0.33041205320292655,0.1423060006834331,False,sub-38,SD,eyesclosed,75,0
F1,0.31279105700383025,0.12529905459863136,False,sub-38,SD,eyesclosed,75,0
F3,0.28989041811219485,0.11651547432510087,False,sub-38,SD,eyesclosed,75,0
F5,0.27439689851943233,0.1089211895901712,False,sub-38,SD,eyesclosed,75,0
F7,0.26206677357954516,0.10534635529489828,False,sub-38,SD,eyesclosed,75,0
FC1,0.2673598219960996,0.11521820809962058,False,sub-38,SD,eyesclosed,75,0
FC3,0.2744027471259495,0.10910061912614476,False,sub-38,SD,eyesclosed,75,0
FC5,0.2874607957763342,0.10136503336991676,False,sub-38,SD,eyesclosed,75,0
FT7,0.2848404090383715,0.1009600629305462,False,sub-38,SD,eyesclosed,75,0
Cz,0.29412445288883665,0.11969898361189228,False,sub-38,SD,eyesclosed,75,0
C1,0.2756553819911394,0.12488272528952293,False,sub-38,SD,eyesclosed,75,0
C3,0.26983688961144847,0.12172678084210099,False,sub-38,SD,eyesclosed,75,0
C5,0.29893137767778993,0.10849321464338069,False,sub-38,SD,eyesclosed,75,0
T7,0.29739831916882875,0.10399063185635611,False,sub-38,SD,eyesclosed,75,0
CP1,0.29241492344933245,0.12928192971148456,False,sub-38,SD,eyesclosed,75,0
CP3,0.28793316452592393,0.1255550468005515,False,sub-38,SD,eyesclosed,75,0
CP5,0.3114101646678515,0.1143894185019221,False,sub-38,SD,eyesclosed,75,0
TP7,0.31922905386228284,0.11153329170384975,False,sub-38,SD,eyesclosed,75,0
TP9,0.32869156505183794,0.11097095643921794,False,sub-38,SD,eyesclosed,75,0
Pz,0.30783651204154555,0.12911633591746316,False,sub-38,SD,eyesclosed,75,0
P1,0.29882389259503855,0.12787843325194265,False,sub-38,SD,eyesclosed,75,0
P3,0.29850903114408606,0.12371612907443133,False,sub-38,SD,eyesclosed,75,0
P5,0.3141371176347413,0.11934436510114636,False,sub-38,SD,eyesclosed,75,0
P7,0.33618233172864664,0.11644227449009488,False,sub-38,SD,eyesclosed,75,0
PO3,0.2979565341100238,0.12217900368887497,False,sub-38,SD,eyesclosed,75,0
PO7,0.3341057039378183,0.11753791676787188,False,sub-38,SD,eyesclosed,75,0
Oz,0.3138685493988687,0.10815016540620907,False,sub-38,SD,eyesclosed,75,0
O1,0.32071330573506773,0.11298700968114589,False,sub-38,SD,eyesclosed,75,0
Fpz,0.2884177806136955,0.12274083426775306,False,sub-38,SD,eyesclosed,75,0
Fp2,0.2816663841396309,0.12564366348532313,False,sub-38,SD,eyesclosed,75,0
AF4,0.2968836699923089,0.1277739973773269,False,sub-38,SD,eyesclosed,75,0
AF8,0.2612800485682749,0.1287170571353102,False,sub-38,SD,eyesclosed,75,0
F2,0.30986195605766453,0.13408881257284558,False,sub-38,SD,eyesclosed,75,0
F4,0.2897323152693679,0.1257892605777464,False,sub-38,SD,eyesclosed,75,0
F6,0.28194974201683026,0.12645630263670354,False,sub-38,SD,eyesclosed,75,0
F8,0.2681776716751955,0.12792699761327705,False,sub-38,SD,eyesclosed,75,0
FC2,0.2778933139314781,0.1212691696604394,False,sub-38,SD,eyesclosed,75,0
FC4,0.286033911608842,0.12542269968080907,False,sub-38,SD,eyesclosed,75,0
FC6,0.29375103306560146,0.12562926511146552,False,sub-38,SD,eyesclosed,75,0
FT8,0.29503988518649754,0.1237461026020623,False,sub-38,SD,eyesclosed,75,0
C2,0.27818684396997234,0.11830120586716539,False,sub-38,SD,eyesclosed,75,0
C4,0.28030917848932907,0.12680651892828745,False,sub-38,SD,eyesclosed,75,0
C6,0.30033596320110517,0.12363895837590602,False,sub-38,SD,eyesclosed,75,0
T8,0.30387991566811046,0.11950936232281732,False,sub-38,SD,eyesclosed,75,0
CPz,0.3047106603170381,0.12439460716949748,False,sub-38,SD,eyesclosed,75,0
CP2,0.29492961529906525,0.12407816412906209,False,sub-38,SD,eyesclosed,75,0
CP4,0.28995683121274707,0.12667740916906647,False,sub-38,SD,eyesclosed,75,0
CP6,0.3013398955040452,0.12471279557915142,False,sub-38,SD,eyesclosed,75,0
TP8,0.3180778095455286,0.12071790246991977,False,sub-38,SD,eyesclosed,75,0
TP10,0.322280603702651,0.11834459067134291,False,sub-38,SD,eyesclosed,75,0
P2,0.2996111665155684,0.1266797955382323,False,sub-38,SD,eyesclosed,75,0
P4,0.28812298329498687,0.12493431629433942,False,sub-38,SD,eyesclosed,75,0
P6,0.29387734069176435,0.1217484259699919,False,sub-38,SD,eyesclosed,75,0
P8,0.3188903549938673,0.12072132959728793,False,sub-38,SD,eyesclosed,75,0
POz,0.31496566725130803,0.1280214471093795,False,sub-38,SD,eyesclosed,75,0
PO4,0.29749649946770584,0.12556993140956432,False,sub-38,SD,eyesclosed,75,0
PO8,0.301999064244745,0.11818750415462466,False,sub-38,SD,eyesclosed,75,0
O2,0.2958452508263908,0.10949921011567341,False,sub-38,SD,eyesclosed,75,0
Fp1,0.08117011080707853,0.09486671170241283,False,sub-38,SD,eyesopen,75,0
AF3,0.12438627017215495,0.12123707217359735,False,sub-38,SD,eyesopen,75,0
AF7,0.10058968206849755,0.10133697501645628,False,sub-38,SD,eyesopen,75,0
Fz,0.16904516524085553,0.12643711681740952,False,sub-38,SD,eyesopen,75,0
F1,0.17321330409440266,0.11443933319098698,False,sub-38,SD,eyesopen,75,0
F3,0.15998645252785157,0.10333022429855376,False,sub-38,SD,eyesopen,75,0
F5,0.15450591926567303,0.10595042146231876,False,sub-38,SD,eyesopen,75,0
F7,0.16169911005948795,0.10835660144050609,False,sub-38,SD,eyesopen,75,0
FC1,0.21263572918459722,0.08854992599646871,False,sub-38,SD,eyesopen,75,0
FC3,0.21571769538583543,0.0924865374462696,False,sub-38,SD,eyesopen,75,0
FC5,0.2319645436458023,0.09901055753468822,False,sub-38,SD,eyesopen,75,0
FT7,0.2312168193319683,0.10694684055052639,False,sub-38,SD,eyesopen,75,0
Cz,0.18131481585178533,0.08593377369517766,False,sub-38,SD,eyesopen,75,0
C1,0.18376082947179925,0.0782737220944832,False,sub-38,SD,eyesopen,75,0
C3,0.20762316337098272,0.09798340474134745,False,sub-38,SD,eyesopen,75,0
C5,0.2337941986142549,0.09915519911958498,False,sub-38,SD,eyesopen,75,0
T7,0.21983050096672008,0.09987035381280812,False,sub-38,SD,eyesopen,75,0
CP1,0.17540301849463671,0.078117392954487,False,sub-38,SD,eyesopen,75,0
CP3,0.18998559934882692,0.08292937539928351,False,sub-38,SD,eyesopen,75,0
CP5,0.21934277195691176,0.09514915152216197,False,sub-38,SD,eyesopen,75,0
TP7,0.2232991880283302,0.09805469148304986,False,sub-38,SD,eyesopen,75,0
TP9,0.19296912498330474,0.10006075254021367,False,sub-38,SD,eyesopen,75,0
Pz,0.1759294844501488,0.08487124572958592,False,sub-38,SD,eyesopen,75,0
P1,0.1729609256080386,0.07838664430667541,False,sub-38,SD,eyesopen,75,0
P3,0.17796778774710895,0.0846608603782001,False,sub-38,SD,eyesopen,75,0
P5,0.19725471385522192,0.09182255652932785,False,sub-38,SD,eyesopen,75,0
P7,0.22028110284363797,0.10376024188342807,False,sub-38,SD,eyesopen,75,0
PO3,0.16514875156196696,0.08281082045044312,False,sub-38,SD,eyesopen,75,0
PO7,0.20280314492496213,0.10174225187655256,False,sub-38,SD,eyesopen,75,0
Oz,0.18597284416560395,0.10464685333201788,False,sub-38,SD,eyesopen,75,0
O1,0.18573832597567919,0.1025514682534231,False,sub-38,SD,eyesopen,75,0
Fpz,0.07888287323292938,0.07992503800533775,False,sub-38,SD,eyesopen,75,0
Fp2,0.09352052083568513,0.10307484836044474,False,sub-38,SD,eyesopen,75,0
AF4,0.12448201715317933,0.1074793503297156,False,sub-38,SD,eyesopen,75,0
AF8,0.1235353120976829,0.09189245303835158,False,sub-38,SD,eyesopen,75,0
F2,0.170857767283135,0.09239903450228529,False,sub-38,SD,eyesopen,75,0
F4,0.17938576543109488,0.08768421600565712,False,sub-38,SD,eyesopen,75,0
F6,0.188820979914025,0.09823510175673772,False,sub-38,SD,eyesopen,75,0
F8,0.16906628276689648,0.09073416814745082,False,sub-38,SD,eyesopen,75,0
FC2,0.2424911661996128,0.08181100271184848,False,sub-38,SD,eyesopen,75,0
FC4,0.2532553156988646,0.09390532943653723,False,sub-38,SD,eyesopen,75,0
FC6,0.25444166925522455,0.1002159929225905,False,sub-38,SD,eyesopen,75,0
FT8,0.24105875067552604,0.10178894553246164,False,sub-38,SD,eyesopen,75,0
C2,0.19812068984200798,0.07914808666860403,False,sub-38,SD,eyesopen,75,0
C4,0.21794770328831528,0.08461667645104823,False,sub-38,SD,eyesopen,75,0
C6,0.22664276669205732,0.0956508959971239,False,sub-38,SD,eyesopen,75,0
T8,0.20644460785537666,0.09703477974093806,False,sub-38,SD,eyesopen,75,0
CPz,0.18427544461828374,0.08542500395291396,False,sub-38,SD,eyesopen,75,0
CP2,0.1813787812346672,0.08425377287974348,False,sub-38,SD,eyesopen,75,0
CP4,0.1812226068595837,0.0820422581936789,False,sub-38,SD,eyesopen,75,0
CP6,0.19259810884344353,0.09105630795998952,False,sub-38,SD,eyesopen,75,0
TP8,0.20312971088870732,0.09885390059954856,False,sub-38,SD,eyesopen,75,0
TP10,0.18002411166413704,0.09198320769777275,False,sub-38,SD,eyesopen,75,0
P2,0.16518371143402408,0.0841023678626056,False,sub-38,SD,eyesopen,75,0
P4,0.15369597640437463,0.08181941301841142,False,sub-38,SD,eyesopen,75,0
P6,0.16251879911957257,0.08683356259146867,False,sub-38,SD,eyesopen,75,0
P8,0.18771186437463472,0.10082168473383733,False,sub-38,SD,eyesopen,75,0
POz,0.1719050033219892,0.09182929906915124,False,sub-38,SD,eyesopen,75,0
PO4,0.15433580429874938,0.08753786285646858,False,sub-38,SD,eyesopen,75,0
PO8,0.16967066382915802,0.09507009485975851,False,sub-38,SD,eyesopen,75,0
O2,0.1801283532549962,0.10459747179516618,False,sub-38,SD,eyesopen,75,0
Fp1,0.17176825324844774,0.08416899439750102,False,sub-39,NS,eyesopen,75,0
AF3,0.22928066877042116,0.08561496368468335,False,sub-39,NS,eyesopen,75,0
AF7,0.17664990356888888,0.09356892067939727,False,sub-39,NS,eyesopen,75,0
Fz,0.29304333991934894,0.11353462157866075,False,sub-39,NS,eyesopen,75,0
F1,0.2828787310308613,0.09738603153887976,False,sub-39,NS,eyesopen,75,0
F3,0.23130446418001502,0.10027513298527756,False,sub-39,NS,eyesopen,75,0
F5,0.21183152737534527,0.10582450467723867,False,sub-39,NS,eyesopen,75,0
F7,0.21191941181003232,0.11042654687503231,False,sub-39,NS,eyesopen,75,0
FC1,0.3592540150472686,0.12735945622698433,False,sub-39,NS,eyesopen,75,0
FC3,0.3080053798442634,0.12170528608486444,False,sub-39,NS,eyesopen,75,0
FC5,0.26149943963284816,0.12259253176187128,False,sub-39,NS,eyesopen,75,0
FT7,0.20366214976595015,0.1031823305287457,False,sub-39,NS,eyesopen,75,0
Cz,0.28921725729899717,0.11880348321302098,False,sub-39,NS,eyesopen,75,0
C1,0.2813893122324116,0.1054829014407678,False,sub-39,NS,eyesopen,75,0
C3,0.2779067504815038,0.10823867012408062,False,sub-39,NS,eyesopen,75,0
C5,0.33278586664918175,0.1341731049026957,False,sub-39,NS,eyesopen,75,0
T7,0.14926644288038168,0.09671446138627578,False,sub-39,NS,eyesopen,75,0
CP1,0.2501474631424147,0.10111114904692078,False,sub-39,NS,eyesopen,75,0
CP3,0.2796144122847434,0.10666038559530126,False,sub-39,NS,eyesopen,75,0
CP5,0.41011881598129063,0.15787266892766874,False,sub-39,NS,eyesopen,75,0
TP7,0.2947166366459463,0.1536487414486973,False,sub-39,NS,eyesopen,75,0
TP9,0.3234707879555414,0.15235568341635922,False,sub-39,NS,eyesopen,75,0
Pz,0.24424035964579266,0.1001175572643748,False,sub-39,NS,eyesopen,75,0
P1,0.24869516068596254,0.09687866136550512,False,sub-39,NS,eyesopen,75,0
P3,0.31556733611740057,0.11918917033821522,False,sub-39,NS,eyesopen,75,0
P5,0.4070188072447682,0.16731047200837745,False,sub-39,NS,eyesopen,75,0
P7,0.4403642377139737,0.18319322830953386,False,sub-39,NS,eyesopen,75,0
PO3,0.3053024828995904,0.11377443804247463,False,sub-39,NS,eyesopen,75,0
PO7,0.3831159685355728,0.16341541125142714,False,sub-39,NS,eyesopen,75,0
Oz,0.3076225157625167,0.11167367700614528,False,sub-39,NS,eyesopen,75,0
O1,0.31885411157821303,0.12265272565781841,False,sub-39,NS,eyesopen,75,0
Fpz,0.19196691478110317,0.08686995393541541,False,sub-39,NS,eyesopen,75,0
Fp2,0.13466174008650583,0.07170829808936709,False,sub-39,NS,eyesopen,75,0
AF4,0.2008170948973864,0.07530621107426082,False,sub-39,NS,eyesopen,75,0
AF8,0.1845806240960453,0.09164200990408135,False,sub-39,NS,eyesopen,75,0
F2,0.26774785631246706,0.08839517475441656,False,sub-39,NS,eyesopen,75,0
F4,0.20427851392973587,0.08176738645859118,False,sub-39,NS,eyesopen,75,0
F6,0.24627527533637006,0.09472820979563193,False,sub-39,NS,eyesopen,75,0
F8,0.24832387898593353,0.11987573668611975,False,sub-39,NS,eyesopen,75,0
FC2,0.30148394525253724,0.0995451837234396,False,sub-39,NS,eyesopen,75,0
FC4,0.3123109415379774,0.1058690612419726,False,sub-39,NS,eyesopen,75,0
FC6,0.36548590083065047,0.12485492659334003,False,sub-39,NS,eyesopen,75,0
FT8,0.38447072775328256,0.14104252086378874,False,sub-39,NS,eyesopen,75,0
C2,0.24856254590971072,0.10199240024601247,False,sub-39,NS,eyesopen,75,0
C4,0.26617138671143464,0.10172520712986893,False,sub-39,NS,eyesopen,75,0
C6,0.29135336476133905,0.1454140043323046,False,sub-39,NS,eyesopen,75,0
T8,0.3682794150488306,0.16419173685355037,False,sub-39,NS,eyesopen,75,0
CPz,0.24500292915226496,0.10755305836694909,False,sub-39,NS,eyesopen,75,0
CP2,0.22800753081557243,0.09790462647693318,False,sub-39,NS,eyesopen,75,0
CP4,0.2754849444862032,0.11070824630732284,False,sub-39,NS,eyesopen,75,0
CP6,0.41228360779618634,0.1678131056149617,False,sub-39,NS,eyesopen,75,0
TP8,0.41929985445058005,0.17900699328531616,False,sub-39,NS,eyesopen,75,0
TP10,0.4018150062938137,0.15236775695128205,False,sub-39,NS,eyesopen,75,0
P2,0.22921765946119707,0.10291168123889101,False,sub-39,NS,eyesopen,75,0
P4,0.25765033242507995,0.11032383379395734,False,sub-39,NS,eyesopen,75,0
P6,0.3441533225309412,0.14529505995833303,False,sub-39,NS,eyesopen,75,0
P8,0.40051905122057946,0.16824413972956348,False,sub-39,NS,eyesopen,75,0
POz,0.2576720884059101,0.09637906171619844,False,sub-39,NS,eyesopen,75,0
PO4,0.25713274595391933,0.1055070053553346,False,sub-39,NS,eyesopen,75,0
PO8,0.3475402875554203,0.13832186830508614,False,sub-39,NS,eyesopen,75,0
O2,0.31490460320381725,0.1185453120707859,False,sub-39,NS,eyesopen,75,0
Fp1,0.21784866927433583,0.07416433520098514,False,sub-39,SD,eyesopen,75,0
Fp2,0.2853319103700225,0.09821051293644412,False,sub-39,SD,eyesopen,75,0
F3,0.3767207609477043,0.10173129204465507,False,sub-39,SD,eyesopen,75,0
F4,0.3739511502738687,0.09593689049077225,False,sub-39,SD,eyesopen,75,0
C3,0.8170956444480825,0.035315474013590996,False,sub-39,SD,eyesopen,75,0
C4,0.3663471775079172,0.0955666622802864,False,sub-39,SD,eyesopen,75,0
P3,0.3982776324498107,0.0909036167234483,False,sub-39,SD,eyesopen,75,0
P4,0.35136028794314333,0.08805202132790158,False,sub-39,SD,eyesopen,75,0
O1,0.3391740859452606,0.08945983355495724,False,sub-39,SD,eyesopen,75,0
O2,0.3811855102665145,0.09765455615091558,False,sub-39,SD,eyesopen,75,0
F7,0.3593144800351636,0.1038777893250624,False,sub-39,SD,eyesopen,75,0
F8,0.3246632265098756,0.08992959483416195,False,sub-39,SD,eyesopen,75,0
T7,0.2575126090012397,0.10964368369017609,False,sub-39,SD,eyesopen,75,0
T8,0.42316165606232936,0.1270944798140666,False,sub-39,SD,eyesopen,75,0
P7,0.45023503867040415,0.10273402433378569,False,sub-39,SD,eyesopen,75,0
P8,0.44973057041144027,0.10670483969303449,False,sub-39,SD,eyesopen,75,0
Fz,0.4086536013905186,0.10763164682341829,False,sub-39,SD,eyesopen,75,0
Cz,0.39014244181130103,0.09792927280600897,False,sub-39,SD,eyesopen,75,0
Pz,0.3749770091198547,0.08542553481021722,False,sub-39,SD,eyesopen,75,0
Oz,0.38029194112213716,0.09156582094175877,False,sub-39,SD,eyesopen,75,0
FC1,0.3932527312390366,0.08040166254229827,False,sub-39,SD,eyesopen,75,0
FC2,0.37872597662718527,0.08887651421814044,False,sub-39,SD,eyesopen,75,0
CP1,0.3800796220222114,0.08531108017234049,False,sub-39,SD,eyesopen,75,0
CP2,0.3647742214787976,0.08540795348545552,False,sub-39,SD,eyesopen,75,0
FC5,0.4098637877156719,0.11659382451722267,False,sub-39,SD,eyesopen,75,0
FC6,0.40786064082485046,0.10007181566025358,False,sub-39,SD,eyesopen,75,0
CP5,0.46412204687610087,0.10817029680029439,False,sub-39,SD,eyesopen,75,0
CP6,0.4091812751170081,0.09973641872748804,False,sub-39,SD,eyesopen,75,0
TP9,0.33381730908352625,0.10689876125583342,False,sub-39,SD,eyesopen,75,0
TP10,0.40831412657846194,0.1125582684559085,False,sub-39,SD,eyesopen,75,0
POz,0.37245978427409215,0.09099087865397494,False,sub-39,SD,eyesopen,75,0
F1,0.3926436379714489,0.10127265029424891,False,sub-39,SD,eyesopen,75,0
F2,0.3898685754144893,0.09755370186684365,False,sub-39,SD,eyesopen,75,0
C1,0.3814238212857163,0.08803372520180094,False,sub-39,SD,eyesopen,75,0
C2,0.37411849478887194,0.09260293592432506,False,sub-39,SD,eyesopen,75,0
P1,0.37081274424971333,0.08502758344043959,False,sub-39,SD,eyesopen,75,0
P2,0.3559174587323822,0.08707370058784843,False,sub-39,SD,eyesopen,75,0
AF3,0.3120264575327318,0.09826159712578611,False,sub-39,SD,eyesopen,75,0
AF4,0.36025798726638786,0.1040426749574851,False,sub-39,SD,eyesopen,75,0
FC3,0.41408161759843753,0.0969833054979958,False,sub-39,SD,eyesopen,75,0
FC4,0.37870859262211726,0.09063023593357263,False,sub-39,SD,eyesopen,75,0
CP3,0.4153775520977626,0.09068562382948474,False,sub-39,SD,eyesopen,75,0
CP4,0.36038995845078203,0.0858695769646646,False,sub-39,SD,eyesopen,75,0
PO3,0.3725806781241518,0.08937588840641204,False,sub-39,SD,eyesopen,75,0
PO4,0.3436155713521104,0.09317157059005239,False,sub-39,SD,eyesopen,75,0
F5,0.3763985856026256,0.1017964309958226,False,sub-39,SD,eyesopen,75,0
F6,0.31953707765248734,0.09144770084217908,False,sub-39,SD,eyesopen,75,0
C5,0.365905202231341,0.12206220443698813,False,sub-39,SD,eyesopen,75,0
C6,0.40711643633762307,0.1069535892840583,False,sub-39,SD,eyesopen,75,0
P5,0.44402458848856147,0.10144302194814599,False,sub-39,SD,eyesopen,75,0
P6,0.3961347370080559,0.09336434774002363,False,sub-39,SD,eyesopen,75,0
AF7,0.25555044595781107,0.08300174132194063,False,sub-39,SD,eyesopen,75,0
AF8,0.24745110523064062,0.07732007653711165,False,sub-39,SD,eyesopen,75,0
FT7,0.4058901588390798,0.11537311037075024,False,sub-39,SD,eyesopen,75,0
FT8,0.4192531135990535,0.11122503195630963,False,sub-39,SD,eyesopen,75,0
TP7,0.4437382158436432,0.10632410486273226,False,sub-39,SD,eyesopen,75,0
TP8,0.4468498184503803,0.12044584311925614,False,sub-39,SD,eyesopen,75,0
PO7,0.4038203049637576,0.09532481843361261,False,sub-39,SD,eyesopen,75,0
PO8,0.40823101973525894,0.09614993679157609,False,sub-39,SD,eyesopen,75,0
Fpz,0.2854121048315397,0.09976100104706946,False,sub-39,SD,eyesopen,75,0
CPz,0.38309346212936274,0.08729485877401466,False,sub-39,SD,eyesopen,75,0
Fp1,0.07017820328079181,0.028488465617828505,False,sub-40,SD,eyesopen,75,0
Fp2,0.09190199512515795,0.03258252596074682,False,sub-40,SD,eyesopen,75,0
F3,0.10172042502394876,0.0435583452728927,False,sub-40,SD,eyesopen,75,0
F4,0.14322282721390908,0.05112205551386837,False,sub-40,SD,eyesopen,75,0
C3,0.1380397728458958,0.04642796737839644,False,sub-40,SD,eyesopen,75,0
C4,0.12422507983246243,0.04437153587466923,False,sub-40,SD,eyesopen,75,0
P3,0.11931262870892695,0.04840312069735279,False,sub-40,SD,eyesopen,75,0
P4,0.10035018423851397,0.040572224575354,False,sub-40,SD,eyesopen,75,0
O1,0.14700076714065052,0.06103320565726916,False,sub-40,SD,eyesopen,75,0
O2,0.16872469180046687,0.06361975156593862,False,sub-40,SD,eyesopen,75,0
F7,0.12161394509940178,0.05315466467234814,False,sub-40,SD,eyesopen,75,0
F8,0.10984944884671677,0.04496008186036814,False,sub-40,SD,eyesopen,75,0
T7,0.15259853838074025,0.04990690744830906,False,sub-40,SD,eyesopen,75,0
T8,0.18410526072175487,0.061846116805027454,False,sub-40,SD,eyesopen,75,0
P7,0.20129471805085422,0.07243006427769756,False,sub-40,SD,eyesopen,75,0
P8,0.18374338042756935,0.0694353407053866,False,sub-40,SD,eyesopen,75,0
Fz,0.16083603231840216,0.0547317799233082,False,sub-40,SD,eyesopen,75,0
Cz,0.17515006456041707,0.055485837160187325,False,sub-40,SD,eyesopen,75,0
Pz,0.18790161447598397,0.061443790229332794,False,sub-40,SD,eyesopen,75,0
Oz,0.20690725345635486,0.06865498567292871,False,sub-40,SD,eyesopen,75,0
FC1,0.2107684742921494,0.07337309004565527,False,sub-40,SD,eyesopen,75,0
FC2,0.18410583876207698,0.07256931820856866,False,sub-40,SD,eyesopen,75,0
CP1,0.15281165470347588,0.053382498465805985,False,sub-40,SD,eyesopen,75,0
CP2,0.16649545166786567,0.05856197818576931,False,sub-40,SD,eyesopen,75,0
FC5,0.17002912865903586,0.06244333382592854,False,sub-40,SD,eyesopen,75,0
FC6,0.18991485061438546,0.07222937968383408,False,sub-40,SD,eyesopen,75,0
CP5,0.26325767534781297,0.1115289445784355,False,sub-40,SD,eyesopen,75,0
CP6,0.12773686864928874,0.051481640562171374,False,sub-40,SD,eyesopen,75,0
TP9,0.16649240403987012,0.07201911951120397,False,sub-40,SD,eyesopen,75,0
TP10,0.11456317716817713,0.04416775571022374,False,sub-40,SD,eyesopen,75,0
POz,0.09716605451631453,0.0427059194536494,False,sub-40,SD,eyesopen,75,0
F1,0.06320373413717993,0.025442984132684473,False,sub-40,SD,eyesopen,75,0
F2,0.1024774796131702,0.04199925071386289,False,sub-40,SD,eyesopen,75,0
C1,0.13342763996658086,0.05109266034322215,False,sub-40,SD,eyesopen,75,0
C2,0.12232185533817619,0.05310139694929715,False,sub-40,SD,eyesopen,75,0
P1,0.15512991138915685,0.056940081441303664,False,sub-40,SD,eyesopen,75,0
P2,0.15619754654631424,0.06824808090775997,False,sub-40,SD,eyesopen,75,0
AF3,0.1692844529370894,0.07485738089433475,False,sub-40,SD,eyesopen,75,0
AF4,0.1577434701294657,0.06516409727191498,False,sub-40,SD,eyesopen,75,0
FC3,0.1774431906000285,0.06817288070391107,False,sub-40,SD,eyesopen,75,0
FC4,0.17164264350119496,0.06504942387633071,False,sub-40,SD,eyesopen,75,0
CP3,0.1816235971901052,0.062139194042828985,False,sub-40,SD,eyesopen,75,0
CP4,0.16108682832587665,0.05899209868731313,False,sub-40,SD,eyesopen,75,0
PO3,0.17989336565972422,0.05866509406850506,False,sub-40,SD,eyesopen,75,0
PO4,0.19923799751410712,0.05509699946212552,False,sub-40,SD,eyesopen,75,0
F5,0.21159803088768975,0.07281989939570997,False,sub-40,SD,eyesopen,75,0
F6,0.2018211790255936,0.06728825142297605,False,sub-40,SD,eyesopen,75,0
C5,0.16960379288884445,0.057495645448728434,False,sub-40,SD,eyesopen,75,0
C6,0.16757850591754947,0.05490810359373404,False,sub-40,SD,eyesopen,75,0
P5,0.18365476664149222,0.054017146803877654,False,sub-40,SD,eyesopen,75,0
P6,0.20727740754715643,0.058308839318093796,False,sub-40,SD,eyesopen,75,0
AF7,0.21387656225806917,0.05943974381863227,False,sub-40,SD,eyesopen,75,0
AF8,0.18874458715577438,0.06518505404865148,False,sub-40,SD,eyesopen,75,0
FT7,0.14923830126953883,0.050080554359222866,False,sub-40,SD,eyesopen,75,0
FT8,0.15834443608397103,0.04976796094380055,False,sub-40,SD,eyesopen,75,0
TP7,0.18289297681247696,0.058288675100484945,False,sub-40,SD,eyesopen,75,0
TP8,0.21306913658739293,0.06665219132291948,False,sub-40,SD,eyesopen,75,0
PO7,0.12847205237481088,0.048911222801386364,False,sub-40,SD,eyesopen,75,0
PO8,0.11048588698710922,0.039601623450883854,False,sub-40,SD,eyesopen,75,0
Fpz,0.1579014431404406,0.05360166834775343,False,sub-40,SD,eyesopen,75,0
CPz,0.10772100755662596,0.03848999142262057,False,sub-40,SD,eyesopen,75,0
Fp1,0.06948222537630858,0.026107595934109648,False,sub-40,NS,eyesopen,75,0
Fp2,0.11622496724398303,0.048716347679030325,False,sub-40,NS,eyesopen,75,0
F3,0.0774614563988825,0.04678636776621922,False,sub-40,NS,eyesopen,75,0
F4,0.051187092512835854,0.032003098659995476,False,sub-40,NS,eyesopen,75,0
C3,0.1544096470881456,0.05922718926107317,False,sub-40,NS,eyesopen,75,0
C4,0.14283083781769176,0.05905981567934847,False,sub-40,NS,eyesopen,75,0
P3,0.1812499123444801,0.06533549253267229,False,sub-40,NS,eyesopen,75,0
P4,0.10526491619604618,0.0420973099589637,False,sub-40,NS,eyesopen,75,0
O1,0.1511344502625877,0.073338614860939,False,sub-40,NS,eyesopen,75,0
O2,0.0873357322639668,0.0412428205420565,False,sub-40,NS,eyesopen,75,0
F7,0.048153955967566664,0.036536167338152875,False,sub-40,NS,eyesopen,75,0
F8,0.07542958260324838,0.046838607907097804,False,sub-40,NS,eyesopen,75,0
T7,0.1199783379417952,0.06112759859144907,False,sub-40,NS,eyesopen,75,0
T8,0.1502701575847353,0.07436761473192975,False,sub-40,NS,eyesopen,75,0
P7,0.2871783699201006,0.12576811112863057,False,sub-40,NS,eyesopen,75,0
P8,0.20351337933767505,0.08531109319906183,False,sub-40,NS,eyesopen,75,0
Fz,0.16433310295922485,0.07024901303178523,False,sub-40,NS,eyesopen,75,0
Cz,0.16930834453640134,0.07023457282776516,False,sub-40,NS,eyesopen,75,0
Pz,0.14017994194013292,0.054546863749317165,False,sub-40,NS,eyesopen,75,0
Oz,0.09718987284077471,0.046925999037493046,False,sub-40,NS,eyesopen,75,0
FC1,0.1311286978447402,0.05517929192874912,False,sub-40,NS,eyesopen,75,0
FC2,0.14304277225217177,0.06125203835742904,False,sub-40,NS,eyesopen,75,0
CP1,0.1875062558156632,0.06742667542900495,False,sub-40,NS,eyesopen,75,0
CP2,0.14639405455108123,0.05639558931319869,False,sub-40,NS,eyesopen,75,0
FC5,0.07567572758426633,0.047179872890589905,False,sub-40,NS,eyesopen,75,0
FC6,0.10515710013417202,0.05115832094117003,False,sub-40,NS,eyesopen,75,0
CP5,0.21017436568723644,0.07759169921316504,False,sub-40,NS,eyesopen,75,0
CP6,0.19903720166819652,0.07590418839784999,False,sub-40,NS,eyesopen,75,0
TP9,0.2156774504100044,0.08980032169729187,False,sub-40,NS,eyesopen,75,0
TP10,0.17259778524285246,0.07612132971853285,False,sub-40,NS,eyesopen,75,0
POz,0.10836302662801617,0.04742137711415495,False,sub-40,NS,eyesopen,75,0
F1,0.12235547794538928,0.05894853141940777,False,sub-40,NS,eyesopen,75,0
F2,0.09882965466243349,0.05006558529451709,False,sub-40,NS,eyesopen,75,0
C1,0.18407110235301374,0.06739025270843176,False,sub-40,NS,eyesopen,75,0
C2,0.14955458475569067,0.05890098901774012,False,sub-40,NS,eyesopen,75,0
P1,0.16885575121658244,0.06438398560155897,False,sub-40,NS,eyesopen,75,0
P2,0.10590912607887193,0.041763960578834386,False,sub-40,NS,eyesopen,75,0
AF3,0.11042942400916876,0.04872368646480363,False,sub-40,NS,eyesopen,75,0
AF4,0.12021543713515145,0.0657806106908218,False,sub-40,NS,eyesopen,75,0
FC3,0.09748910289198612,0.048415973332246044,False,sub-40,NS,eyesopen,75,0
FC4,0.08180405334312219,0.03901437364324693,False,sub-40,NS,eyesopen,75,0
CP3,0.19085717650526188,0.06548516351739479,False,sub-40,NS,eyesopen,75,0
CP4,0.15856298828546872,0.060181096407607396,False,sub-40,NS,eyesopen,75,0
PO3,0.11489264225534003,0.05303759453267663,False,sub-40,NS,eyesopen,75,0
PO4,0.07292210491860163,0.03134612290795925,False,sub-40,NS,eyesopen,75,0
F5,0.048407312406310306,0.03544199973868371,False,sub-40,NS,eyesopen,75,0
F6,0.07389724324801628,0.041447783108980736,False,sub-40,NS,eyesopen,75,0
C5,0.1302641652574298,0.06087689098379307,False,sub-40,NS,eyesopen,75,0
C6,0.1666545434640207,0.07999385755919766,False,sub-40,NS,eyesopen,75,0
P5,0.22161673743822477,0.08993705271487344,False,sub-40,NS,eyesopen,75,0
P6,0.1653283755026485,0.06900138728204029,False,sub-40,NS,eyesopen,75,0
AF7,0.10882319027878569,0.062496413830133234,False,sub-40,NS,eyesopen,75,0
AF8,0.11038048558681396,0.055682190942894005,False,sub-40,NS,eyesopen,75,0
FT7,0.06867577080374722,0.0432425570101089,False,sub-40,NS,eyesopen,75,0
FT8,0.0843321000470786,0.050865981024139424,False,sub-40,NS,eyesopen,75,0
TP7,0.233381443385849,0.09371165906834888,False,sub-40,NS,eyesopen,75,0
TP8,0.19231645811924697,0.08057419824681676,False,sub-40,NS,eyesopen,75,0
PO7,0.23647645547566876,0.10544421765793083,False,sub-40,NS,eyesopen,75,0
PO8,0.15000184707401648,0.0672160876213135,False,sub-40,NS,eyesopen,75,0
Fpz,0.07485299242517834,0.03058275842837338,False,sub-40,NS,eyesopen,75,0
CPz,0.1621545174954564,0.06211137788599578,False,sub-40,NS,eyesopen,75,0
Fp1,0.2004764967920895,0.058677573059882235,False,sub-41,NS,eyesopen,75,0
AF3,0.20637634198397506,0.07241809247862585,False,sub-41,NS,eyesopen,75,0
AF7,0.2104220588211064,0.06809836484404157,False,sub-41,NS,eyesopen,75,0
Fz,0.21744477329253253,0.07964399489280653,False,sub-41,NS,eyesopen,75,0
F1,0.1995403914003695,0.0741313745403174,False,sub-41,NS,eyesopen,75,0
F3,0.19622790021049272,0.06785884692661849,False,sub-41,NS,eyesopen,75,0
F5,0.19889777322981178,0.06900077373686232,False,sub-41,NS,eyesopen,75,0
F7,0.1899513405726109,0.06685066444592386,False,sub-41,NS,eyesopen,75,0
FC1,0.12545860384041052,0.046884853112074014,False,sub-41,NS,eyesopen,75,0
FC3,0.15850364086013527,0.05862052227638856,False,sub-41,NS,eyesopen,75,0
FC5,0.12699025444810907,0.0508910486203955,False,sub-41,NS,eyesopen,75,0
FT7,0.17546770336356318,0.06384486739750622,False,sub-41,NS,eyesopen,75,0
Cz,0.1478015145761118,0.05538227053692624,False,sub-41,NS,eyesopen,75,0
C1,0.1368380149577553,0.04727200868690062,False,sub-41,NS,eyesopen,75,0
C3,0.14206723301351645,0.052818900818817294,False,sub-41,NS,eyesopen,75,0
C5,0.16547762440972297,0.05707054200613316,False,sub-41,NS,eyesopen,75,0
T7,0.16128028169454167,0.05613909899630895,False,sub-41,NS,eyesopen,75,0
CP1,0.14701707779000325,0.05237360390772291,False,sub-41,NS,eyesopen,75,0
CP3,0.15732323483630833,0.05203996842206254,False,sub-41,NS,eyesopen,75,0
CP5,0.1653358273135247,0.053417818640582065,False,sub-41,NS,eyesopen,75,0
TP7,0.1631518666463072,0.05694807195307745,False,sub-41,NS,eyesopen,75,0
TP9,0.16489482802660377,0.0548937933559355,False,sub-41,NS,eyesopen,75,0
Pz,0.1346461227442611,0.05279530688740449,False,sub-41,NS,eyesopen,75,0
P1,0.13797320608388683,0.05053282715491211,False,sub-41,NS,eyesopen,75,0
P3,0.14518276388836332,0.048405503627942076,False,sub-41,NS,eyesopen,75,0
P5,0.1577185310251672,0.052208282154666316,False,sub-41,NS,eyesopen,75,0
P7,0.16830864550990268,0.05255218166116026,False,sub-41,NS,eyesopen,75,0
PO3,0.14992861506099542,0.05358403270203935,False,sub-41,NS,eyesopen,75,0
PO7,0.16646018692512154,0.0587498014404011,False,sub-41,NS,eyesopen,75,0
Oz,0.17246245009262462,0.05572689900947578,False,sub-41,NS,eyesopen,75,0
O1,0.1686354918713426,0.057063483859196615,False,sub-41,NS,eyesopen,75,0
Fpz,0.2039435114074252,0.05608037960819801,False,sub-41,NS,eyesopen,75,0
Fp2,0.19427376909003538,0.05606109578047033,False,sub-41,NS,eyesopen,75,0
AF4,0.19895282887759258,0.07034829121943992,False,sub-41,NS,eyesopen,75,0
AF8,0.18986375253832685,0.06662058979551012,False,sub-41,NS,eyesopen,75,0
F2,0.2204945538642294,0.07474976655308656,False,sub-41,NS,eyesopen,75,0
F4,0.19791219765857215,0.06714199993211448,False,sub-41,NS,eyesopen,75,0
F6,0.18706357753205288,0.06512407591904869,False,sub-41,NS,eyesopen,75,0
F8,0.1897522653053109,0.06572497631620494,False,sub-41,NS,eyesopen,75,0
FC2,0.1503056115903836,0.05901648543429314,False,sub-41,NS,eyesopen,75,0
FC4,0.15408656949982905,0.05515581807301874,False,sub-41,NS,eyesopen,75,0
FC6,0.1807148361444258,0.06368003149682187,False,sub-41,NS,eyesopen,75,0
FT8,0.1722633822939873,0.06833969992584556,False,sub-41,NS,eyesopen,75,0
C2,0.1412876542908163,0.05093979616486323,False,sub-41,NS,eyesopen,75,0
C4,0.12878079749508808,0.0491444752530418,False,sub-41,NS,eyesopen,75,0
C6,0.180709480813561,0.0656807104058639,False,sub-41,NS,eyesopen,75,0
T8,0.172307002537076,0.0729373204113502,False,sub-41,NS,eyesopen,75,0
CPz,0.11192879676648738,0.03995205366313447,False,sub-41,NS,eyesopen,75,0
CP2,0.13576782550987462,0.04875515641454287,False,sub-41,NS,eyesopen,75,0
CP4,0.1498404073096036,0.053349623667125076,False,sub-41,NS,eyesopen,75,0
CP6,0.1636191544155795,0.062119729720067234,False,sub-41,NS,eyesopen,75,0
TP8,0.17387274355319332,0.0693575940330373,False,sub-41,NS,eyesopen,75,0
TP10,0.1693589856210137,0.06668823991605426,False,sub-41,NS,eyesopen,75,0
P2,0.13339680021215133,0.05296823632744181,False,sub-41,NS,eyesopen,75,0
P4,0.14095425124612102,0.055425894456605555,False,sub-41,NS,eyesopen,75,0
P6,0.14951318960479348,0.05906456593021155,False,sub-41,NS,eyesopen,75,0
P8,0.16803298895113788,0.06635457332009298,False,sub-41,NS,eyesopen,75,0
POz,0.1435931145293494,0.05203707700148619,False,sub-41,NS,eyesopen,75,0
PO4,0.15771347304072222,0.05762512172722812,False,sub-41,NS,eyesopen,75,0
PO8,0.16036554697177532,0.060522202673494584,False,sub-41,NS,eyesopen,75,0
O2,0.1745023259736217,0.05868597125598962,False,sub-41,NS,eyesopen,75,0
Fp1,0.17877814257980928,0.08497926874445182,False,sub-41,SD,eyesopen,75,0
AF3,0.1970959502723599,0.08772117664011361,False,sub-41,SD,eyesopen,75,0
AF7,0.18610348342935507,0.08536598416400722,False,sub-41,SD,eyesopen,75,0
Fz,0.2241400517642135,0.09369874244633941,False,sub-41,SD,eyesopen,75,0
F1,0.21170692578967124,0.08628245103791832,False,sub-41,SD,eyesopen,75,0
F3,0.20454936183940164,0.07785412696077067,False,sub-41,SD,eyesopen,75,0
F5,0.21083049880098106,0.08397860165462968,False,sub-41,SD,eyesopen,75,0
F7,0.21264390629589353,0.08848160343603939,False,sub-41,SD,eyesopen,75,0
FC1,0.1675398686166461,0.06703355108155373,False,sub-41,SD,eyesopen,75,0
FC3,0.17835954078856006,0.07324997260408801,False,sub-41,SD,eyesopen,75,0
FC5,0.1962552307922602,0.08277081482808868,False,sub-41,SD,eyesopen,75,0
FT7,0.21040571846980274,0.08969674929308585,False,sub-41,SD,eyesopen,75,0
Cz,0.16529202905021012,0.07447052896161584,False,sub-41,SD,eyesopen,75,0
C1,0.16224983063077592,0.0722265256170018,False,sub-41,SD,eyesopen,75,0
C3,0.1585495505536509,0.0650418354301981,False,sub-41,SD,eyesopen,75,0
C5,0.1867429219357375,0.07812881744782899,False,sub-41,SD,eyesopen,75,0
T7,0.2030263455544399,0.08901174250020721,False,sub-41,SD,eyesopen,75,0
CP1,0.15405760744030877,0.07162367544601005,False,sub-41,SD,eyesopen,75,0
CP3,0.16120827010511363,0.0741321039249957,False,sub-41,SD,eyesopen,75,0
CP5,0.1771457900601444,0.07774930796338853,False,sub-41,SD,eyesopen,75,0
TP7,0.18005808922303318,0.08240591990132284,False,sub-41,SD,eyesopen,75,0
TP9,0.1738295133652425,0.08190136975041426,False,sub-41,SD,eyesopen,75,0
Pz,0.1377691816033243,0.06341367785781113,False,sub-41,SD,eyesopen,75,0
P1,0.14378724645468874,0.06860643063200045,False,sub-41,SD,eyesopen,75,0
P3,0.14729269777139065,0.0713110579430256,False,sub-41,SD,eyesopen,75,0
P5,0.1602821811431632,0.07489941353649282,False,sub-41,SD,eyesopen,75,0
P7,0.17578198381781007,0.0811628002579595,False,sub-41,SD,eyesopen,75,0
PO3,0.14454317897449853,0.07632592299761136,False,sub-41,SD,eyesopen,75,0
PO7,0.16438803541843525,0.07916257073223892,False,sub-41,SD,eyesopen,75,0
Oz,0.16414213894621835,0.07854945995035045,False,sub-41,SD,eyesopen,75,0
O1,0.16551909354850433,0.08352596762029875,False,sub-41,SD,eyesopen,75,0
Fpz,0.17776015708042364,0.0809138289478136,False,sub-41,SD,eyesopen,75,0
Fp2,0.17320467592475514,0.07532353371002772,False,sub-41,SD,eyesopen,75,0
AF4,0.19169938278057103,0.08545903745958734,False,sub-41,SD,eyesopen,75,0
AF8,0.18454957085004436,0.08875193081225197,False,sub-41,SD,eyesopen,75,0
F2,0.20998035318659047,0.08736082924794566,False,sub-41,SD,eyesopen,75,0
F4,0.20198126990774334,0.08698209046522595,False,sub-41,SD,eyesopen,75,0
F6,0.20380897161166722,0.08880299705048093,False,sub-41,SD,eyesopen,75,0
F8,0.2008017714562536,0.0933271256402609,False,sub-41,SD,eyesopen,75,0
FC2,0.17816614719737164,0.06977035321497523,False,sub-41,SD,eyesopen,75,0
FC4,0.19517578710135683,0.07706625175952105,False,sub-41,SD,eyesopen,75,0
FC6,0.1909446415195194,0.08425732512866255,False,sub-41,SD,eyesopen,75,0
FT8,0.19489074750516597,0.09483268227044711,False,sub-41,SD,eyesopen,75,0
C2,0.157890084492041,0.06801855745209667,False,sub-41,SD,eyesopen,75,0
C4,0.166783750503807,0.06949547481828061,False,sub-41,SD,eyesopen,75,0
C6,0.1792702602011511,0.08114669569621631,False,sub-41,SD,eyesopen,75,0
T8,0.17328341067141953,0.08349333784851741,False,sub-41,SD,eyesopen,75,0
CPz,0.14906322110506937,0.0643080641148711,False,sub-41,SD,eyesopen,75,0
CP2,0.13844680020779057,0.05871576003071534,False,sub-41,SD,eyesopen,75,0
CP4,0.16115440429034333,0.0662221782225725,False,sub-41,SD,eyesopen,75,0
CP6,0.17621406061798864,0.07530486977633999,False,sub-41,SD,eyesopen,75,0
TP8,0.17927445751114324,0.08209251360859073,False,sub-41,SD,eyesopen,75,0
TP10,0.16312781466858162,0.07479302076190684,False,sub-41,SD,eyesopen,75,0
P2,0.1409580885691711,0.0605906622622092,False,sub-41,SD,eyesopen,75,0
P4,0.15942902542684723,0.0677766902385105,False,sub-41,SD,eyesopen,75,0
P6,0.1680270951175526,0.07248820932193059,False,sub-41,SD,eyesopen,75,0
P8,0.17385070539654698,0.07768201361071743,False,sub-41,SD,eyesopen,75,0
POz,0.14235246263523704,0.07069219193451892,False,sub-41,SD,eyesopen,75,0
PO4,0.15771309789440818,0.07005696783733098,False,sub-41,SD,eyesopen,75,0
PO8,0.1746232532339517,0.07817160738172513,False,sub-41,SD,eyesopen,75,0
O2,0.16861153797290312,0.07875157690506006,False,sub-41,SD,eyesopen,75,0
Fp1,0.12637722693488943,0.08011022526798792,False,sub-42,SD,eyesopen,75,0
AF3,0.15206485309988904,0.09466764620179097,False,sub-42,SD,eyesopen,75,0
AF7,0.13385574178829696,0.07987792237598666,False,sub-42,SD,eyesopen,75,0
Fz,0.14669736709235784,0.08420859062277174,False,sub-42,SD,eyesopen,75,0
F1,0.16023813382849517,0.09116358069813134,False,sub-42,SD,eyesopen,75,0
F3,0.17159544502832552,0.09103736863096946,False,sub-42,SD,eyesopen,75,0
F5,0.16791352333201415,0.08268074663988476,False,sub-42,SD,eyesopen,75,0
F7,0.17770639187741258,0.08444737227444389,False,sub-42,SD,eyesopen,75,0
FC1,0.14600837549031961,0.06519780344293642,False,sub-42,SD,eyesopen,75,0
FC3,0.1818474438286188,0.08001374957928699,False,sub-42,SD,eyesopen,75,0
FC5,0.19273807939301812,0.08320090970877249,False,sub-42,SD,eyesopen,75,0
FT7,0.20596914688934084,0.08528029700848085,False,sub-42,SD,eyesopen,75,0
Cz,0.08528247898585865,0.0522738076934533,False,sub-42,SD,eyesopen,75,0
C1,0.10656208742197895,0.04408479581155204,False,sub-42,SD,eyesopen,75,0
C3,0.15220966662200375,0.06378160465053619,False,sub-42,SD,eyesopen,75,0
C5,0.18286542592366306,0.06767638598540127,False,sub-42,SD,eyesopen,75,0
T7,0.10955002186486906,0.049913396353148155,False,sub-42,SD,eyesopen,75,0
CP1,0.1176154338591719,0.05066080938192589,False,sub-42,SD,eyesopen,75,0
CP3,0.1558752566653331,0.05517883313489234,False,sub-42,SD,eyesopen,75,0
CP5,0.18360491801484624,0.06102619663631847,False,sub-42,SD,eyesopen,75,0
TP7,0.18704036155122136,0.0632444036580247,False,sub-42,SD,eyesopen,75,0
TP9,0.17624331921134506,0.07217980478475508,False,sub-42,SD,eyesopen,75,0
Pz,0.12058210682344572,0.06091593616697762,False,sub-42,SD,eyesopen,75,0
P1,0.13116493902449736,0.05779727336040805,False,sub-42,SD,eyesopen,75,0
P3,0.15329716769823704,0.06438423851014531,False,sub-42,SD,eyesopen,75,0
P5,0.16799382313988165,0.06421879138103197,False,sub-42,SD,eyesopen,75,0
P7,0.18868629553120927,0.06970198677151605,False,sub-42,SD,eyesopen,75,0
PO3,0.15128701350206172,0.07054536422609317,False,sub-42,SD,eyesopen,75,0
PO7,0.17283688120735052,0.0711656291100663,False,sub-42,SD,eyesopen,75,0
Oz,0.15095706140915777,0.06754965981930391,False,sub-42,SD,eyesopen,75,0
O1,0.15815647528013213,0.06757744043038598,False,sub-42,SD,eyesopen,75,0
Fpz,0.14504052546205054,0.08963071045515522,False,sub-42,SD,eyesopen,75,0
Fp2,0.13374564852194237,0.08082316036620366,False,sub-42,SD,eyesopen,75,0
AF4,0.1433405933211731,0.07983302316438758,False,sub-42,SD,eyesopen,75,0
AF8,0.1419298000400916,0.07410044945442007,False,sub-42,SD,eyesopen,75,0
F2,0.16120337826591774,0.07222248147747042,False,sub-42,SD,eyesopen,75,0
F4,0.158148706091255,0.06379506488400752,False,sub-42,SD,eyesopen,75,0
F6,0.16534950610985863,0.06985428023092803,False,sub-42,SD,eyesopen,75,0
F8,0.1795070819700945,0.07215365431678203,False,sub-42,SD,eyesopen,75,0
FC2,0.1636968682527913,0.07396060834840791,False,sub-42,SD,eyesopen,75,0
FC4,0.16708052916259514,0.07373437165006243,False,sub-42,SD,eyesopen,75,0
FC6,0.18133587190247819,0.07155200848729597,False,sub-42,SD,eyesopen,75,0
FT8,0.18208524998327735,0.06828250327318304,False,sub-42,SD,eyesopen,75,0
C2,0.1328586680506298,0.05734862650227304,False,sub-42,SD,eyesopen,75,0
C4,0.16093290946395958,0.06878825274844613,False,sub-42,SD,eyesopen,75,0
C6,0.175591272579665,0.06993964011379393,False,sub-42,SD,eyesopen,75,0
T8,0.13395783099800615,0.0619428648062157,False,sub-42,SD,eyesopen,75,0
CPz,0.10847960915569593,0.051705602269218234,False,sub-42,SD,eyesopen,75,0
CP2,0.13241296397441046,0.05744466812680529,False,sub-42,SD,eyesopen,75,0
CP4,0.1583420870881429,0.06879294601561443,False,sub-42,SD,eyesopen,75,0
CP6,0.1784751910457554,0.0744998749666158,False,sub-42,SD,eyesopen,75,0
TP8,0.18644706196005648,0.07537702872430396,False,sub-42,SD,eyesopen,75,0
TP10,0.17337678308981466,0.07787606260298033,False,sub-42,SD,eyesopen,75,0
P2,0.1326194797406253,0.06277940868595025,False,sub-42,SD,eyesopen,75,0
P4,0.14718395055538047,0.06618736638113495,False,sub-42,SD,eyesopen,75,0
P6,0.1673270077164304,0.07407808132257192,False,sub-42,SD,eyesopen,75,0
P8,0.15767485822388744,0.0904473089171227,False,sub-42,SD,eyesopen,75,0
POz,0.15695675909399123,0.09255931142869066,False,sub-42,SD,eyesopen,75,0
PO4,0.14161425008546621,0.0663725317612653,False,sub-42,SD,eyesopen,75,0
PO8,0.15765837677136968,0.08954302171755493,False,sub-42,SD,eyesopen,75,0
O2,0.15998446977563463,0.09120480260080827,False,sub-42,SD,eyesopen,75,0
Fp1,0.1545595635376662,0.10403856274533585,False,sub-42,NS,eyesopen,75,0
AF3,0.12401495987337711,0.07476147957999033,False,sub-42,NS,eyesopen,75,0
AF7,0.152729628910269,0.08934446917306986,False,sub-42,NS,eyesopen,75,0
Fz,0.20643575075198756,0.09749162490053906,False,sub-42,NS,eyesopen,75,0
F1,0.1638348692634882,0.07414052651591725,False,sub-42,NS,eyesopen,75,0
F3,0.1788104621410759,0.07980964886828734,False,sub-42,NS,eyesopen,75,0
F5,0.208545180653361,0.09582663930027611,False,sub-42,NS,eyesopen,75,0
F7,0.2106901494450923,0.09670997527978657,False,sub-42,NS,eyesopen,75,0
FC1,0.1481695879001837,0.06083742779031826,False,sub-42,NS,eyesopen,75,0
FC3,0.20471961322367072,0.08622267007688125,False,sub-42,NS,eyesopen,75,0
FC5,0.22395248311260332,0.10114078297560511,False,sub-42,NS,eyesopen,75,0
FT7,0.23124148939474384,0.10916233221165464,False,sub-42,NS,eyesopen,75,0
Cz,0.14663483205830102,0.06691061623006353,False,sub-42,NS,eyesopen,75,0
C1,0.19308474449248597,0.09180152185066728,False,sub-42,NS,eyesopen,75,0
C3,0.22981599286232646,0.12106209646177775,False,sub-42,NS,eyesopen,75,0
C5,0.2160989920421277,0.12495788515070051,False,sub-42,NS,eyesopen,75,0
T7,0.11299435317611073,0.055830844395658816,False,sub-42,NS,eyesopen,75,0
CP1,0.1417831742367312,0.07602109729030918,False,sub-42,NS,eyesopen,75,0
CP3,0.18411622258774757,0.10612655822877635,False,sub-42,NS,eyesopen,75,0
CP5,0.21390202207937642,0.12709963324403695,False,sub-42,NS,eyesopen,75,0
TP7,0.22294790331558598,0.12968107853575503,False,sub-42,NS,eyesopen,75,0
TP9,0.22367939831010092,0.12612956595317776,False,sub-42,NS,eyesopen,75,0
Pz,0.13572429788210683,0.07981767815390454,False,sub-42,NS,eyesopen,75,0
P1,0.15649585545497943,0.09965022117245673,False,sub-42,NS,eyesopen,75,0
P3,0.202184356617879,0.12166874604244901,False,sub-42,NS,eyesopen,75,0
P5,0.20390105327676275,0.12216785994137017,False,sub-42,NS,eyesopen,75,0
P7,0.13196729943543314,0.07966663234926552,False,sub-42,NS,eyesopen,75,0
PO3,0.15079874907644178,0.09710948167479751,False,sub-42,NS,eyesopen,75,0
PO7,0.19288968619148242,0.1169777414271416,False,sub-42,NS,eyesopen,75,0
Oz,0.1750943716504646,0.10722139102982275,False,sub-42,NS,eyesopen,75,0
O1,0.20304595054847976,0.0965396177131188,False,sub-42,NS,eyesopen,75,0
Fpz,0.1241578648082761,0.07168962287234283,False,sub-42,NS,eyesopen,75,0
Fp2,0.15505602710824812,0.09372942391130609,False,sub-42,NS,eyesopen,75,0
AF4,0.1404860733692095,0.07582876689616189,False,sub-42,NS,eyesopen,75,0
AF8,0.16134974560119011,0.09075938007445496,False,sub-42,NS,eyesopen,75,0
F2,0.16919651478010367,0.08630285745013447,False,sub-42,NS,eyesopen,75,0
F4,0.17719303422257593,0.08509452992609184,False,sub-42,NS,eyesopen,75,0
F6,0.166163355906398,0.08069057564989983,False,sub-42,NS,eyesopen,75,0
F8,0.19520225359833146,0.08271271427907137,False,sub-42,NS,eyesopen,75,0
FC2,0.16069336269663925,0.05405190145263391,False,sub-42,NS,eyesopen,75,0
FC4,0.19563898724979784,0.07747006351295496,False,sub-42,NS,eyesopen,75,0
FC6,0.22308717367091438,0.09096407929730631,False,sub-42,NS,eyesopen,75,0
FT8,0.23817304003918338,0.09383144392677999,False,sub-42,NS,eyesopen,75,0
C2,0.0925912472985651,0.04948913856304483,False,sub-42,NS,eyesopen,75,0
C4,0.1315697911068525,0.05886993177031857,False,sub-42,NS,eyesopen,75,0
C6,0.17774088653833095,0.07702510840651487,False,sub-42,NS,eyesopen,75,0
T8,0.2198191735462548,0.10184982649860516,False,sub-42,NS,eyesopen,75,0
CPz,0.22864621588965386,0.10255326359158616,False,sub-42,NS,eyesopen,75,0
CP2,0.130199639193153,0.06443748775023775,False,sub-42,NS,eyesopen,75,0
CP4,0.16287805164802271,0.08400150537978054,False,sub-42,NS,eyesopen,75,0
CP6,0.19917305751639391,0.10193213061209942,False,sub-42,NS,eyesopen,75,0
TP8,0.21386637721230903,0.10345905977154038,False,sub-42,NS,eyesopen,75,0
TP10,0.2100999791394535,0.11048909175224339,False,sub-42,NS,eyesopen,75,0
P2,0.11523833356018824,0.06213861185262627,False,sub-42,NS,eyesopen,75,0
P4,0.12709424973666528,0.06968091507985218,False,sub-42,NS,eyesopen,75,0
P6,0.1520835743522051,0.08021715310037007,False,sub-42,NS,eyesopen,75,0
P8,0.17424648970037146,0.09295875984962022,False,sub-42,NS,eyesopen,75,0
POz,0.1977865489706442,0.10238875599798998,False,sub-42,NS,eyesopen,75,0
PO4,0.14704719567721478,0.0834103211161443,False,sub-42,NS,eyesopen,75,0
PO8,0.18580444400608517,0.09902062534600803,False,sub-42,NS,eyesopen,75,0
O2,0.17051026137636524,0.10152888584207127,False,sub-42,NS,eyesopen,75,0
Fp1,0.09776670107817552,0.050340642152719266,False,sub-43,NS,eyesopen,75,0
AF3,0.10773639973745702,0.052266868115042886,False,sub-43,NS,eyesopen,75,0
AF7,0.09615414003694225,0.04376273003498983,False,sub-43,NS,eyesopen,75,0
Fz,0.1078604997407524,0.05030224765358132,False,sub-43,NS,eyesopen,75,0
F1,0.10832294224491307,0.05051994949135599,False,sub-43,NS,eyesopen,75,0
F3,0.11201592195933872,0.046623787724780916,False,sub-43,NS,eyesopen,75,0
F5,0.11724239096699451,0.046649464883037624,False,sub-43,NS,eyesopen,75,0
F7,0.11803890282540334,0.04965039524455881,False,sub-43,NS,eyesopen,75,0
FC1,0.1020907029301457,0.04762175146460862,False,sub-43,NS,eyesopen,75,0
FC3,0.11198986564389199,0.047528625298446744,False,sub-43,NS,eyesopen,75,0
FC5,0.13162718558406167,0.048712338712970635,False,sub-43,NS,eyesopen,75,0
FT7,0.13371544817558811,0.05045997019385075,False,sub-43,NS,eyesopen,75,0
Cz,0.06634727673143374,0.033062097311009064,False,sub-43,NS,eyesopen,75,0
C1,0.07163984860343313,0.0366728163181275,False,sub-43,NS,eyesopen,75,0
C3,0.09286325137258068,0.04612587656855634,False,sub-43,NS,eyesopen,75,0
C5,0.1246575582835833,0.05121312476525776,False,sub-43,NS,eyesopen,75,0
T7,0.1358918466904751,0.04728542168374796,False,sub-43,NS,eyesopen,75,0
CP1,0.06279268162126968,0.03093718447701253,False,sub-43,NS,eyesopen,75,0
CP3,0.08354212550643235,0.038498075122857425,False,sub-43,NS,eyesopen,75,0
CP5,0.11416540912229972,0.04711541102328579,False,sub-43,NS,eyesopen,75,0
TP7,0.14051732851198884,0.04876738993974267,False,sub-43,NS,eyesopen,75,0
TP9,0.1381008566283646,0.052600986452242864,False,sub-43,NS,eyesopen,75,0
Pz,0.0676789235189688,0.031614707464414464,False,sub-43,NS,eyesopen,75,0
P1,0.06664900000906675,0.030668041247024814,False,sub-43,NS,eyesopen,75,0
P3,0.08392042840986073,0.039177070232937684,False,sub-43,NS,eyesopen,75,0
P5,0.10692129661124883,0.04420354692399724,False,sub-43,NS,eyesopen,75,0
P7,0.13623559205412927,0.050962502739014974,False,sub-43,NS,eyesopen,75,0
PO3,0.10433095638376147,0.04434533998108794,False,sub-43,NS,eyesopen,75,0
PO7,0.12684817557913283,0.04869263506367071,False,sub-43,NS,eyesopen,75,0
Oz,0.1218737032125483,0.05103786681793616,False,sub-43,NS,eyesopen,75,0
O1,0.11377742672477517,0.04576185163348576,False,sub-43,NS,eyesopen,75,0
Fpz,0.103223432915285,0.05382108108991106,False,sub-43,NS,eyesopen,75,0
Fp2,0.08582058791328796,0.04572487090696597,False,sub-43,NS,eyesopen,75,0
AF4,0.10426881709272423,0.0438955797628522,False,sub-43,NS,eyesopen,75,0
AF8,0.09628248725307019,0.04426604552139534,False,sub-43,NS,eyesopen,75,0
F2,0.11655659160118319,0.04621767965148917,False,sub-43,NS,eyesopen,75,0
F4,0.11888878052874537,0.04902479609446762,False,sub-43,NS,eyesopen,75,0
F6,0.11497571646479221,0.04974129432113039,False,sub-43,NS,eyesopen,75,0
F8,0.11762694591610642,0.053555348811386363,False,sub-43,NS,eyesopen,75,0
FC2,0.10564383344340018,0.04971489229048335,False,sub-43,NS,eyesopen,75,0
FC4,0.10846747479757085,0.05058334602184125,False,sub-43,NS,eyesopen,75,0
FC6,0.11930183332887351,0.051828329763453626,False,sub-43,NS,eyesopen,75,0
FT8,0.12597245089798728,0.05535793281049883,False,sub-43,NS,eyesopen,75,0
C2,0.07225546986342697,0.03494127402146358,False,sub-43,NS,eyesopen,75,0
C4,0.09084626202268618,0.04252040310569305,False,sub-43,NS,eyesopen,75,0
C6,0.11854630337133763,0.0507470812054827,False,sub-43,NS,eyesopen,75,0
T8,0.12888977275067579,0.05415810612947527,False,sub-43,NS,eyesopen,75,0
CPz,0.06142706611881194,0.031646971728768826,False,sub-43,NS,eyesopen,75,0
CP2,0.06262323838226962,0.03086872271198689,False,sub-43,NS,eyesopen,75,0
CP4,0.08452262968668542,0.041533598979164164,False,sub-43,NS,eyesopen,75,0
CP6,0.11783710098233074,0.05277217379708733,False,sub-43,NS,eyesopen,75,0
TP8,0.13908786297083356,0.058159683312379376,False,sub-43,NS,eyesopen,75,0
TP10,0.14055645064382286,0.05948843169435734,False,sub-43,NS,eyesopen,75,0
P2,0.07947836919196453,0.040381921338530385,False,sub-43,NS,eyesopen,75,0
P4,0.08026826514622724,0.040797067598909095,False,sub-43,NS,eyesopen,75,0
P6,0.1187883964690949,0.057082638446293875,False,sub-43,NS,eyesopen,75,0
P8,0.14147736497691268,0.06182297768664223,False,sub-43,NS,eyesopen,75,0
POz,0.09581810085703298,0.04249935824671645,False,sub-43,NS,eyesopen,75,0
PO4,0.1019529986143859,0.048937858068069204,False,sub-43,NS,eyesopen,75,0
PO8,0.13161145832829596,0.05842697618793889,False,sub-43,NS,eyesopen,75,0
O2,0.1275431506782973,0.054752046937999004,False,sub-43,NS,eyesopen,75,0
Fp1,0.26135590794519503,0.08229214212082127,False,sub-43,SD,eyesopen,75,0
Fp2,0.2594294906538183,0.08187282776845078,False,sub-43,SD,eyesopen,75,0
F3,0.21099816684206144,0.06469076058118005,False,sub-43,SD,eyesopen,75,0
F4,0.22746448497027344,0.079109144468078,False,sub-43,SD,eyesopen,75,0
C3,0.18680313707303345,0.08671522219910217,False,sub-43,SD,eyesopen,75,0
C4,0.16354982124947842,0.07045027951685343,False,sub-43,SD,eyesopen,75,0
P3,0.1645750797085988,0.05807535822921515,False,sub-43,SD,eyesopen,75,0
P4,0.15117708717583497,0.05054727412590534,False,sub-43,SD,eyesopen,75,0
O1,0.2232038764343371,0.062330591976725566,False,sub-43,SD,eyesopen,75,0
O2,0.2184085864660923,0.06372046680436795,False,sub-43,SD,eyesopen,75,0
F7,0.23351245550813174,0.06304909101992802,False,sub-43,SD,eyesopen,75,0
F8,0.22601504050317364,0.06877307135350322,False,sub-43,SD,eyesopen,75,0
T7,0.22739808332505287,0.06301073899088315,False,sub-43,SD,eyesopen,75,0
T8,0.2250863597107158,0.0666863204935797,False,sub-43,SD,eyesopen,75,0
P7,0.2389282521836662,0.060453640657174124,False,sub-43,SD,eyesopen,75,0
P8,0.21335808778081003,0.05493739831392256,False,sub-43,SD,eyesopen,75,0
Fz,0.2384967861355527,0.09360151518411713,False,sub-43,SD,eyesopen,75,0
Cz,0.14226061092616318,0.061793228137605745,False,sub-43,SD,eyesopen,75,0
Pz,0.13224212782186287,0.04901928495010409,False,sub-43,SD,eyesopen,75,0
Oz,0.2206785761043255,0.062297659544215886,False,sub-43,SD,eyesopen,75,0
FC1,0.1771530113524808,0.0720912375130188,False,sub-43,SD,eyesopen,75,0
FC2,0.17473659750084272,0.08102983223690963,False,sub-43,SD,eyesopen,75,0
CP1,0.13818559367387237,0.061439103868855205,False,sub-43,SD,eyesopen,75,0
CP2,0.12650528522142832,0.051583026828632826,False,sub-43,SD,eyesopen,75,0
FC5,0.20990796913990575,0.06608024790938026,False,sub-43,SD,eyesopen,75,0
FC6,0.2132748627348225,0.07620781974716512,False,sub-43,SD,eyesopen,75,0
CP5,0.21074624053703606,0.06648447437454155,False,sub-43,SD,eyesopen,75,0
CP6,0.19887175378988245,0.06165532738264112,False,sub-43,SD,eyesopen,75,0
TP9,0.2406360407057808,0.061328462831880114,False,sub-43,SD,eyesopen,75,0
TP10,0.23023774195001623,0.05856721009513574,False,sub-43,SD,eyesopen,75,0
POz,0.1663880178601483,0.056571046346937964,False,sub-43,SD,eyesopen,75,0
F1,0.21465255943547015,0.0673315133611993,False,sub-43,SD,eyesopen,75,0
F2,0.23722219650421844,0.08975315747510665,False,sub-43,SD,eyesopen,75,0
C1,0.15251055043656345,0.07322955293516911,False,sub-43,SD,eyesopen,75,0
C2,0.1328988131045225,0.060075227370449465,False,sub-43,SD,eyesopen,75,0
P1,0.13294346960552977,0.04934953199090311,False,sub-43,SD,eyesopen,75,0
P2,0.14031636534444414,0.052514622739424296,False,sub-43,SD,eyesopen,75,0
AF3,0.24618859944224047,0.06938647303833427,False,sub-43,SD,eyesopen,75,0
AF4,0.2520857192122339,0.07897385271325659,False,sub-43,SD,eyesopen,75,0
FC3,0.183003940845198,0.06864462938828786,False,sub-43,SD,eyesopen,75,0
FC4,0.19118647097930197,0.07975637619827936,False,sub-43,SD,eyesopen,75,0
CP3,0.17345294778449125,0.06666881039031115,False,sub-43,SD,eyesopen,75,0
CP4,0.15208225367441067,0.06065292562651568,False,sub-43,SD,eyesopen,75,0
PO3,0.183336251490561,0.05432338361408556,False,sub-43,SD,eyesopen,75,0
PO4,0.17746664001382734,0.055518264701418754,False,sub-43,SD,eyesopen,75,0
F5,0.22432059604148227,0.06269463432381545,False,sub-43,SD,eyesopen,75,0
F6,0.22415430850310863,0.06928064116032015,False,sub-43,SD,eyesopen,75,0
C5,0.21571569079357517,0.07021208930335321,False,sub-43,SD,eyesopen,75,0
C6,0.21363095019129436,0.07056787396208165,False,sub-43,SD,eyesopen,75,0
P5,0.2004055710415008,0.061297917877387594,False,sub-43,SD,eyesopen,75,0
P6,0.18273908360635516,0.05506703507905189,False,sub-43,SD,eyesopen,75,0
AF7,0.24811253338359734,0.07217973837928018,False,sub-43,SD,eyesopen,75,0
AF8,0.24261920001209017,0.06957007287741074,False,sub-43,SD,eyesopen,75,0
FT7,0.21352245229290512,0.0603111448756278,False,sub-43,SD,eyesopen,75,0
FT8,0.2257276492508591,0.07113528858473389,False,sub-43,SD,eyesopen,75,0
TP7,0.23391143811645929,0.057270113851015166,False,sub-43,SD,eyesopen,75,0
TP8,0.225413338343281,0.05582901341147649,False,sub-43,SD,eyesopen,75,0
PO7,0.22676236023274807,0.06125124270651643,False,sub-43,SD,eyesopen,75,0
PO8,0.2054557436824389,0.05740505339256725,False,sub-43,SD,eyesopen,75,0
Fpz,0.2695546592245018,0.08214392905838792,False,sub-43,SD,eyesopen,75,0
CPz,0.12909664707516208,0.05553901524106172,False,sub-43,SD,eyesopen,75,0
Fp1,0.0860147705498051,0.029546657705714123,False,sub-44,SD,eyesopen,75,0
AF3,0.0942263897905571,0.038334849982493806,False,sub-44,SD,eyesopen,75,0
AF7,0.09476634856162597,0.0363608944174251,False,sub-44,SD,eyesopen,75,0
Fz,0.20631089999794763,0.10142298673211167,False,sub-44,SD,eyesopen,75,0
F1,0.16228796622896532,0.08070132368978158,False,sub-44,SD,eyesopen,75,0
F3,0.09053783552602157,0.03508308084146664,False,sub-44,SD,eyesopen,75,0
F5,0.10465649144438048,0.04427575188901466,False,sub-44,SD,eyesopen,75,0
F7,0.1286848710332982,0.053995201573542775,False,sub-44,SD,eyesopen,75,0
FC1,0.16476726502848765,0.05969886193595386,False,sub-44,SD,eyesopen,75,0
FC3,0.13740624900984807,0.052363449349684094,False,sub-44,SD,eyesopen,75,0
FC5,0.15041762542896628,0.0551939978673883,False,sub-44,SD,eyesopen,75,0
FT7,0.14334731491014216,0.050060407438618816,False,sub-44,SD,eyesopen,75,0
Cz,0.1279317007363666,0.05246794616793388,False,sub-44,SD,eyesopen,75,0
C1,0.18831322791762017,0.07654168129215186,False,sub-44,SD,eyesopen,75,0
C3,0.15471382773040385,0.06640572897951261,False,sub-44,SD,eyesopen,75,0
C5,0.13612879593273602,0.050328414520979074,False,sub-44,SD,eyesopen,75,0
T7,0.13403894435651856,0.05166057538827863,False,sub-44,SD,eyesopen,75,0
CP1,0.14377823007451715,0.06286778727199757,False,sub-44,SD,eyesopen,75,0
CP3,0.13566809454795312,0.06122426276444859,False,sub-44,SD,eyesopen,75,0
CP5,0.1374041984093475,0.05944701690954009,False,sub-44,SD,eyesopen,75,0
TP7,0.13423464075040034,0.05256357085906022,False,sub-44,SD,eyesopen,75,0
TP9,0.13778986020656372,0.05348643620446165,False,sub-44,SD,eyesopen,75,0
Pz,0.12116964698936172,0.05284500757089674,False,sub-44,SD,eyesopen,75,0
P1,0.12619257287900826,0.054292541325295554,False,sub-44,SD,eyesopen,75,0
P3,0.12940400997223703,0.05554908502928371,False,sub-44,SD,eyesopen,75,0
P5,0.12584962861217847,0.053522890044550575,False,sub-44,SD,eyesopen,75,0
P7,0.13287758542361325,0.05293286510090277,False,sub-44,SD,eyesopen,75,0
PO3,0.1466017240974521,0.061699558773660984,False,sub-44,SD,eyesopen,75,0
PO7,0.1708045627421249,0.07228597440255594,False,sub-44,SD,eyesopen,75,0
Oz,0.2496580992987279,0.09772704884242107,False,sub-44,SD,eyesopen,75,0
O1,0.13964417615266383,0.059139399721011475,False,sub-44,SD,eyesopen,75,0
Fpz,0.0852734989776203,0.03026364782499542,False,sub-44,SD,eyesopen,75,0
Fp2,0.0783815220450082,0.027481067609044056,False,sub-44,SD,eyesopen,75,0
AF4,0.06592771768922072,0.021670956031777593,False,sub-44,SD,eyesopen,75,0
AF8,0.1206970749597011,0.04446745406994415,False,sub-44,SD,eyesopen,75,0
F2,0.1302340626881401,0.04761892634231053,False,sub-44,SD,eyesopen,75,0
F4,0.09014396925030148,0.03379920952111415,False,sub-44,SD,eyesopen,75,0
F6,0.09056327213892183,0.03659624093846555,False,sub-44,SD,eyesopen,75,0
F8,0.11338994838659851,0.04480209817901471,False,sub-44,SD,eyesopen,75,0
FC2,0.3142250181627201,0.08065585003380124,False,sub-44,SD,eyesopen,75,0
FC4,0.13684059911016397,0.05316218184548107,False,sub-44,SD,eyesopen,75,0
FC6,0.14964092977239338,0.05690058545682037,False,sub-44,SD,eyesopen,75,0
FT8,0.14925360573489024,0.05686842875346233,False,sub-44,SD,eyesopen,75,0
C2,0.44721724724319434,0.11576249287852208,False,sub-44,SD,eyesopen,75,0
C4,0.14823779730331982,0.06976472170591738,False,sub-44,SD,eyesopen,75,0
C6,0.2110992250283767,0.07627326742630532,False,sub-44,SD,eyesopen,75,0
T8,0.13756014000766034,0.05662316154945682,False,sub-44,SD,eyesopen,75,0
CPz,0.1306336870501746,0.06059163300985663,False,sub-44,SD,eyesopen,75,0
CP2,0.152794504747102,0.07359354529296364,False,sub-44,SD,eyesopen,75,0
CP4,0.17948124514199557,0.08597738723063006,False,sub-44,SD,eyesopen,75,0
CP6,0.14575028674010534,0.06803349771233728,False,sub-44,SD,eyesopen,75,0
TP8,0.1461738663068938,0.06311416446201211,False,sub-44,SD,eyesopen,75,0
TP10,0.15437357060287346,0.05696165389566685,False,sub-44,SD,eyesopen,75,0
P2,0.21861472678443064,0.09546072008506737,False,sub-44,SD,eyesopen,75,0
P4,0.15686461435712049,0.07705748291847554,False,sub-44,SD,eyesopen,75,0
P6,0.27894711466048433,0.11755305221084303,False,sub-44,SD,eyesopen,75,0
P8,0.4613558278085249,0.13060688692067654,False,sub-44,SD,eyesopen,75,0
POz,0.5077619634521113,0.11070859710510526,False,sub-44,SD,eyesopen,75,0
PO4,0.2915846180211716,0.1089829356588777,False,sub-44,SD,eyesopen,75,0
PO8,0.2597810407771456,0.1108488835210691,False,sub-44,SD,eyesopen,75,0
O2,0.2893373582477704,0.11202265379618337,False,sub-44,SD,eyesopen,75,0
Fp1,0.11901669576894487,0.042717575960659865,False,sub-45,SD,eyesopen,75,0
AF3,0.1441219525240078,0.05824031166436662,False,sub-45,SD,eyesopen,75,0
AF7,0.13416711736309794,0.05605105974614934,False,sub-45,SD,eyesopen,75,0
Fz,0.1334410796697965,0.05742700486689701,False,sub-45,SD,eyesopen,75,0
F1,0.14879023300129213,0.0638582735855316,False,sub-45,SD,eyesopen,75,0
F3,0.14869884314992718,0.06553835876348935,False,sub-45,SD,eyesopen,75,0
F5,0.14897362595170743,0.0650265682743611,False,sub-45,SD,eyesopen,75,0
F7,0.15016996990766038,0.06569741929447143,False,sub-45,SD,eyesopen,75,0
FC1,0.15898398500961577,0.05807945629977777,False,sub-45,SD,eyesopen,75,0
FC3,0.15747842133886578,0.059286428820237054,False,sub-45,SD,eyesopen,75,0
FC5,0.14798878509533633,0.05767567096723191,False,sub-45,SD,eyesopen,75,0
FT7,0.1476430459136067,0.059969710271978026,False,sub-45,SD,eyesopen,75,0
Cz,0.14036423371806325,0.06286527741661692,False,sub-45,SD,eyesopen,75,0
C1,0.1506485634157111,0.05163259128821733,False,sub-45,SD,eyesopen,75,0
C3,0.15924458664089441,0.05654375565087011,False,sub-45,SD,eyesopen,75,0
C5,0.19421313236559265,0.062236389847822336,False,sub-45,SD,eyesopen,75,0
T7,0.14182442670877807,0.048338676169122866,False,sub-45,SD,eyesopen,75,0
CP1,0.14339138935672616,0.06262866067967705,False,sub-45,SD,eyesopen,75,0
CP3,0.15638930751312716,0.053864090054093955,False,sub-45,SD,eyesopen,75,0
CP5,0.16702587297094024,0.055361179656259606,False,sub-45,SD,eyesopen,75,0
TP7,0.16891160642959369,0.058884982879750365,False,sub-45,SD,eyesopen,75,0
TP9,0.10333862251613261,0.045500712483380334,False,sub-45,SD,eyesopen,75,0
Pz,0.11509448210750925,0.05204389140747143,False,sub-45,SD,eyesopen,75,0
P1,0.13019094126154201,0.05413744875059447,False,sub-45,SD,eyesopen,75,0
P3,0.14468962768442892,0.059029453037984146,False,sub-45,SD,eyesopen,75,0
P5,0.16316980103111428,0.06068521174001761,False,sub-45,SD,eyesopen,75,0
P7,0.1686523835056859,0.062062570838914644,False,sub-45,SD,eyesopen,75,0
PO3,0.12604631191916021,0.04960716377133518,False,sub-45,SD,eyesopen,75,0
PO7,0.13666676098322128,0.04962562949932848,False,sub-45,SD,eyesopen,75,0
Oz,0.07686533671170283,0.027027450822865413,False,sub-45,SD,eyesopen,75,0
O1,0.11326823487026158,0.04279425047851566,False,sub-45,SD,eyesopen,75,0
Fpz,0.12782459598830814,0.051313650178111576,False,sub-45,SD,eyesopen,75,0
Fp2,0.09222943231783805,0.038053236546052534,False,sub-45,SD,eyesopen,75,0
AF4,0.1225915219355199,0.04600820276372593,False,sub-45,SD,eyesopen,75,0
AF8,0.10718304622382568,0.04543069632979148,False,sub-45,SD,eyesopen,75,0
F2,0.1324639532297413,0.05249058686700474,False,sub-45,SD,eyesopen,75,0
F4,0.1373571044892597,0.05496660414796086,False,sub-45,SD,eyesopen,75,0
F6,0.14225892462730877,0.06266427270076454,False,sub-45,SD,eyesopen,75,0
F8,0.1459586571653798,0.061917925754387246,False,sub-45,SD,eyesopen,75,0
FC2,0.16909547545040213,0.06760615636158603,False,sub-45,SD,eyesopen,75,0
FC4,0.17903516321371607,0.07396726164909245,False,sub-45,SD,eyesopen,75,0
FC6,0.17778725562324124,0.06687758721697941,False,sub-45,SD,eyesopen,75,0
FT8,0.18178905491871097,0.06801774408729544,False,sub-45,SD,eyesopen,75,0
C2,0.1406197837332946,0.05907220928251064,False,sub-45,SD,eyesopen,75,0
C4,0.16449029374484725,0.06102195790101742,False,sub-45,SD,eyesopen,75,0
C6,0.18759717370428827,0.06923880160796335,False,sub-45,SD,eyesopen,75,0
T8,0.15589965357224436,0.05897628245214607,False,sub-45,SD,eyesopen,75,0
CPz,0.12533637083177487,0.05448679323140485,False,sub-45,SD,eyesopen,75,0
CP2,0.1266131998979653,0.056311100158693506,False,sub-45,SD,eyesopen,75,0
CP4,0.1368509000035688,0.0552592512869031,False,sub-45,SD,eyesopen,75,0
CP6,0.1490784976881041,0.055595446363204015,False,sub-45,SD,eyesopen,75,0
TP8,0.16881332633997645,0.06463240677875817,False,sub-45,SD,eyesopen,75,0
TP10,0.16414925206082184,0.059685313963643204,False,sub-45,SD,eyesopen,75,0
P2,0.09864148490193454,0.04337990164585863,False,sub-45,SD,eyesopen,75,0
P4,0.09679753963828794,0.03724995624721961,False,sub-45,SD,eyesopen,75,0
P6,0.10437661567150493,0.03774493530548202,False,sub-45,SD,eyesopen,75,0
P8,0.1529586550432213,0.061547802420256884,False,sub-45,SD,eyesopen,75,0
POz,0.08805176926855533,0.034345340679099244,False,sub-45,SD,eyesopen,75,0
PO4,0.057566796934148456,0.020064254232820305,False,sub-45,SD,eyesopen,75,0
PO8,0.0929926550685734,0.03399684568945424,False,sub-45,SD,eyesopen,75,0
O2,0.062186707292178366,0.02213027119316071,False,sub-45,SD,eyesopen,75,0
Fp1,0.101330670967526,0.05451059308293267,False,sub-45,NS,eyesopen,75,0
AF3,0.12305823150105477,0.06975117026600414,False,sub-45,NS,eyesopen,75,0
AF7,0.11224416061937606,0.061135625281143934,False,sub-45,NS,eyesopen,75,0
Fz,0.13229039975572301,0.06570541563194197,False,sub-45,NS,eyesopen,75,0
F1,0.1458317457077603,0.07373844319606629,False,sub-45,NS,eyesopen,75,0
F3,0.1678038145519168,0.09478553025259918,False,sub-45,NS,eyesopen,75,0
F5,0.15805757185047806,0.08379974038241456,False,sub-45,NS,eyesopen,75,0
F7,0.16899208328223583,0.09119017796779266,False,sub-45,NS,eyesopen,75,0
FC1,0.15508773953996371,0.06338584700040774,False,sub-45,NS,eyesopen,75,0
FC3,0.20870054507333688,0.09664700780416052,False,sub-45,NS,eyesopen,75,0
FC5,0.20207169662959473,0.09293946661764557,False,sub-45,NS,eyesopen,75,0
FT7,0.20356352238508768,0.09722801522963923,False,sub-45,NS,eyesopen,75,0
Cz,0.15700909690436668,0.08138991464973644,False,sub-45,NS,eyesopen,75,0
C1,0.15889756738037,0.07084401526521576,False,sub-45,NS,eyesopen,75,0
C3,0.2025021943351162,0.09154376036664773,False,sub-45,NS,eyesopen,75,0
C5,0.20793986068220013,0.09581253192355281,False,sub-45,NS,eyesopen,75,0
T7,0.1828635621347246,0.08485067209584742,False,sub-45,NS,eyesopen,75,0
CP1,0.16329811306210676,0.08012406883038128,False,sub-45,NS,eyesopen,75,0
CP3,0.18621573451236423,0.0883318823147592,False,sub-45,NS,eyesopen,75,0
CP5,0.19913771343839837,0.09296275605023971,False,sub-45,NS,eyesopen,75,0
TP7,0.20173118652623598,0.09596356440165013,False,sub-45,NS,eyesopen,75,0
TP9,0.16948156141445422,0.0858263623787491,False,sub-45,NS,eyesopen,75,0
Pz,0.14571208352381496,0.07127689442800102,False,sub-45,NS,eyesopen,75,0
P1,0.155534992984481,0.07503386846323265,False,sub-45,NS,eyesopen,75,0
P3,0.17046630749595082,0.08299337010021983,False,sub-45,NS,eyesopen,75,0
P5,0.18113009531183866,0.08574089621050243,False,sub-45,NS,eyesopen,75,0
P7,0.1924750474781551,0.09333004741509081,False,sub-45,NS,eyesopen,75,0
PO3,0.14795181211052075,0.07151934047503587,False,sub-45,NS,eyesopen,75,0
PO7,0.15568939389697992,0.07791018825919782,False,sub-45,NS,eyesopen,75,0
Oz,0.10149261626041886,0.049246325683616504,False,sub-45,NS,eyesopen,75,0
O1,0.10668214010551258,0.04907697539072653,False,sub-45,NS,eyesopen,75,0
Fpz,0.11041820643352651,0.058605106119022636,False,sub-45,NS,eyesopen,75,0
Fp2,0.10650972983669153,0.0623247839451464,False,sub-45,NS,eyesopen,75,0
AF4,0.12271509473338199,0.06680245927082716,False,sub-45,NS,eyesopen,75,0
AF8,0.13845801413249215,0.08333419910358054,False,sub-45,NS,eyesopen,75,0
F2,0.14640440701982807,0.07149375262815172,False,sub-45,NS,eyesopen,75,0
F4,0.1670767694191813,0.09100580578330708,False,sub-45,NS,eyesopen,75,0
F6,0.17068677851954264,0.09575615012826398,False,sub-45,NS,eyesopen,75,0
F8,0.16628435351255005,0.08710587891784934,False,sub-45,NS,eyesopen,75,0
FC2,0.16903327448632274,0.07993475402699872,False,sub-45,NS,eyesopen,75,0
FC4,0.1913758545527761,0.10011739892616538,False,sub-45,NS,eyesopen,75,0
FC6,0.18678822060824848,0.09971476189562888,False,sub-45,NS,eyesopen,75,0
FT8,0.17014242843245841,0.08960820372226976,False,sub-45,NS,eyesopen,75,0
C2,0.14870003703543644,0.0864546189737734,False,sub-45,NS,eyesopen,75,0
C4,0.16696726365489575,0.09433944770498691,False,sub-45,NS,eyesopen,75,0
C6,0.17365739504802918,0.09123096474231566,False,sub-45,NS,eyesopen,75,0
T8,0.1542133608886333,0.07628764663304351,False,sub-45,NS,eyesopen,75,0
CPz,0.1477116314539204,0.07365765267217449,False,sub-45,NS,eyesopen,75,0
CP2,0.14496351398693133,0.08071785517926199,False,sub-45,NS,eyesopen,75,0
CP4,0.15092304490406266,0.08225803981516264,False,sub-45,NS,eyesopen,75,0
CP6,0.15875614087368917,0.08856364814760458,False,sub-45,NS,eyesopen,75,0
TP8,0.16921727279477466,0.08365746752812238,False,sub-45,NS,eyesopen,75,0
TP10,0.16121107639296783,0.08127850697319482,False,sub-45,NS,eyesopen,75,0
P2,0.14206952661996702,0.07082385084831973,False,sub-45,NS,eyesopen,75,0
P4,0.13552795050525623,0.06822823031839031,False,sub-45,NS,eyesopen,75,0
P6,0.1433809757707979,0.07383931051203549,False,sub-45,NS,eyesopen,75,0
P8,0.14792565246718908,0.07359547564789018,False,sub-45,NS,eyesopen,75,0
POz,0.137727298624605,0.06570179625483805,False,sub-45,NS,eyesopen,75,0
PO4,0.11523930679656486,0.052719817093344494,False,sub-45,NS,eyesopen,75,0
PO8,0.11198921658354846,0.05750149020538102,False,sub-45,NS,eyesopen,75,0
O2,0.07906186885668025,0.03744978734890849,False,sub-45,NS,eyesopen,75,0
Fp1,0.17786449162207346,0.05884418974736094,False,sub-46,NS,eyesopen,75,1
AF3,0.22507120194125663,0.06745080820016099,False,sub-46,NS,eyesopen,75,1
AF7,0.10472116344997498,0.04044812555469019,False,sub-46,NS,eyesopen,75,1
Fz,0.23006738427204643,0.07821089662180282,False,sub-46,NS,eyesopen,75,1
F1,0.1895899627667255,0.08134028138348995,False,sub-46,NS,eyesopen,75,1
F3,0.22471514099595558,0.06980424079830347,False,sub-46,NS,eyesopen,75,1
F5,0.17832853727066683,0.05770786309463194,False,sub-46,NS,eyesopen,75,1
F7,0.17163006155687552,0.05045973678040968,False,sub-46,NS,eyesopen,75,1
FC1,0.15098682524773951,0.0628302235443247,True,sub-46,NS,eyesopen,75,1
FC3,0.18445915295906237,0.07168568197515578,False,sub-46,NS,eyesopen,75,1
FC5,0.19369073453344862,0.06121561431669532,False,sub-46,NS,eyesopen,75,1
FT7,0.18318331767654494,0.06046647408769103,False,sub-46,NS,eyesopen,75,1
Cz,0.12018326064847322,0.05466192347613172,False,sub-46,NS,eyesopen,75,1
C1,0.11199354858963424,0.04933833028970463,False,sub-46,NS,eyesopen,75,1
C3,0.10599015334597928,0.05347592385899077,False,sub-46,NS,eyesopen,75,1
C5,0.16300222451449045,0.060916746966833794,False,sub-46,NS,eyesopen,75,1
T7,0.1900232169921235,0.06878443454956741,False,sub-46,NS,eyesopen,75,1
CP1,0.11704048365802527,0.04515201203209194,False,sub-46,NS,eyesopen,75,1
CP3,0.12511146619066804,0.051808845894688836,False,sub-46,NS,eyesopen,75,1
CP5,0.1753110271834397,0.061036849376445455,False,sub-46,NS,eyesopen,75,1
TP7,0.18525646112426072,0.07157440614958888,False,sub-46,NS,eyesopen,75,1
TP9,0.1991254829186918,0.06516072975721805,False,sub-46,NS,eyesopen,75,1
Pz,0.13100999652746298,0.05556838510349343,False,sub-46,NS,eyesopen,75,1
P1,0.13232412023412302,0.0487686855149121,False,sub-46,NS,eyesopen,75,1
P3,0.16003636300325533,0.05129560298129129,False,sub-46,NS,eyesopen,75,1
P5,0.19109543791512243,0.05639547094286951,False,sub-46,NS,eyesopen,75,1
P7,0.2097464797996073,0.06424066224112168,False,sub-46,NS,eyesopen,75,1
PO3,0.1831928032191275,0.05559647067566931,False,sub-46,NS,eyesopen,75,1
PO7,0.2059560455802627,0.06248341369295785,False,sub-46,NS,eyesopen,75,1
Oz,0.1855494851164156,0.05906183964040881,False,sub-46,NS,eyesopen,75,1
O1,0.19869454021352664,0.05951991785969395,False,sub-46,NS,eyesopen,75,1
Fpz,0.18520903895154064,0.05609383690153136,False,sub-46,NS,eyesopen,75,1
Fp2,0.1325577113466497,0.053775207247383244,False,sub-46,NS,eyesopen,75,1
AF4,0.21116237058297563,0.07170382308720899,False,sub-46,NS,eyesopen,75,1
AF8,0.10727375166914306,0.049160222332916344,False,sub-46,NS,eyesopen,75,1
F2,0.22174286053099793,0.07214010384405815,False,sub-46,NS,eyesopen,75,1
F4,0.17447299414842127,0.08573067205629628,False,sub-46,NS,eyesopen,75,1
F6,0.1672795299763502,0.07934829001804825,False,sub-46,NS,eyesopen,75,1
F8,0.1494262754153634,0.08599458202985803,False,sub-46,NS,eyesopen,75,1
FC2,0.13837027847834368,0.05095782115248819,False,sub-46,NS,eyesopen,75,1
FC4,0.13178366035806816,0.061372360155008215,False,sub-46,NS,eyesopen,75,1
FC6,0.17540550181523235,0.0763030676300328,False,sub-46,NS,eyesopen,75,1
FT8,0.15089526986013896,0.08482792410975502,False,sub-46,NS,eyesopen,75,1
C2,0.10901042824894591,0.04800088229129875,False,sub-46,NS,eyesopen,75,1
C4,0.1315016305233962,0.051188764389348225,False,sub-46,NS,eyesopen,75,1
C6,0.17447554462817,0.08092252508471232,False,sub-46,NS,eyesopen,75,1
T8,0.1345871893105635,0.07471636368002976,False,sub-46,NS,eyesopen,75,1
CPz,0.13051328462669745,0.05033666307920488,False,sub-46,NS,eyesopen,75,1
CP2,0.13826694936484943,0.054080655165736825,False,sub-46,NS,eyesopen,75,1
CP4,0.15779242479450617,0.05805137030400173,False,sub-46,NS,eyesopen,75,1
CP6,0.18152544866198908,0.06666693399360517,False,sub-46,NS,eyesopen,75,1
TP8,0.19041371789977507,0.06345401105749851,False,sub-46,NS,eyesopen,75,1
TP10,0.17893765410722975,0.05866842350824421,False,sub-46,NS,eyesopen,75,1
P2,0.14612265131961244,0.06175047016395899,False,sub-46,NS,eyesopen,75,1
P4,0.13922398715854892,0.059870132278753735,False,sub-46,NS,eyesopen,75,1
P6,0.18874014837422595,0.061491581194474516,False,sub-46,NS,eyesopen,75,1
P8,0.18939931362235252,0.058986151675649634,False,sub-46,NS,eyesopen,75,1
POz,0.15505088128880226,0.05968247778882793,False,sub-46,NS,eyesopen,75,1
PO4,0.1641501340579005,0.06060513666479881,False,sub-46,NS,eyesopen,75,1
PO8,0.14247505139173947,0.048677539550323196,False,sub-46,NS,eyesopen,75,1
O2,0.1512597599887515,0.049438041298704036,False,sub-46,NS,eyesopen,75,1
Fp1,0.16395187031911826,0.07496307190299138,False,sub-46,SD,eyesopen,73,0
AF3,0.21977548537499417,0.09543350417415156,False,sub-46,SD,eyesopen,73,0
AF7,0.1938323029581365,0.08205578170851402,False,sub-46,SD,eyesopen,73,0
Fz,0.23890099434453435,0.09584988628873699,False,sub-46,SD,eyesopen,73,0
F1,0.2257394988215558,0.0812749333140695,False,sub-46,SD,eyesopen,73,0
F3,0.21177132069782414,0.0779721386853222,False,sub-46,SD,eyesopen,73,0
F5,0.19552881183882176,0.07615133910828263,False,sub-46,SD,eyesopen,73,0
F7,0.12674078655249352,0.050311020552777155,False,sub-46,SD,eyesopen,73,0
FC1,0.21323357841672952,0.06419587044821663,False,sub-46,SD,eyesopen,73,0
FC3,0.20293575382975457,0.0736286478305528,False,sub-46,SD,eyesopen,73,0
FC5,0.19334009373442756,0.0649208886020228,False,sub-46,SD,eyesopen,73,0
FT7,0.13842314644580261,0.0504188931907309,False,sub-46,SD,eyesopen,73,0
Cz,0.14544129624213373,0.06563035245993314,False,sub-46,SD,eyesopen,73,0
C1,0.126789193367471,0.060784857364897346,False,sub-46,SD,eyesopen,73,0
C3,0.1554742631931968,0.07795860943357018,False,sub-46,SD,eyesopen,73,0
C5,0.16703198674617925,0.0722011300840119,False,sub-46,SD,eyesopen,73,0
T7,0.16020134086700358,0.06260161042227717,False,sub-46,SD,eyesopen,73,0
CP1,0.15972330346467586,0.07335170542469761,False,sub-46,SD,eyesopen,73,0
CP3,0.19098747417590717,0.08165822980036613,False,sub-46,SD,eyesopen,73,0
CP5,0.1655319511169888,0.07861980360622683,False,sub-46,SD,eyesopen,73,0
TP7,0.18570674926430442,0.07498916735350927,False,sub-46,SD,eyesopen,73,0
TP9,0.16941345475416358,0.10077571737328529,False,sub-46,SD,eyesopen,73,0
Pz,0.17415954807647077,0.08063465698580051,False,sub-46,SD,eyesopen,73,0
P1,0.13531957010770523,0.07107321078057957,False,sub-46,SD,eyesopen,73,0
P3,0.15086883542210097,0.07469148964609416,False,sub-46,SD,eyesopen,73,0
P5,0.2078219915645805,0.08552341261866232,False,sub-46,SD,eyesopen,73,0
P7,0.22429074794216383,0.08655603774819001,False,sub-46,SD,eyesopen,73,0
PO3,0.2104782066212989,0.08368472727148414,False,sub-46,SD,eyesopen,73,0
PO7,0.21702471386124672,0.0859199991283599,False,sub-46,SD,eyesopen,73,0
Oz,0.21078434852416322,0.08122815031985696,False,sub-46,SD,eyesopen,73,0
O1,0.22836294478356048,0.09060786384004628,False,sub-46,SD,eyesopen,73,0
Fpz,0.15644481252796172,0.06923023874796531,False,sub-46,SD,eyesopen,73,0
Fp2,0.07153984351140494,0.03244667457640882,False,sub-46,SD,eyesopen,73,0
AF4,0.14973165876493538,0.06627489358465499,False,sub-46,SD,eyesopen,73,0
AF8,0.11111293040167573,0.05712798161249127,False,sub-46,SD,eyesopen,73,0
F2,0.19889277949389608,0.07799679842482285,False,sub-46,SD,eyesopen,73,0
F4,0.17529813394603783,0.07202905299790804,False,sub-46,SD,eyesopen,73,0
F6,0.16405721703676795,0.06813723042981779,False,sub-46,SD,eyesopen,73,0
F8,0.17372695418884004,0.07709201373150434,False,sub-46,SD,eyesopen,73,0
FC2,0.16104911140073946,0.05722771300528103,False,sub-46,SD,eyesopen,73,0
FC4,0.16048684715315914,0.06538943099544291,False,sub-46,SD,eyesopen,73,0
FC6,0.16871174412413717,0.06750637287368862,False,sub-46,SD,eyesopen,73,0
FT8,0.1729700341589627,0.06876423346113288,False,sub-46,SD,eyesopen,73,0
C2,0.11873368589693016,0.08515214830760949,False,sub-46,SD,eyesopen,73,0
C4,0.14137660045734637,0.07859019824065075,False,sub-46,SD,eyesopen,73,0
C6,0.19259629404791884,0.07639253724840786,False,sub-46,SD,eyesopen,73,0
T8,0.13508198286814743,0.060147786262097505,False,sub-46,SD,eyesopen,73,0
CPz,0.12091401100465715,0.060861018925301665,False,sub-46,SD,eyesopen,73,0
CP2,0.13538489992864194,0.07653520031396331,False,sub-46,SD,eyesopen,73,0
CP4,0.1600620513053215,0.07822236875599131,False,sub-46,SD,eyesopen,73,0
CP6,0.19493325053494134,0.07546309863028171,False,sub-46,SD,eyesopen,73,0
TP8,0.19749954455896762,0.07124897803350254,False,sub-46,SD,eyesopen,73,0
TP10,0.20284780963003046,0.07955409474385966,False,sub-46,SD,eyesopen,73,0
P2,0.14855135781855655,0.07349273308051132,False,sub-46,SD,eyesopen,73,0
P4,0.16646126626177213,0.071308525876929,False,sub-46,SD,eyesopen,73,0
P6,0.19035985811261225,0.07647001239559778,False,sub-46,SD,eyesopen,73,0
P8,0.20425548538690083,0.07918144681595075,False,sub-46,SD,eyesopen,73,0
POz,0.15240415976659202,0.06946617760758904,False,sub-46,SD,eyesopen,73,0
PO4,0.17259672062581882,0.07508585805240135,False,sub-46,SD,eyesopen,73,0
PO8,0.18577808488023015,0.08118341761921152,False,sub-46,SD,eyesopen,73,0
O2,0.15614154210234887,0.06611963103332169,False,sub-46,SD,eyesopen,73,0
Fp1,0.1924321819731009,0.07352402771811478,False,sub-47,NS,eyesopen,75,0
AF3,0.28764802360993,0.09428025683693732,False,sub-47,NS,eyesopen,75,0
AF7,0.7690907521009457,0.11357191598461837,False,sub-47,NS,eyesopen,75,0
Fz,0.3530573369552686,0.10583181778846705,False,sub-47,NS,eyesopen,75,0
F1,0.5618502838885241,0.11296104697113146,False,sub-47,NS,eyesopen,75,0
F3,0.20344638693979866,0.06580517864686664,False,sub-47,NS,eyesopen,75,0
F5,0.9384342314013739,0.02547977307105189,False,sub-47,NS,eyesopen,75,0
F7,0.18966151914270934,0.061415653930479416,False,sub-47,NS,eyesopen,75,0
FC1,0.25780208831847434,0.07722333791633798,False,sub-47,NS,eyesopen,75,0
FC3,0.8546827778568077,0.05177714859750575,False,sub-47,NS,eyesopen,75,0
FC5,0.2557682220369558,0.07849966665196582,False,sub-47,NS,eyesopen,75,0
FT7,0.938636191163467,0.021155325842238736,False,sub-47,NS,eyesopen,75,0
Cz,0.20597466015567,0.07200963009519579,False,sub-47,NS,eyesopen,75,0
C1,0.2614684999820876,0.08456382914341339,False,sub-47,NS,eyesopen,75,0
C3,0.9516397669343022,0.029635950413082052,False,sub-47,NS,eyesopen,75,0
C5,0.2198749878567154,0.0655614328091984,False,sub-47,NS,eyesopen,75,0
T7,0.21945820432002464,0.07408069455293075,False,sub-47,NS,eyesopen,75,0
CP1,0.20356589632937303,0.058741803493119346,False,sub-47,NS,eyesopen,75,0
CP3,0.5146237735680658,0.0857340307509585,False,sub-47,NS,eyesopen,75,0
CP5,0.2599313873734619,0.07082030911427042,False,sub-47,NS,eyesopen,75,0
TP7,0.8268311590652191,0.049180482222147,False,sub-47,NS,eyesopen,75,0
TP9,0.926360966620904,0.022633354231427365,False,sub-47,NS,eyesopen,75,0
Pz,0.20633989538494338,0.06524075412570134,False,sub-47,NS,eyesopen,75,0
P1,0.2783086947402724,0.06941236280339325,False,sub-47,NS,eyesopen,75,0
P3,0.2595729177445859,0.06883176490480959,False,sub-47,NS,eyesopen,75,0
P5,0.8202118677746608,0.043939226240399566,False,sub-47,NS,eyesopen,75,0
P7,0.4415997720004747,0.09325347985935525,False,sub-47,NS,eyesopen,75,0
PO3,0.28432107645644045,0.07031790524146418,False,sub-47,NS,eyesopen,75,0
PO7,0.9846569677646456,0.00478190463440977,False,sub-47,NS,eyesopen,75,0
Oz,0.1694059615441354,0.05230703376177303,False,sub-47,NS,eyesopen,75,0
O1,0.2232380475482365,0.06423072342356057,False,sub-47,NS,eyesopen,75,0
Fpz,0.18849098037881698,0.07457546369127788,False,sub-47,NS,eyesopen,75,0
Fp2,0.21472117857373774,0.09000028479857583,False,sub-47,NS,eyesopen,75,0
AF4,0.6765161418150721,0.09794661310826044,False,sub-47,NS,eyesopen,75,0
AF8,0.7346141825282118,0.07541837518028593,False,sub-47,NS,eyesopen,75,0
F2,0.23837699870835488,0.08567389639831767,False,sub-47,NS,eyesopen,75,0
F4,0.24253388396059236,0.08023687818210713,False,sub-47,NS,eyesopen,75,0
F6,0.5907504777207672,0.08960024572881407,False,sub-47,NS,eyesopen,75,0
F8,0.20379620155425504,0.06567689759112716,False,sub-47,NS,eyesopen,75,0
FC2,0.2645752768835561,0.08145570777133537,False,sub-47,NS,eyesopen,75,0
FC4,0.7797286253935897,0.06002859509395435,False,sub-47,NS,eyesopen,75,0
FC6,0.2420703210644904,0.06963295844293606,False,sub-47,NS,eyesopen,75,0
FT8,0.7324901354480964,0.0678738969973098,False,sub-47,NS,eyesopen,75,0
C2,0.3811752904641583,0.09909823383449343,False,sub-47,NS,eyesopen,75,0
C4,0.21992819355107726,0.07365186003618632,False,sub-47,NS,eyesopen,75,0
C6,0.2591456247287079,0.07097560117791311,False,sub-47,NS,eyesopen,75,0
T8,0.2557948393068493,0.08158196014725493,False,sub-47,NS,eyesopen,75,0
CPz,0.2341668377661317,0.06379315164956914,False,sub-47,NS,eyesopen,75,0
CP2,0.21389356915692265,0.0726628524391647,False,sub-47,NS,eyesopen,75,0
CP4,0.26611215458043397,0.07980717191951231,False,sub-47,NS,eyesopen,75,0
CP6,0.5879691362941486,0.08386150183131616,False,sub-47,NS,eyesopen,75,0
TP8,0.9701442543925375,0.008477447668674308,False,sub-47,NS,eyesopen,75,0
TP10,0.8067685586336697,0.050261942245164046,False,sub-47,NS,eyesopen,75,0
P2,0.20596944192388644,0.07031985571130636,False,sub-47,NS,eyesopen,75,0
P4,0.209496610347513,0.07422568239253807,False,sub-47,NS,eyesopen,75,0
P6,0.6505828092985988,0.07329371525889036,False,sub-47,NS,eyesopen,75,0
P8,0.2554736551636071,0.07640180723582285,False,sub-47,NS,eyesopen,75,0
POz,0.8389124549104752,0.03888719333309561,False,sub-47,NS,eyesopen,75,0
PO4,0.5418801520239085,0.07137162839777356,False,sub-47,NS,eyesopen,75,0
PO8,0.9615984049569429,0.010902063922526682,False,sub-47,NS,eyesopen,75,0
O2,0.17623585997787028,0.05548197111364209,False,sub-47,NS,eyesopen,75,0
Fp1,0.16579428017393644,0.06667220799197843,True,sub-47,SD,eyesopen,75,3
Fp2,0.1564552266537285,0.07460135083621634,True,sub-47,SD,eyesopen,75,3
F3,0.18432282075728854,0.05763037048903098,False,sub-47,SD,eyesopen,75,3
F4,0.1665835728478015,0.06152844798461247,False,sub-47,SD,eyesopen,75,3
C3,0.15860091631307938,0.06273350000311773,False,sub-47,SD,eyesopen,75,3
C4,0.143761359814774,0.05313530284140993,False,sub-47,SD,eyesopen,75,3
P3,0.1553355075403759,0.06544865415414655,False,sub-47,SD,eyesopen,75,3
P4,0.16377078495081482,0.0632512201737328,False,sub-47,SD,eyesopen,75,3
O1,0.17914343538935604,0.07229670231293704,False,sub-47,SD,eyesopen,75,3
O2,0.18003144097295928,0.06886687470818047,False,sub-47,SD,eyesopen,75,3
F7,0.20005322654839663,0.06761815082056208,False,sub-47,SD,eyesopen,75,3
F8,0.1834015790310351,0.06667851950377887,False,sub-47,SD,eyesopen,75,3
T7,0.1934771045445016,0.07635456005507373,False,sub-47,SD,eyesopen,75,3
T8,0.18523119650422282,0.06694465670036413,False,sub-47,SD,eyesopen,75,3
P7,0.1943902035410071,0.07041621170844205,False,sub-47,SD,eyesopen,75,3
P8,0.19110982181203287,0.06712881130335323,False,sub-47,SD,eyesopen,75,3
Fz,0.16439940489650845,0.05067855047378067,False,sub-47,SD,eyesopen,75,3
Cz,0.14316016899114692,0.05302886906217665,False,sub-47,SD,eyesopen,75,3
Pz,0.15427942351259066,0.06060894263889028,False,sub-47,SD,eyesopen,75,3
Oz,0.1779767582343566,0.07253632010278714,False,sub-47,SD,eyesopen,75,3
FC1,0.182418613582737,0.06921022463977589,False,sub-47,SD,eyesopen,75,3
FC2,0.16247368160808565,0.05566809705842832,False,sub-47,SD,eyesopen,75,3
CP1,0.1395511205094818,0.057102228969518345,False,sub-47,SD,eyesopen,75,3
CP2,0.14003234127907235,0.056916824384885364,False,sub-47,SD,eyesopen,75,3
FC5,0.20722950246362368,0.06666067088337942,False,sub-47,SD,eyesopen,75,3
FC6,0.18041693805914108,0.05857511704778211,False,sub-47,SD,eyesopen,75,3
CP5,0.17733609249398868,0.06599714725092523,False,sub-47,SD,eyesopen,75,3
CP6,0.16837853254001664,0.05914392614454921,False,sub-47,SD,eyesopen,75,3
TP9,0.18549133120136674,0.07144366989231965,False,sub-47,SD,eyesopen,75,3
TP10,0.21212428184588827,0.07616656324534808,False,sub-47,SD,eyesopen,75,3
POz,0.16460183299936515,0.07045638814736152,False,sub-47,SD,eyesopen,75,3
F1,0.17198013813591584,0.055925050487548436,False,sub-47,SD,eyesopen,75,3
F2,0.1652559127267319,0.06108977168935878,False,sub-47,SD,eyesopen,75,3
C1,0.1374315428256769,0.050559117353404404,False,sub-47,SD,eyesopen,75,3
C2,0.13655149661221946,0.05208155945787832,False,sub-47,SD,eyesopen,75,3
P1,0.15409639945465597,0.065170872717869,False,sub-47,SD,eyesopen,75,3
P2,0.15648284799317755,0.06268919247870626,False,sub-47,SD,eyesopen,75,3
AF3,0.16583328398080827,0.058138102166371844,False,sub-47,SD,eyesopen,75,3
AF4,0.1605740656003587,0.0697222360658083,False,sub-47,SD,eyesopen,75,3
FC3,0.2016124833115945,0.07136303181138519,False,sub-47,SD,eyesopen,75,3
FC4,0.17354930451049744,0.058345041599175376,False,sub-47,SD,eyesopen,75,3
CP3,0.15546640498749187,0.06152408598470309,False,sub-47,SD,eyesopen,75,3
CP4,0.14940574190887276,0.057038074283589854,False,sub-47,SD,eyesopen,75,3
PO3,0.16833386104597717,0.06678985185274902,False,sub-47,SD,eyesopen,75,3
PO4,0.17045192355225575,0.06451506860190487,False,sub-47,SD,eyesopen,75,3
F5,0.18368261682620105,0.06453357946689446,False,sub-47,SD,eyesopen,75,3
F6,0.1743961843466625,0.06467395159248443,False,sub-47,SD,eyesopen,75,3
C5,0.1874944419055585,0.06849242961983813,False,sub-47,SD,eyesopen,75,3
C6,0.16981910822089655,0.056190568579821465,False,sub-47,SD,eyesopen,75,3
P5,0.17595205480467038,0.0681979126787337,False,sub-47,SD,eyesopen,75,3
P6,0.17321037957764004,0.06202533748802988,False,sub-47,SD,eyesopen,75,3
AF7,0.17857003279241815,0.06436723964958672,True,sub-47,SD,eyesopen,75,3
AF8,0.15108921922838633,0.06692065773924968,False,sub-47,SD,eyesopen,75,3
FT7,0.21985975237035799,0.07340692245000917,False,sub-47,SD,eyesopen,75,3
FT8,0.1918278962528273,0.06391548472312615,False,sub-47,SD,eyesopen,75,3
TP7,0.18277225709357794,0.07860878550268925,False,sub-47,SD,eyesopen,75,3
TP8,0.1931825379259429,0.06642615728465666,False,sub-47,SD,eyesopen,75,3
PO7,0.18779550258572777,0.06955459525684375,False,sub-47,SD,eyesopen,75,3
PO8,0.1841370408527681,0.06366742787899793,False,sub-47,SD,eyesopen,75,3
Fpz,0.15845787909958073,0.06987538237866874,False,sub-47,SD,eyesopen,75,3
CPz,0.14607813795336916,0.05799626232779025,False,sub-47,SD,eyesopen,75,3
Fp1,0.10513836481623823,0.05132127897142801,False,sub-48,NS,eyesopen,75,0
AF3,0.11547329581144386,0.05625935118508283,False,sub-48,NS,eyesopen,75,0
AF7,0.10881514316169655,0.05066429344773598,False,sub-48,NS,eyesopen,75,0
Fz,0.10928740354796349,0.05603867383902088,False,sub-48,NS,eyesopen,75,0
F1,0.117880586367295,0.05328737061908301,False,sub-48,NS,eyesopen,75,0
F3,0.12060100739255147,0.05142512424303741,False,sub-48,NS,eyesopen,75,0
F5,0.09260135232050806,0.05500523765760045,False,sub-48,NS,eyesopen,75,0
F7,0.09726780050331617,0.05199741323243422,False,sub-48,NS,eyesopen,75,0
FC1,0.1324113599334055,0.08749677135426027,False,sub-48,NS,eyesopen,75,0
FC3,0.11561284840144005,0.08124278752625524,False,sub-48,NS,eyesopen,75,0
FC5,0.08929543917709445,0.08572249150251585,False,sub-48,NS,eyesopen,75,0
FT7,0.10724281416053659,0.07359778643309425,False,sub-48,NS,eyesopen,75,0
Cz,0.0930101746880181,0.043373484660424164,False,sub-48,NS,eyesopen,75,0
C1,0.08127925898420547,0.03849211042753118,False,sub-48,NS,eyesopen,75,0
C3,0.07726054345630534,0.04906120561651271,False,sub-48,NS,eyesopen,75,0
C5,0.09081950633961457,0.0662952192312725,False,sub-48,NS,eyesopen,75,0
T7,0.06308334689956563,0.03330817660354673,False,sub-48,NS,eyesopen,75,0
CP1,0.07029282737889458,0.03851569459350393,False,sub-48,NS,eyesopen,75,0
CP3,0.07398369941219568,0.036344657047414686,False,sub-48,NS,eyesopen,75,0
CP5,0.09275534933410519,0.045123802600549476,False,sub-48,NS,eyesopen,75,0
TP7,0.06671683238413129,0.03454625969409697,False,sub-48,NS,eyesopen,75,0
TP9,0.0843076919781779,0.031942916157355394,False,sub-48,NS,eyesopen,75,0
Pz,0.05952501295338536,0.03832451844475233,False,sub-48,NS,eyesopen,75,0
P1,0.06127171838877579,0.03683958965885565,False,sub-48,NS,eyesopen,75,0
P3,0.06448330209914119,0.037569305508331007,False,sub-48,NS,eyesopen,75,0
P5,0.07627219562050633,0.03793454805260771,False,sub-48,NS,eyesopen,75,0
P7,0.10290763937299656,0.04512539407763374,False,sub-48,NS,eyesopen,75,0
PO3,0.0628406468415045,0.037835692035495284,False,sub-48,NS,eyesopen,75,0
PO7,0.09301424111178853,0.04445188229894437,False,sub-48,NS,eyesopen,75,0
Oz,0.0835744527592539,0.04213908396840416,False,sub-48,NS,eyesopen,75,0
O1,0.08356775160688301,0.039852229733046675,False,sub-48,NS,eyesopen,75,0
Fpz,0.1042442972639673,0.055047123247790986,False,sub-48,NS,eyesopen,75,0
Fp2,0.09702263619195652,0.051724447000659424,False,sub-48,NS,eyesopen,75,0
AF4,0.10488938711318664,0.05677810777568165,False,sub-48,NS,eyesopen,75,0
AF8,0.09930374581982807,0.05835120615986398,False,sub-48,NS,eyesopen,75,0
F2,0.12497900357354716,0.06838051849369294,False,sub-48,NS,eyesopen,75,0
F4,0.12236628649919211,0.07790745834594621,False,sub-48,NS,eyesopen,75,0
F6,0.10416821691852679,0.08072688014844207,False,sub-48,NS,eyesopen,75,0
F8,0.1186023788875299,0.06311960130154656,False,sub-48,NS,eyesopen,75,0
FC2,0.11774010027607844,0.06620529165975984,False,sub-48,NS,eyesopen,75,0
FC4,0.11764956530255427,0.08077396840679756,False,sub-48,NS,eyesopen,75,0
FC6,0.09749818329105014,0.0754478767253814,False,sub-48,NS,eyesopen,75,0
FT8,0.10036716761037995,0.05231600728880343,False,sub-48,NS,eyesopen,75,0
C2,0.08711003650825343,0.03788714745768855,False,sub-48,NS,eyesopen,75,0
C4,0.09393902475650925,0.05449583009435189,False,sub-48,NS,eyesopen,75,0
C6,0.09073675372057236,0.05737714273604356,False,sub-48,NS,eyesopen,75,0
T8,0.03906179990333601,0.017667696028010396,False,sub-48,NS,eyesopen,75,0
CPz,0.06967323781442392,0.038181331328179774,False,sub-48,NS,eyesopen,75,0
CP2,0.06605416564787901,0.03662480070831548,False,sub-48,NS,eyesopen,75,0
CP4,0.0855834111025536,0.038034020826886915,False,sub-48,NS,eyesopen,75,0
CP6,0.0996233396484232,0.05101802524991785,False,sub-48,NS,eyesopen,75,0
TP8,0.104349683326271,0.055200968462620355,False,sub-48,NS,eyesopen,75,0
TP10,0.07151962751375843,0.024974800602936525,False,sub-48,NS,eyesopen,75,0
P2,0.06181711035953594,0.03229120732595927,False,sub-48,NS,eyesopen,75,0
P4,0.06963732358487476,0.039036922646811974,False,sub-48,NS,eyesopen,75,0
P6,0.07792584614925746,0.04579925735614129,False,sub-48,NS,eyesopen,75,0
P8,0.09508824411864336,0.04408401693210633,False,sub-48,NS,eyesopen,75,0
POz,0.060622419858458836,0.036932441622336894,False,sub-48,NS,eyesopen,75,0
PO4,0.06503654537704603,0.04053319323170051,False,sub-48,NS,eyesopen,75,0
PO8,0.08703608240863969,0.044270567159344645,False,sub-48,NS,eyesopen,75,0
O2,0.0824147452729846,0.041582193307246676,False,sub-48,NS,eyesopen,75,0
Fp1,0.11431836577540694,0.04091086415595275,False,sub-48,SD,eyesopen,75,0
AF3,0.11600068456991022,0.04568075546049801,False,sub-48,SD,eyesopen,75,0
AF7,0.11585406254350851,0.04635929092132752,False,sub-48,SD,eyesopen,75,0
Fz,0.10659429727663267,0.04849735639736976,False,sub-48,SD,eyesopen,75,0
F1,0.119486338001976,0.05214282265605376,False,sub-48,SD,eyesopen,75,0
F3,0.12974675328959193,0.062236332401318296,False,sub-48,SD,eyesopen,75,0
F5,0.1186467363823177,0.0560529156809102,False,sub-48,SD,eyesopen,75,0
F7,0.10782916664267823,0.05621067437110473,False,sub-48,SD,eyesopen,75,0
FC1,0.1399305507317649,0.07406184888195164,False,sub-48,SD,eyesopen,75,0
FC3,0.13859552336550182,0.07555662281535205,False,sub-48,SD,eyesopen,75,0
FC5,0.12085694497802713,0.06304594495320179,False,sub-48,SD,eyesopen,75,0
FT7,0.11542030333225638,0.06117685845605753,False,sub-48,SD,eyesopen,75,0
Cz,0.10110427316626121,0.049111743800492755,False,sub-48,SD,eyesopen,75,0
C1,0.10171209339499583,0.05571462755251349,False,sub-48,SD,eyesopen,75,0
C3,0.11036740214119192,0.061417597755638056,False,sub-48,SD,eyesopen,75,0
C5,0.12731478554381515,0.0645559232835675,False,sub-48,SD,eyesopen,75,0
T7,0.10384860405339048,0.05069572513389907,False,sub-48,SD,eyesopen,75,0
CP1,0.08935120104972552,0.05521751092332523,False,sub-48,SD,eyesopen,75,0
CP3,0.09693570272616295,0.05492586231436087,False,sub-48,SD,eyesopen,75,0
CP5,0.11350709903529556,0.06091983971912811,False,sub-48,SD,eyesopen,75,0
TP7,0.11829932836132331,0.060720877919313195,False,sub-48,SD,eyesopen,75,0
TP9,0.11243217290116775,0.05395489463197446,False,sub-48,SD,eyesopen,75,0
Pz,0.08207495564881548,0.04527180862141205,False,sub-48,SD,eyesopen,75,0
P1,0.07931001821209437,0.04354259248177219,False,sub-48,SD,eyesopen,75,0
P3,0.08441028426225412,0.04663749375489669,False,sub-48,SD,eyesopen,75,0
P5,0.09641240838114554,0.04838648542066505,False,sub-48,SD,eyesopen,75,0
P7,0.11563103620794876,0.05303518569905849,False,sub-48,SD,eyesopen,75,0
PO3,0.08094047565327528,0.04145141719254631,False,sub-48,SD,eyesopen,75,0
PO7,0.10491758723388256,0.048357779298315896,False,sub-48,SD,eyesopen,75,0
Oz,0.08950851159573953,0.03788283179962388,False,sub-48,SD,eyesopen,75,0
O1,0.08647924656979887,0.03810217079122205,False,sub-48,SD,eyesopen,75,0
Fpz,0.10668430209753212,0.042090572198420946,False,sub-48,SD,eyesopen,75,0
Fp2,0.0952199657360812,0.04453701697416066,False,sub-48,SD,eyesopen,75,0
AF4,0.09444056700881319,0.04757622101303393,False,sub-48,SD,eyesopen,75,0
AF8,0.0861396118370057,0.05202534256543832,False,sub-48,SD,eyesopen,75,0
F2,0.10917308939733852,0.06130697568742058,False,sub-48,SD,eyesopen,75,0
F4,0.10303370432110436,0.06401339767173327,False,sub-48,SD,eyesopen,75,0
F6,0.08236870486789462,0.04949231299373378,False,sub-48,SD,eyesopen,75,0
F8,0.09496186437345652,0.05614710339696418,False,sub-48,SD,eyesopen,75,0
FC2,0.1303685949212317,0.07321658838371314,False,sub-48,SD,eyesopen,75,0
FC4,0.128369863583251,0.07401594436541185,False,sub-48,SD,eyesopen,75,0
FC6,0.11385584340707713,0.06775681919550539,False,sub-48,SD,eyesopen,75,0
FT8,0.11837774164061242,0.05923144466401005,False,sub-48,SD,eyesopen,75,0
C2,0.1202604642374208,0.04924696565064938,False,sub-48,SD,eyesopen,75,0
C4,0.13203583572583222,0.052649376877149455,False,sub-48,SD,eyesopen,75,0
C6,0.11853548803511242,0.05048703176853065,False,sub-48,SD,eyesopen,75,0
T8,0.09670612734691302,0.036805852010885085,False,sub-48,SD,eyesopen,75,0
CPz,0.09144137029406224,0.049506011620125176,False,sub-48,SD,eyesopen,75,0
CP2,0.09672062812495952,0.046400032253683186,False,sub-48,SD,eyesopen,75,0
CP4,0.11464271171716163,0.049493222025459624,False,sub-48,SD,eyesopen,75,0
CP6,0.12808393652907307,0.04932546366641436,False,sub-48,SD,eyesopen,75,0
TP8,0.13147466645388,0.04762284114005584,False,sub-48,SD,eyesopen,75,0
TP10,0.09184568846309257,0.03508678167426639,False,sub-48,SD,eyesopen,75,0
P2,0.08285048545061509,0.04168967491424168,False,sub-48,SD,eyesopen,75,0
P4,0.09188619569610236,0.044581304559130085,False,sub-48,SD,eyesopen,75,0
P6,0.1094083734462317,0.04885434504746363,False,sub-48,SD,eyesopen,75,0
P8,0.12173324092098937,0.04908359447086895,False,sub-48,SD,eyesopen,75,0
POz,0.07986668699578063,0.04074603501889205,False,sub-48,SD,eyesopen,75,0
PO4,0.08508401115525352,0.03797521487374497,False,sub-48,SD,eyesopen,75,0
PO8,0.10688512299083877,0.04241743860506654,False,sub-48,SD,eyesopen,75,0
O2,0.09870598802312702,0.04349510391022368,False,sub-48,SD,eyesopen,75,0
Fp1,0.11737256315628405,0.028585008891803924,False,sub-49,NS,eyesopen,75,0
AF3,0.1102162625559367,0.0295568776195021,False,sub-49,NS,eyesopen,75,0
AF7,0.1251434426193969,0.032535506251128166,False,sub-49,NS,eyesopen,75,0
Fz,0.1975305249445013,0.07272604785107518,False,sub-49,NS,eyesopen,75,0
F1,0.17705159083104935,0.05943262597215444,False,sub-49,NS,eyesopen,75,0
F3,0.14735660587222307,0.04494456129605512,False,sub-49,NS,eyesopen,75,0
F5,0.15222358532017682,0.04846190355424415,False,sub-49,NS,eyesopen,75,0
F7,0.18629166181213982,0.061091100374836456,False,sub-49,NS,eyesopen,75,0
FC1,0.2271152891754961,0.07536366034551137,False,sub-49,NS,eyesopen,75,0
FC3,0.2106080059348747,0.06808858162975247,False,sub-49,NS,eyesopen,75,0
FC5,0.22470403962252908,0.07366602907251094,False,sub-49,NS,eyesopen,75,0
FT7,0.2187909797954548,0.07210646196332764,False,sub-49,NS,eyesopen,75,0
Cz,0.204854206403867,0.07523081904618543,False,sub-49,NS,eyesopen,75,0
C1,0.2094992848494873,0.06593447229203177,False,sub-49,NS,eyesopen,75,0
C3,0.20674443833884665,0.06774992981798765,False,sub-49,NS,eyesopen,75,0
C5,0.20773792540561095,0.06616519626240577,False,sub-49,NS,eyesopen,75,0
T7,0.20185574182087807,0.06219094815573817,False,sub-49,NS,eyesopen,75,0
CP1,0.19728036323406592,0.06336776799646461,False,sub-49,NS,eyesopen,75,0
CP3,0.20693779403195828,0.06579576082690754,False,sub-49,NS,eyesopen,75,0
CP5,0.20605831785114856,0.06472734678760678,False,sub-49,NS,eyesopen,75,0
TP7,0.18208052619497214,0.05656332747255882,False,sub-49,NS,eyesopen,75,0
TP9,0.18921782643911475,0.06416059008047396,False,sub-49,NS,eyesopen,75,0
Pz,0.1793192700629553,0.06419859814843304,False,sub-49,NS,eyesopen,75,0
P1,0.18882368123102247,0.0654559033449253,False,sub-49,NS,eyesopen,75,0
P3,0.19314174321959535,0.06583665355275271,False,sub-49,NS,eyesopen,75,0
P5,0.19395162464958868,0.06514658552695313,False,sub-49,NS,eyesopen,75,0
P7,0.1974705157183045,0.06445551896102854,False,sub-49,NS,eyesopen,75,0
PO3,0.17804947647730746,0.06233807218809518,False,sub-49,NS,eyesopen,75,0
PO7,0.18320411509695061,0.06609304694711646,False,sub-49,NS,eyesopen,75,0
Oz,0.16743618044821934,0.05886119592708968,False,sub-49,NS,eyesopen,75,0
O1,0.1638172612606995,0.05877994569886583,False,sub-49,NS,eyesopen,75,0
Fpz,0.12194014208074196,0.03116055193497616,False,sub-49,NS,eyesopen,75,0
Fp2,0.10991034474047998,0.024271611843226164,False,sub-49,NS,eyesopen,75,0
AF4,0.09355443536774259,0.024850338280477127,False,sub-49,NS,eyesopen,75,0
AF8,0.11846882808083123,0.032211210324238154,False,sub-49,NS,eyesopen,75,0
F2,0.16399085522915136,0.05382709696790103,False,sub-49,NS,eyesopen,75,0
F4,0.1312588411849692,0.03943786034123524,False,sub-49,NS,eyesopen,75,0
F6,0.13595694932522231,0.04394956471536331,False,sub-49,NS,eyesopen,75,0
F8,0.19936150383615694,0.07390934665557804,False,sub-49,NS,eyesopen,75,0
FC2,0.21937800504310942,0.07438353182905875,False,sub-49,NS,eyesopen,75,0
FC4,0.18392958386539382,0.0689232262885439,False,sub-49,NS,eyesopen,75,0
FC6,0.19675375478155852,0.06598787931514778,False,sub-49,NS,eyesopen,75,0
FT8,0.18541272600621236,0.06538993543189947,False,sub-49,NS,eyesopen,75,0
C2,0.206796739844293,0.07687259487637933,False,sub-49,NS,eyesopen,75,0
C4,0.19614301537078888,0.0707610718997165,False,sub-49,NS,eyesopen,75,0
C6,0.16023532521308995,0.05316277622312763,False,sub-49,NS,eyesopen,75,0
T8,0.16239428799419164,0.0495135417737148,False,sub-49,NS,eyesopen,75,0
CPz,0.19387569477808547,0.06812578193313457,False,sub-49,NS,eyesopen,75,0
CP2,0.1930077247102002,0.0698676074096619,False,sub-49,NS,eyesopen,75,0
CP4,0.2214949033803828,0.07223851569631101,False,sub-49,NS,eyesopen,75,0
CP6,0.1975487210453086,0.060141779901022985,False,sub-49,NS,eyesopen,75,0
TP8,0.17294184116041053,0.054232082862399666,False,sub-49,NS,eyesopen,75,0
TP10,0.20818608526199242,0.0723483913006453,False,sub-49,NS,eyesopen,75,0
P2,0.1833936884922491,0.0654983261798028,False,sub-49,NS,eyesopen,75,0
P4,0.1875134288858061,0.06605540670450269,False,sub-49,NS,eyesopen,75,0
P6,0.195227294745456,0.06736480638193912,False,sub-49,NS,eyesopen,75,0
P8,0.21002080684209398,0.0691219232668961,False,sub-49,NS,eyesopen,75,0
POz,0.2121035284998418,0.06971277634590019,False,sub-49,NS,eyesopen,75,0
PO4,0.1740322519758141,0.06153018703030012,False,sub-49,NS,eyesopen,75,0
PO8,0.1798282761633879,0.06358464108402238,False,sub-49,NS,eyesopen,75,0
O2,0.170617671911712,0.06017880453445232,False,sub-49,NS,eyesopen,75,0
Fp1,0.12710972481683133,0.04116460264949033,False,sub-49,SD,eyesopen,75,0
Fp2,0.1014723531774599,0.031737813146349915,False,sub-49,SD,eyesopen,75,0
F3,0.18668250034191636,0.07285562201178775,False,sub-49,SD,eyesopen,75,0
F4,0.13268747148907892,0.03860565917874509,False,sub-49,SD,eyesopen,75,0
C3,0.18774044744037538,0.06372956971339917,False,sub-49,SD,eyesopen,75,0
C4,0.18749425850647078,0.0597468159906524,False,sub-49,SD,eyesopen,75,0
P3,0.22847025424289896,0.07275614799431024,False,sub-49,SD,eyesopen,75,0
P4,0.2262614006102336,0.07072298012149292,False,sub-49,SD,eyesopen,75,0
O1,0.21747829818605244,0.07499305453998942,False,sub-49,SD,eyesopen,75,0
O2,0.21493157498817178,0.06992066397888162,False,sub-49,SD,eyesopen,75,0
F7,0.16333716473647863,0.06606204376242869,False,sub-49,SD,eyesopen,75,0
F8,0.18264008934273884,0.06151237703481403,False,sub-49,SD,eyesopen,75,0
T7,0.2045352228714903,0.07293619572030514,False,sub-49,SD,eyesopen,75,0
T8,0.1542402445695959,0.05448215408190127,False,sub-49,SD,eyesopen,75,0
P7,0.22580688705649213,0.08189447327989095,False,sub-49,SD,eyesopen,75,0
P8,0.24715932052597261,0.07779538797137497,False,sub-49,SD,eyesopen,75,0
Fz,0.19303931956299705,0.07236613730916297,False,sub-49,SD,eyesopen,75,0
Cz,0.2319453685742856,0.07490422875882294,False,sub-49,SD,eyesopen,75,0
Pz,0.21690716106063826,0.06637373011864997,False,sub-49,SD,eyesopen,75,0
Oz,0.2215419188122631,0.07694770103832882,False,sub-49,SD,eyesopen,75,0
FC1,0.23714113310577456,0.0796777159582123,False,sub-49,SD,eyesopen,75,0
FC2,0.1963415743911869,0.06106246623234832,False,sub-49,SD,eyesopen,75,0
CP1,0.21810642625866522,0.06683906549643368,False,sub-49,SD,eyesopen,75,0
CP2,0.22791218757710127,0.07105558752218685,False,sub-49,SD,eyesopen,75,0
FC5,0.19763024861161935,0.06868245214865008,False,sub-49,SD,eyesopen,75,0
FC6,0.15300235842273766,0.052325693553234805,False,sub-49,SD,eyesopen,75,0
CP5,0.2092251877485707,0.07296538577785439,False,sub-49,SD,eyesopen,75,0
CP6,0.2065471804556937,0.06592389634355783,False,sub-49,SD,eyesopen,75,0
TP9,0.23397424403915063,0.0868040639358962,False,sub-49,SD,eyesopen,75,0
TP10,0.2348259942383089,0.07757242878572124,False,sub-49,SD,eyesopen,75,0
POz,0.21291024730748204,0.07173040814357876,False,sub-49,SD,eyesopen,75,0
F1,0.1972826399684604,0.07770651594684082,False,sub-49,SD,eyesopen,75,0
F2,0.16575997407930798,0.054866303446184234,False,sub-49,SD,eyesopen,75,0
C1,0.2356093078381189,0.07028589474256723,False,sub-49,SD,eyesopen,75,0
C2,0.23142961908373347,0.06689246047756246,False,sub-49,SD,eyesopen,75,0
P1,0.222545735534284,0.068225061444211,False,sub-49,SD,eyesopen,75,0
P2,0.22135310056012647,0.06830526032940244,False,sub-49,SD,eyesopen,75,0
AF3,0.13881151252868018,0.052649991436748464,False,sub-49,SD,eyesopen,75,0
AF4,0.08985950947153168,0.030942219686031412,False,sub-49,SD,eyesopen,75,0
FC3,0.20918232595851194,0.07677625597501286,False,sub-49,SD,eyesopen,75,0
FC4,0.14155664377838978,0.047925095294426005,False,sub-49,SD,eyesopen,75,0
CP3,0.2211677481582946,0.07350890425913886,False,sub-49,SD,eyesopen,75,0
CP4,0.2226477963971566,0.06561926626891593,False,sub-49,SD,eyesopen,75,0
PO3,0.2260624074507427,0.07249730552091324,False,sub-49,SD,eyesopen,75,0
PO4,0.21948575843464396,0.06862573015054114,False,sub-49,SD,eyesopen,75,0
F5,0.13877877970728553,0.057299295945466136,False,sub-49,SD,eyesopen,75,0
F6,0.13189997442394488,0.04693632253790892,False,sub-49,SD,eyesopen,75,0
C5,0.188252911373342,0.06643802678916627,False,sub-49,SD,eyesopen,75,0
C6,0.15897420745549967,0.052988087159751486,False,sub-49,SD,eyesopen,75,0
P5,0.22093419945197118,0.07395138962424559,False,sub-49,SD,eyesopen,75,0
P6,0.24059406841658826,0.07382342366631839,False,sub-49,SD,eyesopen,75,0
AF7,0.11811284611243955,0.04298977231586025,False,sub-49,SD,eyesopen,75,0
AF8,0.1065614971898758,0.035984395966516,False,sub-49,SD,eyesopen,75,0
FT7,0.19462258110578656,0.07200735447669701,False,sub-49,SD,eyesopen,75,0
FT8,0.17959229098602045,0.055529278146685214,False,sub-49,SD,eyesopen,75,0
TP7,0.16423522622187967,0.0588809675475923,False,sub-49,SD,eyesopen,75,0
TP8,0.1997982475428366,0.06332830225104227,False,sub-49,SD,eyesopen,75,0
PO7,0.2247301591176494,0.07781451780133217,False,sub-49,SD,eyesopen,75,0
PO8,0.23003319960828525,0.0730256596957939,False,sub-49,SD,eyesopen,75,0
Fpz,0.12404737953892866,0.03812785079261128,False,sub-49,SD,eyesopen,75,0
CPz,0.22832930014523303,0.07388062971019976,False,sub-49,SD,eyesopen,75,0
Fp1,0.2078717602266568,0.07066799423238912,False,sub-50,SD,eyesopen,75,0
AF3,0.18469322813270672,0.06581681060860055,False,sub-50,SD,eyesopen,75,0
AF7,0.19839774979350847,0.08460224015761628,False,sub-50,SD,eyesopen,75,0
Fz,0.18921426232261931,0.07347593012332539,False,sub-50,SD,eyesopen,75,0
F1,0.1739872201901032,0.06856884731222204,False,sub-50,SD,eyesopen,75,0
F3,0.18991839599646657,0.0856170555418507,False,sub-50,SD,eyesopen,75,0
F5,0.1863934729721807,0.0666491991863182,False,sub-50,SD,eyesopen,75,0
F7,0.1981611695383218,0.07593277858655245,False,sub-50,SD,eyesopen,75,0
FC1,0.08473584384904198,0.030843710866188156,False,sub-50,SD,eyesopen,75,0
FC3,0.1328220961464509,0.06341127621098616,False,sub-50,SD,eyesopen,75,0
FC5,0.1709487141575334,0.08627448075366975,False,sub-50,SD,eyesopen,75,0
FT7,0.136165975212525,0.0680701787768384,False,sub-50,SD,eyesopen,75,0
Cz,0.17118972793528972,0.08727698256974384,False,sub-50,SD,eyesopen,75,0
C1,0.17479035299256016,0.07702189275167333,False,sub-50,SD,eyesopen,75,0
C3,0.19330381946640815,0.07234778838046749,False,sub-50,SD,eyesopen,75,0
C5,0.19560412042344633,0.07676709677472406,False,sub-50,SD,eyesopen,75,0
T7,0.21707605285678974,0.08918452215261462,False,sub-50,SD,eyesopen,75,0
CP1,0.17702231489111528,0.07766557644987276,False,sub-50,SD,eyesopen,75,0
CP3,0.17571813508949455,0.06636877006960613,False,sub-50,SD,eyesopen,75,0
CP5,0.13989371124457906,0.06062181681927589,False,sub-50,SD,eyesopen,75,0
TP7,0.12159589014050061,0.06412510716484511,False,sub-50,SD,eyesopen,75,0
TP9,0.1684731578903109,0.07205494412914383,False,sub-50,SD,eyesopen,75,0
Pz,0.19093336092039886,0.06460882859028437,False,sub-50,SD,eyesopen,75,0
P1,0.20099876677711648,0.07967203295104122,False,sub-50,SD,eyesopen,75,0
P3,0.17501894156281325,0.08380475616244284,False,sub-50,SD,eyesopen,75,0
P5,0.1491125204821974,0.07451742883937158,False,sub-50,SD,eyesopen,75,0
P7,0.1924368310947458,0.07484767894851245,False,sub-50,SD,eyesopen,75,0
PO3,0.1901514431121184,0.08495326693626014,False,sub-50,SD,eyesopen,75,0
PO7,0.18838042666144672,0.07185212490655975,False,sub-50,SD,eyesopen,75,0
Oz,0.19771692260218698,0.09384411510811876,False,sub-50,SD,eyesopen,75,0
O1,0.15974016846157799,0.05690857881070219,False,sub-50,SD,eyesopen,75,0
Fpz,0.19266111671290706,0.08420322144536466,False,sub-50,SD,eyesopen,75,0
Fp2,0.19196524349512598,0.07014602656477127,False,sub-50,SD,eyesopen,75,0
AF4,0.2006111647929634,0.06949567916074659,False,sub-50,SD,eyesopen,75,0
AF8,0.19646850093508852,0.08179839809787719,False,sub-50,SD,eyesopen,75,0
F2,0.17920382073971766,0.06417843629143569,False,sub-50,SD,eyesopen,75,0
F4,0.18822993439199998,0.07312547706103702,False,sub-50,SD,eyesopen,75,0
F6,0.21407626220128018,0.08775131466863532,False,sub-50,SD,eyesopen,75,0
F8,0.1836072894333317,0.06284926775705435,False,sub-50,SD,eyesopen,75,0
FC2,0.1295107350002526,0.06291676959871534,False,sub-50,SD,eyesopen,75,0
FC4,0.16462185869661453,0.07986953149492314,False,sub-50,SD,eyesopen,75,0
FC6,0.17518394217504282,0.07303176007574656,False,sub-50,SD,eyesopen,75,0
FT8,0.19459061166577588,0.08681365226480225,False,sub-50,SD,eyesopen,75,0
C2,0.14525634817194744,0.05204296435642692,False,sub-50,SD,eyesopen,75,0
C4,0.18825975218800384,0.07015043886131668,False,sub-50,SD,eyesopen,75,0
C6,0.19439532359274805,0.09081496756690627,False,sub-50,SD,eyesopen,75,0
T8,0.16386153135647688,0.0744648536084543,False,sub-50,SD,eyesopen,75,0
CPz,0.20279115355239347,0.09807084414536961,False,sub-50,SD,eyesopen,75,0
CP2,0.12474668927800908,0.07038909767486459,False,sub-50,SD,eyesopen,75,0
CP4,0.16697951996982954,0.06584429292730648,False,sub-50,SD,eyesopen,75,0
CP6,0.19950599644322953,0.08460678735621646,False,sub-50,SD,eyesopen,75,0
TP8,0.19768623992364387,0.0777016566423686,False,sub-50,SD,eyesopen,75,0
TP10,0.16872910269551514,0.0629198013249065,False,sub-50,SD,eyesopen,75,0
P2,0.13129964506860128,0.07116591187603198,False,sub-50,SD,eyesopen,75,0
P4,0.16148088635696753,0.08402914109877524,False,sub-50,SD,eyesopen,75,0
P6,0.18486926876658757,0.08012459978719019,False,sub-50,SD,eyesopen,75,0
P8,0.18289092924905995,0.07968109559760565,False,sub-50,SD,eyesopen,75,0
POz,0.11228402694466819,0.0440571592060772,False,sub-50,SD,eyesopen,75,0
PO4,0.20070275425553377,0.07602665927552418,False,sub-50,SD,eyesopen,75,0
PO8,0.20520731633862335,0.07092622413893064,False,sub-50,SD,eyesopen,75,0
O2,0.1825533162197794,0.0656856671828996,False,sub-50,SD,eyesopen,75,0
Fp1,0.17496703894604915,0.07434371108185539,False,sub-50,NS,eyesopen,75,0
Fp2,0.16690682523992198,0.07511683641419199,False,sub-50,NS,eyesopen,75,0
F3,0.226684023345705,0.09277046491766962,False,sub-50,NS,eyesopen,75,0
F4,0.21601317158359934,0.1156066046445775,False,sub-50,NS,eyesopen,75,0
C3,0.9861815121161002,0.018740194462849216,False,sub-50,NS,eyesopen,75,0
C4,0.26826702367970084,0.11712755379891356,False,sub-50,NS,eyesopen,75,0
P3,0.26408692725972444,0.1097219802534482,False,sub-50,NS,eyesopen,75,0
P4,0.24711452628705877,0.09814868218998443,False,sub-50,NS,eyesopen,75,0
O1,0.21342993061911097,0.0783347072593683,False,sub-50,NS,eyesopen,75,0
O2,0.21911806397936404,0.07601219888378387,False,sub-50,NS,eyesopen,75,0
F7,0.18871833404603391,0.07396882210143167,False,sub-50,NS,eyesopen,75,0
F8,0.17650105246935438,0.09123150278000716,False,sub-50,NS,eyesopen,75,0
T7,0.2697605850347398,0.11861528468013419,False,sub-50,NS,eyesopen,75,0
T8,0.23443270899215837,0.09898803527177616,False,sub-50,NS,eyesopen,75,0
P7,0.2836497228030567,0.10259356002905072,False,sub-50,NS,eyesopen,75,0
P8,0.24198277356037076,0.09102571236677404,False,sub-50,NS,eyesopen,75,0
Fz,0.25266850775319494,0.12213610787465619,False,sub-50,NS,eyesopen,75,0
Cz,0.280096614062974,0.12820926614868106,False,sub-50,NS,eyesopen,75,0
Pz,0.22345259639581586,0.10572485976363324,False,sub-50,NS,eyesopen,75,0
Oz,0.20448260988679828,0.07231981967046315,False,sub-50,NS,eyesopen,75,0
FC1,0.3328220752390925,0.11431678353194366,False,sub-50,NS,eyesopen,75,0
FC2,0.25537084711264624,0.10807622070587197,False,sub-50,NS,eyesopen,75,0
CP1,0.2648583311765272,0.11701439465720312,False,sub-50,NS,eyesopen,75,0
CP2,0.2755067837232818,0.11564542881430023,False,sub-50,NS,eyesopen,75,0
FC5,0.25748187154458063,0.10082396954656278,False,sub-50,NS,eyesopen,75,0
FC6,0.19889898179942797,0.10386447588710392,False,sub-50,NS,eyesopen,75,0
CP5,0.3092607239013895,0.1231734794035617,False,sub-50,NS,eyesopen,75,0
CP6,0.32030653212253546,0.11024844646748691,False,sub-50,NS,eyesopen,75,0
TP9,0.4708937365006608,0.12553761472337996,False,sub-50,NS,eyesopen,75,0
TP10,0.2867650697780804,0.10575976985432863,False,sub-50,NS,eyesopen,75,0
POz,0.30307116951762886,0.10089874955499346,False,sub-50,NS,eyesopen,75,0
F1,0.320176611678241,0.1350274344428853,False,sub-50,NS,eyesopen,75,0
F2,0.2363941652901643,0.11833087227850157,False,sub-50,NS,eyesopen,75,0
C1,0.3365368655304329,0.12760518559638045,False,sub-50,NS,eyesopen,75,0
C2,0.5029646005237922,0.13919535028778532,False,sub-50,NS,eyesopen,75,0
P1,0.2697381772555626,0.11274832166071577,False,sub-50,NS,eyesopen,75,0
P2,0.22558516004282425,0.09659425623330962,False,sub-50,NS,eyesopen,75,0
AF3,0.22527865408960684,0.1005366683521362,False,sub-50,NS,eyesopen,75,0
AF4,0.36880191252761696,0.16358514942901695,False,sub-50,NS,eyesopen,75,0
FC3,0.7592754585001313,0.10965118113739686,False,sub-50,NS,eyesopen,75,0
FC4,0.4142638528670522,0.13025592973733677,False,sub-50,NS,eyesopen,75,0
CP3,0.3620969107776143,0.12452408902429465,False,sub-50,NS,eyesopen,75,0
CP4,0.28522436811493135,0.1124422408817508,False,sub-50,NS,eyesopen,75,0
PO3,0.26732847667635384,0.09725291214450979,False,sub-50,NS,eyesopen,75,0
PO4,0.4669235575807617,0.11110990669230679,False,sub-50,NS,eyesopen,75,0
F5,0.30823524062006735,0.12078290046593416,False,sub-50,NS,eyesopen,75,0
F6,0.19466875713312726,0.10044841288467068,False,sub-50,NS,eyesopen,75,0
C5,0.27525849471739267,0.11889349730776409,False,sub-50,NS,eyesopen,75,0
C6,0.22360339976075114,0.11454193461667908,False,sub-50,NS,eyesopen,75,0
P5,0.3057930447754254,0.10937647676987956,False,sub-50,NS,eyesopen,75,0
P6,0.3143587242550786,0.1028464250256499,False,sub-50,NS,eyesopen,75,0
AF7,0.18715815834617178,0.07342949791168618,False,sub-50,NS,eyesopen,75,0
AF8,0.19000310367516868,0.08109345247073121,False,sub-50,NS,eyesopen,75,0
FT7,0.45077410412350455,0.1157768630804807,False,sub-50,NS,eyesopen,75,0
FT8,0.41138976892830564,0.12619659402583355,False,sub-50,NS,eyesopen,75,0
TP7,0.4673511630045124,0.11650754803739138,False,sub-50,NS,eyesopen,75,0
TP8,0.5078482138530688,0.13551010743445563,False,sub-50,NS,eyesopen,75,0
PO7,0.44045098890766793,0.11796309158756225,False,sub-50,NS,eyesopen,75,0
PO8,0.6793692376898118,0.1333944820492661,False,sub-50,NS,eyesopen,75,0
Fpz,0.18112676696400962,0.08297591758859899,False,sub-50,NS,eyesopen,75,0
CPz,0.28932087622032765,0.1182147046916308,False,sub-50,NS,eyesopen,75,0
Fp1,0.12513994868907488,0.07409856536879113,False,sub-51,SD,eyesopen,75,1
AF3,0.1464700383347956,0.07298295677674001,False,sub-51,SD,eyesopen,75,1
AF7,0.3482269034215549,0.16489485843229817,False,sub-51,SD,eyesopen,75,1
Fz,0.21331455201051366,0.0981791557033333,False,sub-51,SD,eyesopen,75,1
F1,0.1792024520278078,0.08117266358578795,False,sub-51,SD,eyesopen,75,1
F3,0.12595810194377408,0.050717218925462916,False,sub-51,SD,eyesopen,75,1
F5,0.14203598233829345,0.060616982437219025,False,sub-51,SD,eyesopen,75,1
F7,0.13209111764307424,0.06315450437214791,False,sub-51,SD,eyesopen,75,1
FC1,0.27043173134411,0.08378829122466852,True,sub-51,SD,eyesopen,75,1
FC3,0.16638423220826964,0.057149464526031875,False,sub-51,SD,eyesopen,75,1
FC5,0.16728836274655293,0.06565573042974124,False,sub-51,SD,eyesopen,75,1
FT7,0.1414811063834628,0.06932832482603973,False,sub-51,SD,eyesopen,75,1
Cz,0.1684428186540366,0.080785597974914,False,sub-51,SD,eyesopen,75,1
C1,0.3348729212025548,0.09988196067207548,False,sub-51,SD,eyesopen,75,1
C3,0.19445408809620357,0.08196891978775145,False,sub-51,SD,eyesopen,75,1
C5,0.17506060461329032,0.07422151683855095,False,sub-51,SD,eyesopen,75,1
T7,0.1683220608676793,0.0746424245942444,False,sub-51,SD,eyesopen,75,1
CP1,0.18864848755095628,0.08140242240274095,False,sub-51,SD,eyesopen,75,1
CP3,0.17876930006565864,0.0808002029320329,False,sub-51,SD,eyesopen,75,1
CP5,0.1912159140613232,0.08269676416535646,False,sub-51,SD,eyesopen,75,1
TP7,0.18416374268339017,0.08233879379109044,False,sub-51,SD,eyesopen,75,1
TP9,0.17147429481939935,0.07857589556889562,False,sub-51,SD,eyesopen,75,1
Pz,0.16624451277047733,0.07209789941081332,False,sub-51,SD,eyesopen,75,1
P1,0.16209224817085577,0.06862395482865633,False,sub-51,SD,eyesopen,75,1
P3,0.16823401726907725,0.07112664167657975,False,sub-51,SD,eyesopen,75,1
P5,0.16234103912183612,0.07128998739376051,False,sub-51,SD,eyesopen,75,1
P7,0.17313782897255128,0.07621437932830326,False,sub-51,SD,eyesopen,75,1
PO3,0.21896166889979402,0.06988741349060801,False,sub-51,SD,eyesopen,75,1
PO7,0.18490509630003327,0.06764720923905711,False,sub-51,SD,eyesopen,75,1
Oz,0.17432409170054758,0.0707707882776481,False,sub-51,SD,eyesopen,75,1
O1,0.09941167580448657,0.04272621085589022,False,sub-51,SD,eyesopen,75,1
Fpz,0.1325454296756932,0.08023929817498154,False,sub-51,SD,eyesopen,75,1
Fp2,0.13027464792022012,0.07828285689004506,False,sub-51,SD,eyesopen,75,1
AF4,0.15603224132609597,0.09032366221457323,False,sub-51,SD,eyesopen,75,1
AF8,0.1445596230765606,0.08800909282197598,False,sub-51,SD,eyesopen,75,1
F2,0.19751001286414835,0.08995781298023404,False,sub-51,SD,eyesopen,75,1
F4,0.16498777779377571,0.0859250102785846,False,sub-51,SD,eyesopen,75,1
F6,0.1538473494074113,0.07726777561701664,False,sub-51,SD,eyesopen,75,1
F8,0.2344110828091801,0.102676134386896,False,sub-51,SD,eyesopen,75,1
FC2,0.36077394891555115,0.09219922863909061,False,sub-51,SD,eyesopen,75,1
FC4,0.48919731449952764,0.14007433984982856,False,sub-51,SD,eyesopen,75,1
FC6,0.2126327924109916,0.08726497046763337,False,sub-51,SD,eyesopen,75,1
FT8,0.20104675763958954,0.08206540233494822,False,sub-51,SD,eyesopen,75,1
C2,0.3273176255983267,0.104213712479959,False,sub-51,SD,eyesopen,75,1
C4,0.2966143000555404,0.08863870147507517,False,sub-51,SD,eyesopen,75,1
C6,0.31697259846822784,0.08865776020408941,False,sub-51,SD,eyesopen,75,1
T8,0.21887517874885262,0.08029142653466302,False,sub-51,SD,eyesopen,75,1
CPz,0.1512501120451908,0.07431072667694202,False,sub-51,SD,eyesopen,75,1
CP2,0.1922382680885525,0.07608701205103935,False,sub-51,SD,eyesopen,75,1
CP4,0.2569439468704568,0.08570222587415163,False,sub-51,SD,eyesopen,75,1
CP6,0.21639488454572775,0.08101676652305584,False,sub-51,SD,eyesopen,75,1
TP8,0.27256132050150284,0.09177861496982563,False,sub-51,SD,eyesopen,75,1
TP10,0.19516733468953656,0.07678819789361058,False,sub-51,SD,eyesopen,75,1
P2,0.2869927236340782,0.09279203568220708,False,sub-51,SD,eyesopen,75,1
P4,0.23341964880271945,0.08455283377813795,False,sub-51,SD,eyesopen,75,1
P6,0.3594114171464809,0.10065866351639483,False,sub-51,SD,eyesopen,75,1
P8,0.512553194833415,0.10901840871035993,False,sub-51,SD,eyesopen,75,1
POz,0.6438448483852348,0.07704451372704159,False,sub-51,SD,eyesopen,75,1
PO4,0.30560310065592733,0.08782097378687877,False,sub-51,SD,eyesopen,75,1
PO8,0.1855372569800869,0.07243441130525156,False,sub-51,SD,eyesopen,75,1
O2,0.43733855676845196,0.10697744449506644,False,sub-51,SD,eyesopen,75,1
Fp1,0.12371239729880343,0.06336296769389692,False,sub-51,NS,eyesopen,72,0
Fp2,0.12277398724980745,0.06349648915587171,False,sub-51,NS,eyesopen,72,0
F3,0.15130857045112922,0.08073052911841509,False,sub-51,NS,eyesopen,72,0
F4,0.15505881242102093,0.07204902869319307,False,sub-51,NS,eyesopen,72,0
C3,0.16047569223782715,0.08003347200617533,False,sub-51,NS,eyesopen,72,0
C4,0.17383749731128983,0.07366153163351945,False,sub-51,NS,eyesopen,72,0
P3,0.17147854077681193,0.07825974729327478,False,sub-51,NS,eyesopen,72,0
P4,0.16977237313274407,0.08139371152014506,False,sub-51,NS,eyesopen,72,0
O1,0.16027048895393056,0.07320220736296722,False,sub-51,NS,eyesopen,72,0
O2,0.14983998128867002,0.07382623746505089,False,sub-51,NS,eyesopen,72,0
F7,0.11702952445727499,0.05964092114028517,False,sub-51,NS,eyesopen,72,0
F8,0.1168941911448769,0.06444022135176956,False,sub-51,NS,eyesopen,72,0
T7,0.13268479097295693,0.07996033933914036,False,sub-51,NS,eyesopen,72,0
T8,0.14316047334070636,0.07231329065429194,False,sub-51,NS,eyesopen,72,0
P7,0.1727711188154949,0.07963970117557398,False,sub-51,NS,eyesopen,72,0
P8,0.17649523268014705,0.07660886814166239,False,sub-51,NS,eyesopen,72,0
Fz,0.18916221416164158,0.09222604364473659,False,sub-51,NS,eyesopen,72,0
Cz,0.17995746741931004,0.08581845723508273,False,sub-51,NS,eyesopen,72,0
Pz,0.15879185261064024,0.0711422462881816,False,sub-51,NS,eyesopen,72,0
Oz,0.16476281708084994,0.07820739035501646,False,sub-51,NS,eyesopen,72,0
FC1,0.15818302056536473,0.07133142433479138,False,sub-51,NS,eyesopen,72,0
FC2,0.16581518798875872,0.07281494495621091,False,sub-51,NS,eyesopen,72,0
CP1,0.17279401162005506,0.08579963464258114,False,sub-51,NS,eyesopen,72,0
CP2,0.1763218729099964,0.08302220160889578,False,sub-51,NS,eyesopen,72,0
FC5,0.12504407498870168,0.07253061696102822,False,sub-51,NS,eyesopen,72,0
FC6,0.1372887086089803,0.06602814941693869,False,sub-51,NS,eyesopen,72,0
CP5,0.17550630945913084,0.07684027092131589,False,sub-51,NS,eyesopen,72,0
CP6,0.17880836101346725,0.07691410244059758,False,sub-51,NS,eyesopen,72,0
TP9,0.15803716212123836,0.08156416274728313,False,sub-51,NS,eyesopen,72,0
TP10,0.14756642678825496,0.06954248190610464,False,sub-51,NS,eyesopen,72,0
POz,0.16707841265783818,0.08379959309220397,False,sub-51,NS,eyesopen,72,0
F1,0.17324039572751873,0.0883786743590812,False,sub-51,NS,eyesopen,72,0
F2,0.1752623526243945,0.08445762804445296,False,sub-51,NS,eyesopen,72,0
C1,0.17756217150924264,0.08255892463276171,False,sub-51,NS,eyesopen,72,0
C2,0.1796737417856546,0.08124196045772598,False,sub-51,NS,eyesopen,72,0
P1,0.15119888986155214,0.08572899092932076,False,sub-51,NS,eyesopen,72,0
P2,0.1690900131712439,0.08655558320159229,False,sub-51,NS,eyesopen,72,0
AF3,0.1575030780869114,0.08725596691798829,False,sub-51,NS,eyesopen,72,0
AF4,0.15248219902288535,0.07863428206544397,False,sub-51,NS,eyesopen,72,0
FC3,0.1493306227229415,0.07575275367851807,False,sub-51,NS,eyesopen,72,0
FC4,0.16006004384829142,0.06665265346416195,False,sub-51,NS,eyesopen,72,0
CP3,0.175497884019935,0.07957974049748334,False,sub-51,NS,eyesopen,72,0
CP4,0.1774852283161025,0.07945940565412032,False,sub-51,NS,eyesopen,72,0
PO3,0.15845371376351436,0.07361669627249415,False,sub-51,NS,eyesopen,72,0
PO4,0.16377325995263017,0.08520653872419698,False,sub-51,NS,eyesopen,72,0
F5,0.13136883457681559,0.06712615762843469,False,sub-51,NS,eyesopen,72,0
F6,0.1319298864587518,0.06560638397505075,False,sub-51,NS,eyesopen,72,0
C5,0.15732783474926337,0.08103529462957511,False,sub-51,NS,eyesopen,72,0
C6,0.16191112602591573,0.06433031832114328,False,sub-51,NS,eyesopen,72,0
P5,0.17094107720908935,0.07758167310395038,False,sub-51,NS,eyesopen,72,0
P6,0.1740366776484682,0.08329371392954474,False,sub-51,NS,eyesopen,72,0
AF7,0.11938287616408869,0.06423025108506282,False,sub-51,NS,eyesopen,72,0
AF8,0.11240603379248235,0.05909881127118256,False,sub-51,NS,eyesopen,72,0
FT7,0.10980169511150172,0.0686542445324399,False,sub-51,NS,eyesopen,72,0
FT8,0.12725811755176278,0.06444821644379965,False,sub-51,NS,eyesopen,72,0
TP7,0.1632458831447571,0.08025777694097283,False,sub-51,NS,eyesopen,72,0
TP8,0.16981805600281985,0.07207383271461268,False,sub-51,NS,eyesopen,72,0
PO7,0.15998352594913404,0.07393190137615478,False,sub-51,NS,eyesopen,72,0
PO8,0.15617457999882678,0.0753377681726684,False,sub-51,NS,eyesopen,72,0
Fpz,0.1278066188908401,0.0692929952389175,False,sub-51,NS,eyesopen,72,0
CPz,0.17232976143901738,0.08288268549830832,False,sub-51,NS,eyesopen,72,0
Fp1,0.13600901195017517,0.0659482359577652,False,sub-52,NS,eyesopen,75,0
AF3,0.1669214931746398,0.06820813410715376,False,sub-52,NS,eyesopen,75,0
AF7,0.13147868277225389,0.05490769165505378,False,sub-52,NS,eyesopen,75,0
Fz,0.15375785929521102,0.06415842507441269,False,sub-52,NS,eyesopen,75,0
F1,0.16768615106668372,0.0695221170921004,False,sub-52,NS,eyesopen,75,0
F3,0.17893942372692723,0.0665927893722672,False,sub-52,NS,eyesopen,75,0
F5,0.16646501392932375,0.0537161954059553,False,sub-52,NS,eyesopen,75,0
F7,0.16838133215079587,0.05969176891995521,False,sub-52,NS,eyesopen,75,0
FC1,0.1266509314104407,0.05362781667285161,False,sub-52,NS,eyesopen,75,0
FC3,0.15256056319350297,0.05513579026708733,False,sub-52,NS,eyesopen,75,0
FC5,0.1672098919555691,0.04772261519902573,False,sub-52,NS,eyesopen,75,0
FT7,0.18174147316456346,0.053074880954555204,False,sub-52,NS,eyesopen,75,0
Cz,0.12758689118708674,0.055500158795444135,False,sub-52,NS,eyesopen,75,0
C1,0.1111229604579393,0.047270291133552154,False,sub-52,NS,eyesopen,75,0
C3,0.111785478045861,0.05291127993447276,False,sub-52,NS,eyesopen,75,0
C5,0.13937804894203012,0.052143559726637895,False,sub-52,NS,eyesopen,75,0
T7,0.14179788583797864,0.036475762093867554,False,sub-52,NS,eyesopen,75,0
CP1,0.11857589804224401,0.04769381898219658,False,sub-52,NS,eyesopen,75,0
CP3,0.1223300972490244,0.05020976810757779,False,sub-52,NS,eyesopen,75,0
CP5,0.13778910574673497,0.0511961143457941,False,sub-52,NS,eyesopen,75,0
TP7,0.16064632935830653,0.04886004479043063,False,sub-52,NS,eyesopen,75,0
TP9,0.16945937816311996,0.054194188416250816,False,sub-52,NS,eyesopen,75,0
Pz,0.12063865183882108,0.046969481763932674,False,sub-52,NS,eyesopen,75,0
P1,0.12205546392904983,0.04766574703949145,False,sub-52,NS,eyesopen,75,0
P3,0.12893974006463368,0.048625431911747556,False,sub-52,NS,eyesopen,75,0
P5,0.1356241679984485,0.04605030404211683,False,sub-52,NS,eyesopen,75,0
P7,0.15521881357430692,0.0487989671131766,False,sub-52,NS,eyesopen,75,0
PO3,0.12739585954314864,0.045367069538294565,False,sub-52,NS,eyesopen,75,0
PO7,0.14042776977609572,0.046737277893458044,False,sub-52,NS,eyesopen,75,0
Oz,0.1506974708307357,0.05312405900924802,False,sub-52,NS,eyesopen,75,0
O1,0.14638623218820554,0.050777329681772745,False,sub-52,NS,eyesopen,75,0
Fpz,0.1360795168543863,0.06561912682420952,False,sub-52,NS,eyesopen,75,0
Fp2,0.07580606922570628,0.025502125102670917,False,sub-52,NS,eyesopen,75,0
AF4,0.12744095745430162,0.048926168243055936,False,sub-52,NS,eyesopen,75,0
AF8,0.05500609914548297,0.017642999050836994,False,sub-52,NS,eyesopen,75,0
F2,0.14833127032490115,0.059385684241615236,False,sub-52,NS,eyesopen,75,0
F4,0.13070142689614317,0.04247203773816504,False,sub-52,NS,eyesopen,75,0
F6,0.09106209963735885,0.030562764094793284,False,sub-52,NS,eyesopen,75,0
F8,0.11204560240407431,0.03692289872542457,False,sub-52,NS,eyesopen,75,0
FC2,0.12966855495356153,0.04856411956635978,False,sub-52,NS,eyesopen,75,0
FC4,0.12621242226207993,0.044899449654308456,False,sub-52,NS,eyesopen,75,0
FC6,0.1444177834457733,0.050572442408874124,False,sub-52,NS,eyesopen,75,0
FT8,0.15386904256520068,0.049849299851888074,False,sub-52,NS,eyesopen,75,0
C2,0.11773396921591063,0.04968867046025871,False,sub-52,NS,eyesopen,75,0
C4,0.13026013228749997,0.051648083751664985,False,sub-52,NS,eyesopen,75,0
C6,0.19407162206412082,0.062066345374782464,False,sub-52,NS,eyesopen,75,0
T8,0.06289900723525725,0.025017682625892403,False,sub-52,NS,eyesopen,75,0
CPz,0.11644913526159001,0.045967723414337656,False,sub-52,NS,eyesopen,75,0
CP2,0.11998784093333192,0.046939707630774145,False,sub-52,NS,eyesopen,75,0
CP4,0.12889943319698988,0.051897327383861824,False,sub-52,NS,eyesopen,75,0
CP6,0.14716519907395534,0.055731493721692546,False,sub-52,NS,eyesopen,75,0
TP8,0.15561656304803298,0.051523749855836666,False,sub-52,NS,eyesopen,75,0
TP10,0.16560319038922353,0.05408502398000483,False,sub-52,NS,eyesopen,75,0
P2,0.1252022866661433,0.04603035791225373,False,sub-52,NS,eyesopen,75,0
P4,0.13311851210457568,0.04914215002199266,False,sub-52,NS,eyesopen,75,0
P6,0.13993125346836324,0.05111472576719782,False,sub-52,NS,eyesopen,75,0
P8,0.15309198662591134,0.052179026576181176,False,sub-52,NS,eyesopen,75,0
POz,0.12451922213826147,0.04411920864384399,False,sub-52,NS,eyesopen,75,0
PO4,0.1250602820341251,0.0427294604289402,False,sub-52,NS,eyesopen,75,0
PO8,0.14824711739148763,0.05079726485346614,False,sub-52,NS,eyesopen,75,0
O2,0.15529087063920846,0.053397634426146715,False,sub-52,NS,eyesopen,75,0
Fp1,0.09848363145011198,0.034116576875381256,False,sub-52,SD,eyesopen,75,0
AF3,0.11556498101776645,0.04416574233933905,False,sub-52,SD,eyesopen,75,0
AF7,0.08891358266295538,0.03016149553811211,False,sub-52,SD,eyesopen,75,0
Fz,0.13882876674051348,0.06129941916822097,False,sub-52,SD,eyesopen,75,0
F1,0.13738023317158518,0.052625109013245124,False,sub-52,SD,eyesopen,75,0
F3,0.13869246208580108,0.0559944461661171,False,sub-52,SD,eyesopen,75,0
F5,0.12984048063826226,0.04680638531463583,False,sub-52,SD,eyesopen,75,0
F7,0.1315941683773471,0.04871624609594492,False,sub-52,SD,eyesopen,75,0
FC1,0.14881412654206513,0.05379057311546381,False,sub-52,SD,eyesopen,75,0
FC3,0.15968233844741944,0.06800828883369253,False,sub-52,SD,eyesopen,75,0
FC5,0.17060149878249126,0.07207496478542846,False,sub-52,SD,eyesopen,75,0
FT7,0.19857738267174505,0.09003018017153082,False,sub-52,SD,eyesopen,75,0
Cz,0.14382174310972037,0.06241848684759961,False,sub-52,SD,eyesopen,75,0
C1,0.1170154783370801,0.05607868120783816,False,sub-52,SD,eyesopen,75,0
C3,0.11007542252376418,0.052736615519857914,False,sub-52,SD,eyesopen,75,0
C5,0.14990963228426957,0.06608924745353825,False,sub-52,SD,eyesopen,75,0
T7,0.17209136053760044,0.07468673097195251,False,sub-52,SD,eyesopen,75,0
CP1,0.11609069248231797,0.05637645618060714,False,sub-52,SD,eyesopen,75,0
CP3,0.11890967181316259,0.06285997523308373,False,sub-52,SD,eyesopen,75,0
CP5,0.14579686437878867,0.06368179957409556,False,sub-52,SD,eyesopen,75,0
TP7,0.16948465746967914,0.07342503344429614,False,sub-52,SD,eyesopen,75,0
TP9,0.22595967018496835,0.09750418547630957,False,sub-52,SD,eyesopen,75,0
Pz,0.1282691863536419,0.06071600852393717,False,sub-52,SD,eyesopen,75,0
P1,0.12703613419417337,0.06273230408052569,False,sub-52,SD,eyesopen,75,0
P3,0.1393190519516134,0.06559229939958527,False,sub-52,SD,eyesopen,75,0
P5,0.15878033772914243,0.06917074785866073,False,sub-52,SD,eyesopen,75,0
P7,0.2105637890004393,0.08723343898115833,False,sub-52,SD,eyesopen,75,0
PO3,0.1568330145591183,0.06939189797434614,False,sub-52,SD,eyesopen,75,0
PO7,0.2114642917174182,0.09054004994743382,False,sub-52,SD,eyesopen,75,0
Oz,0.17080743481369448,0.06661482857014796,False,sub-52,SD,eyesopen,75,0
O1,0.18500409288180553,0.07544254929240515,False,sub-52,SD,eyesopen,75,0
Fpz,0.09306836629979788,0.033151785963002126,False,sub-52,SD,eyesopen,75,0
Fp2,0.0674174791313621,0.027679013350244076,False,sub-52,SD,eyesopen,75,0
AF4,0.10267814859303274,0.0414646830482084,False,sub-52,SD,eyesopen,75,0
AF8,0.08781964707834758,0.03715282730282594,False,sub-52,SD,eyesopen,75,0
F2,0.1413716524654493,0.05111391503071765,False,sub-52,SD,eyesopen,75,0
F4,0.13428865524722844,0.04847331122221868,False,sub-52,SD,eyesopen,75,0
F6,0.13103297654719473,0.04989186145425386,False,sub-52,SD,eyesopen,75,0
F8,0.1660814061299794,0.0675893530309048,False,sub-52,SD,eyesopen,75,0
FC2,0.1518133924231596,0.0580731449215908,False,sub-52,SD,eyesopen,75,0
FC4,0.1387042402650983,0.056637490619771705,False,sub-52,SD,eyesopen,75,0
FC6,0.16703465904675735,0.06391519900983751,False,sub-52,SD,eyesopen,75,0
FT8,0.20098390971903407,0.07469718123694712,False,sub-52,SD,eyesopen,75,0
C2,0.1324061480148029,0.05675040300181507,False,sub-52,SD,eyesopen,75,0
C4,0.1267704379812645,0.05579806069722382,False,sub-52,SD,eyesopen,75,0
C6,0.15318914765146643,0.058323035718411194,False,sub-52,SD,eyesopen,75,0
T8,0.19155751259329074,0.06740493013627055,False,sub-52,SD,eyesopen,75,0
CPz,0.1406640055186763,0.0583846571371479,False,sub-52,SD,eyesopen,75,0
CP2,0.13370295288225728,0.05628326697036731,False,sub-52,SD,eyesopen,75,0
CP4,0.12870678466085397,0.054928057778934135,False,sub-52,SD,eyesopen,75,0
CP6,0.1498457721129312,0.0568073489702183,False,sub-52,SD,eyesopen,75,0
TP8,0.19180901739682538,0.0659221350954955,False,sub-52,SD,eyesopen,75,0
TP10,0.20591260236839118,0.07390007881272234,False,sub-52,SD,eyesopen,75,0
P2,0.13227555152489065,0.06186875453617348,False,sub-52,SD,eyesopen,75,0
P4,0.14253949313523773,0.06584673046935914,False,sub-52,SD,eyesopen,75,0
P6,0.16186057796854295,0.06357888227327227,False,sub-52,SD,eyesopen,75,0
P8,0.18412305881285979,0.06500997988935851,False,sub-52,SD,eyesopen,75,0
POz,0.13449227743113057,0.06276845301476319,False,sub-52,SD,eyesopen,75,0
PO4,0.14753818827348256,0.06605821836213022,False,sub-52,SD,eyesopen,75,0
PO8,0.17614951986537047,0.06611585963118684,False,sub-52,SD,eyesopen,75,0
O2,0.16802422699827624,0.06722253480605878,False,sub-52,SD,eyesopen,75,0
Fp1,0.15553685143735227,0.06333351808188485,False,sub-53,NS,eyesopen,75,1
Fp2,0.1430852586824597,0.06064469400335449,False,sub-53,NS,eyesopen,75,1
F3,0.1661892543091376,0.06282446732823393,False,sub-53,NS,eyesopen,75,1
F4,0.1710575960725679,0.07005581693518312,False,sub-53,NS,eyesopen,75,1
C3,0.15403868852355262,0.05122425937618457,True,sub-53,NS,eyesopen,75,1
C4,0.12408364103525374,0.04958020975429812,False,sub-53,NS,eyesopen,75,1
P3,0.12129410395355791,0.041097401893887726,False,sub-53,NS,eyesopen,75,1
P4,0.47794960699314337,0.1007350380559686,False,sub-53,NS,eyesopen,75,1
O1,0.11914155734297137,0.048257997687047555,False,sub-53,NS,eyesopen,75,1
O2,0.12035693789012339,0.04857239131665581,False,sub-53,NS,eyesopen,75,1
F7,0.168113091052903,0.05913942381072202,False,sub-53,NS,eyesopen,75,1
F8,0.10688476730115219,0.04829044731237867,False,sub-53,NS,eyesopen,75,1
T7,0.10180588902188416,0.034952867957582776,False,sub-53,NS,eyesopen,75,1
T8,0.12018742762435916,0.04403438793031855,False,sub-53,NS,eyesopen,75,1
P7,0.13085733550805287,0.05079676691981982,False,sub-53,NS,eyesopen,75,1
P8,0.11134066373444433,0.04539477864138626,False,sub-53,NS,eyesopen,75,1
Fz,0.1644277499942867,0.06835378541979466,False,sub-53,NS,eyesopen,75,1
Cz,0.14544988732316072,0.04762938723529379,False,sub-53,NS,eyesopen,75,1
Pz,0.14117195489650838,0.05347516361336173,False,sub-53,NS,eyesopen,75,1
Oz,0.12113562005721225,0.046181471894448066,False,sub-53,NS,eyesopen,75,1
FC1,0.20324953023483228,0.05859775699343426,False,sub-53,NS,eyesopen,75,1
FC2,0.20081556103431356,0.0604585576952241,False,sub-53,NS,eyesopen,75,1
CP1,0.15946240574889978,0.05625755634794296,False,sub-53,NS,eyesopen,75,1
CP2,0.1430804633018752,0.05376078416698678,False,sub-53,NS,eyesopen,75,1
FC5,0.16626950797225595,0.048897346255187296,False,sub-53,NS,eyesopen,75,1
FC6,0.0888683125098045,0.03408920809347542,False,sub-53,NS,eyesopen,75,1
CP5,0.15241999084059765,0.047950065905565525,False,sub-53,NS,eyesopen,75,1
CP6,0.11457656281495975,0.0463908422183492,False,sub-53,NS,eyesopen,75,1
TP9,0.09586565072386351,0.036719888428230964,False,sub-53,NS,eyesopen,75,1
TP10,0.13698797031214907,0.04944625975970112,False,sub-53,NS,eyesopen,75,1
POz,0.16273750334144219,0.05976078343611894,False,sub-53,NS,eyesopen,75,1
F1,0.24638349555265768,0.09265463918185603,False,sub-53,NS,eyesopen,75,1
F2,0.18679733567578533,0.07250802862154672,False,sub-53,NS,eyesopen,75,1
C1,0.15225970309242087,0.049103838705093064,False,sub-53,NS,eyesopen,75,1
C2,0.14541662028077199,0.05052960366344761,False,sub-53,NS,eyesopen,75,1
P1,0.12280289405011559,0.04118608507890972,False,sub-53,NS,eyesopen,75,1
P2,0.12031654378776264,0.048206805990025324,False,sub-53,NS,eyesopen,75,1
AF3,0.16325621862113923,0.06460805730285903,False,sub-53,NS,eyesopen,75,1
AF4,0.1985675840689408,0.08109746642419459,False,sub-53,NS,eyesopen,75,1
FC3,0.3435846669144161,0.07515759180701617,False,sub-53,NS,eyesopen,75,1
FC4,0.2797124239452986,0.07452350171033685,False,sub-53,NS,eyesopen,75,1
CP3,0.1436218555999133,0.04551138443413565,False,sub-53,NS,eyesopen,75,1
CP4,0.13804549328683377,0.055581596409710915,False,sub-53,NS,eyesopen,75,1
PO3,0.12139112466034603,0.04650896562759318,False,sub-53,NS,eyesopen,75,1
PO4,0.16749027674649183,0.06582944371626168,False,sub-53,NS,eyesopen,75,1
F5,0.20821210927079106,0.07292748931933246,False,sub-53,NS,eyesopen,75,1
F6,0.12807108147096335,0.04904618626388574,False,sub-53,NS,eyesopen,75,1
C5,0.13298021040194277,0.04384281885414223,False,sub-53,NS,eyesopen,75,1
C6,0.09790379448582312,0.03921744656131599,False,sub-53,NS,eyesopen,75,1
P5,0.13382358399141628,0.0488749566000431,False,sub-53,NS,eyesopen,75,1
P6,0.1379529195572422,0.05473365560518755,False,sub-53,NS,eyesopen,75,1
AF7,0.15277401490586884,0.061470740174260054,False,sub-53,NS,eyesopen,75,1
AF8,0.15466821508223608,0.06178048244515685,False,sub-53,NS,eyesopen,75,1
FT7,0.24413133114732774,0.06591856688251398,False,sub-53,NS,eyesopen,75,1
FT8,0.23241603500823516,0.07090822791967605,False,sub-53,NS,eyesopen,75,1
TP7,0.18412361835051555,0.055923712046907714,False,sub-53,NS,eyesopen,75,1
TP8,0.17415299969059425,0.05569852285999306,False,sub-53,NS,eyesopen,75,1
PO7,0.18439774011916302,0.06602161665297668,False,sub-53,NS,eyesopen,75,1
PO8,0.12776078469940375,0.05298824258434927,False,sub-53,NS,eyesopen,75,1
Fpz,0.1556661878854685,0.06347733133964772,False,sub-53,NS,eyesopen,75,1
CPz,0.16732406981567877,0.05892128031064377,False,sub-53,NS,eyesopen,75,1
Fp1,0.1212450709531103,0.055668801385650696,False,sub-53,SD,eyesopen,75,0
Fp2,0.11580753664186896,0.05521728160519143,False,sub-53,SD,eyesopen,75,0
F3,0.13497522664525655,0.0489470743381023,False,sub-53,SD,eyesopen,75,0
F4,0.12971464625870732,0.046798407976106474,False,sub-53,SD,eyesopen,75,0
C3,0.14931286440160127,0.055077889908295354,False,sub-53,SD,eyesopen,75,0
C4,0.12801303329638639,0.04557038259309916,False,sub-53,SD,eyesopen,75,0
P3,0.12365046307835348,0.05052675433349631,False,sub-53,SD,eyesopen,75,0
P4,0.11898650516517925,0.047558419472795495,False,sub-53,SD,eyesopen,75,0
O1,0.09245613299534856,0.03556015726653422,False,sub-53,SD,eyesopen,75,0
O2,0.12065742817891023,0.04640081480471437,False,sub-53,SD,eyesopen,75,0
F7,0.13727681894469845,0.054775960986531,False,sub-53,SD,eyesopen,75,0
F8,0.11823447411430896,0.053296841855428635,False,sub-53,SD,eyesopen,75,0
T7,0.1557030477108187,0.06129641631346332,False,sub-53,SD,eyesopen,75,0
T8,0.14270123419560007,0.05119182943092089,False,sub-53,SD,eyesopen,75,0
P7,0.13643455094692408,0.05183079648412574,False,sub-53,SD,eyesopen,75,0
P8,0.12873349285449132,0.043860612972721244,False,sub-53,SD,eyesopen,75,0
Fz,0.15989364230449846,0.06689060690047814,False,sub-53,SD,eyesopen,75,0
Cz,0.13697303667734617,0.05697390788102021,False,sub-53,SD,eyesopen,75,0
Pz,0.1143076867053473,0.04438190992578038,False,sub-53,SD,eyesopen,75,0
Oz,0.10602384238061627,0.040523229102382693,False,sub-53,SD,eyesopen,75,0
FC1,0.13586934735137915,0.047150872383678426,False,sub-53,SD,eyesopen,75,0
FC2,0.15077675135914917,0.05120484022847513,False,sub-53,SD,eyesopen,75,0
CP1,0.13031665849217444,0.04981058348225257,False,sub-53,SD,eyesopen,75,0
CP2,0.1365671389810268,0.05001992174775289,False,sub-53,SD,eyesopen,75,0
FC5,0.14139532924377018,0.05408122250683623,False,sub-53,SD,eyesopen,75,0
FC6,0.14061392543793724,0.053916655288863996,False,sub-53,SD,eyesopen,75,0
CP5,0.14551358936555786,0.06133509907264557,False,sub-53,SD,eyesopen,75,0
CP6,0.1311476120092479,0.04646804739054918,False,sub-53,SD,eyesopen,75,0
TP9,0.08233964506376804,0.043478235718222825,False,sub-53,SD,eyesopen,75,0
TP10,0.1199337877596848,0.0426079038101707,False,sub-53,SD,eyesopen,75,0
POz,0.10858790849979807,0.04694577942771778,False,sub-53,SD,eyesopen,75,0
F1,0.14869646451212154,0.0573518488730047,False,sub-53,SD,eyesopen,75,0
F2,0.13708380441774556,0.059280760143887196,False,sub-53,SD,eyesopen,75,0
C1,0.1363124475395512,0.05478486480377519,False,sub-53,SD,eyesopen,75,0
C2,0.1337902506586988,0.048433008654876264,False,sub-53,SD,eyesopen,75,0
P1,0.12042790051903973,0.04990779594136707,False,sub-53,SD,eyesopen,75,0
P2,0.11684517173125056,0.0480698688270532,False,sub-53,SD,eyesopen,75,0
AF3,0.1413576418123829,0.06074130790745242,False,sub-53,SD,eyesopen,75,0
AF4,0.12990905821640739,0.05283695664705688,False,sub-53,SD,eyesopen,75,0
FC3,0.13961751541251666,0.0557052436890443,False,sub-53,SD,eyesopen,75,0
FC4,0.1340901558381659,0.045532532977750007,False,sub-53,SD,eyesopen,75,0
CP3,0.14048413148751113,0.05202494115160203,False,sub-53,SD,eyesopen,75,0
CP4,0.12940432190858783,0.049221934294113645,False,sub-53,SD,eyesopen,75,0
PO3,0.11056854835375428,0.045153974755587016,False,sub-53,SD,eyesopen,75,0
PO4,0.11459292048814802,0.0452639807476104,False,sub-53,SD,eyesopen,75,0
F5,0.1386979758689698,0.05257377428929563,False,sub-53,SD,eyesopen,75,0
F6,0.12112725991323506,0.04705330814269732,False,sub-53,SD,eyesopen,75,0
C5,0.15559766332806083,0.0639278790493188,False,sub-53,SD,eyesopen,75,0
C6,0.1394397360436295,0.05371467693701698,False,sub-53,SD,eyesopen,75,0
P5,0.1256739150628919,0.048188323686366295,False,sub-53,SD,eyesopen,75,0
P6,0.12846657782990253,0.046704039783627305,False,sub-53,SD,eyesopen,75,0
AF7,0.11876801786093617,0.04593490545522217,False,sub-53,SD,eyesopen,75,0
AF8,0.09906350402075688,0.04421833975712877,False,sub-53,SD,eyesopen,75,0
FT7,0.1505666106694338,0.05744687460546001,False,sub-53,SD,eyesopen,75,0
FT8,0.15054894810011424,0.060310095264580886,False,sub-53,SD,eyesopen,75,0
TP7,0.14685474748238755,0.05862613784760542,False,sub-53,SD,eyesopen,75,0
TP8,0.1386516956491523,0.04681400794521973,False,sub-53,SD,eyesopen,75,0
PO7,0.11748941335507856,0.04151942063521777,False,sub-53,SD,eyesopen,75,0
PO8,0.11980338778118295,0.04612269101061331,False,sub-53,SD,eyesopen,75,0
Fpz,0.1230401305850927,0.05541098536040075,False,sub-53,SD,eyesopen,75,0
CPz,0.12278594883039709,0.04844421688151971,False,sub-53,SD,eyesopen,75,0
Fp1,0.14550580144815134,0.06776712580493206,False,sub-54,NS,eyesopen,75,0
AF3,0.15752760996614915,0.07031156669021536,False,sub-54,NS,eyesopen,75,0
AF7,0.13971422387369473,0.06819527863317638,False,sub-54,NS,eyesopen,75,0
Fz,0.19084698912870332,0.07651235245523641,False,sub-54,NS,eyesopen,75,0
F1,0.16585685720871413,0.07428226348951092,False,sub-54,NS,eyesopen,75,0
F3,0.18785312545788652,0.06938262979957126,False,sub-54,NS,eyesopen,75,0
F5,0.17179963613229135,0.06464555702082736,False,sub-54,NS,eyesopen,75,0
F7,0.1575271851006386,0.054322433395979794,False,sub-54,NS,eyesopen,75,0
FC1,0.18019658899911367,0.07422140713960484,False,sub-54,NS,eyesopen,75,0
FC3,0.2104648244605258,0.07281929206376923,False,sub-54,NS,eyesopen,75,0
FC5,0.18551300472550875,0.06760094781745307,False,sub-54,NS,eyesopen,75,0
FT7,0.13426402944127844,0.04493436604581876,False,sub-54,NS,eyesopen,75,0
Cz,0.18188762523651927,0.059815768305244384,False,sub-54,NS,eyesopen,75,0
C1,0.19156225026646123,0.07088749532165291,False,sub-54,NS,eyesopen,75,0
C3,0.19350796996286757,0.07521878633896298,False,sub-54,NS,eyesopen,75,0
C5,0.1670561851593862,0.06903497667466724,False,sub-54,NS,eyesopen,75,0
T7,0.07343988413143676,0.04049006301946922,False,sub-54,NS,eyesopen,75,0
CP1,0.16287314845847148,0.07020161561583521,False,sub-54,NS,eyesopen,75,0
CP3,0.1769593495067886,0.07770165850479306,False,sub-54,NS,eyesopen,75,0
CP5,0.1773884024962539,0.0738090597482582,False,sub-54,NS,eyesopen,75,0
TP7,0.1690531313253551,0.07555396058189884,False,sub-54,NS,eyesopen,75,0
TP9,0.1356560447011472,0.06234650587188227,False,sub-54,NS,eyesopen,75,0
Pz,0.16748172168265582,0.06816155219287823,False,sub-54,NS,eyesopen,75,0
P1,0.16384087282279214,0.07852682499318211,False,sub-54,NS,eyesopen,75,0
P3,0.15954346427511404,0.07588359957018531,False,sub-54,NS,eyesopen,75,0
P5,0.15922511015556645,0.07503617231664925,False,sub-54,NS,eyesopen,75,0
P7,0.14831218389048717,0.07441510139734904,False,sub-54,NS,eyesopen,75,0
PO3,0.1595175956885302,0.07452662208696056,False,sub-54,NS,eyesopen,75,0
PO7,0.15966368695844965,0.07370872894812772,False,sub-54,NS,eyesopen,75,0
Oz,0.17378016930773824,0.08008731424734605,False,sub-54,NS,eyesopen,75,0
O1,0.17330800558414675,0.08188030978828327,False,sub-54,NS,eyesopen,75,0
Fpz,0.15092461563162318,0.07049280389126565,False,sub-54,NS,eyesopen,75,0
Fp2,0.14814115116988055,0.07436078415630923,False,sub-54,NS,eyesopen,75,0
AF4,0.14718588724926032,0.07973850061496716,False,sub-54,NS,eyesopen,75,0
AF8,0.12764775760323724,0.07147362391825869,False,sub-54,NS,eyesopen,75,0
F2,0.19192313531080796,0.0792528082255458,False,sub-54,NS,eyesopen,75,0
F4,0.16345997851592345,0.07099559978470235,False,sub-54,NS,eyesopen,75,0
F6,0.15409798549710263,0.06813158802514169,False,sub-54,NS,eyesopen,75,0
F8,0.12351480877414618,0.07681963060379714,False,sub-54,NS,eyesopen,75,0
FC2,0.20001450562004816,0.07414538471467562,False,sub-54,NS,eyesopen,75,0
FC4,0.19974884911061233,0.07177723881865843,False,sub-54,NS,eyesopen,75,0
FC6,0.184564422170341,0.07340707084213849,False,sub-54,NS,eyesopen,75,0
FT8,0.17203625944686868,0.07244453372068317,False,sub-54,NS,eyesopen,75,0
C2,0.17500975738052568,0.05712697997786488,False,sub-54,NS,eyesopen,75,0
C4,0.18054322718591068,0.06258695044482958,False,sub-54,NS,eyesopen,75,0
C6,0.14578437232318564,0.05718362951491775,False,sub-54,NS,eyesopen,75,0
T8,0.14212567811757465,0.06544553585649282,False,sub-54,NS,eyesopen,75,0
CPz,0.1635544026165372,0.07032628523601817,False,sub-54,NS,eyesopen,75,0
CP2,0.1671988634797108,0.06169694859249254,False,sub-54,NS,eyesopen,75,0
CP4,0.17028468181913964,0.06423670712498025,False,sub-54,NS,eyesopen,75,0
CP6,0.1499041946030767,0.06311119815526417,False,sub-54,NS,eyesopen,75,0
TP8,0.16638045846141553,0.07288601628518412,False,sub-54,NS,eyesopen,75,0
TP10,0.14820727510899523,0.06463560370009631,False,sub-54,NS,eyesopen,75,0
P2,0.1611580999133915,0.06607385308760326,False,sub-54,NS,eyesopen,75,0
P4,0.15949380616670245,0.06795151052274555,False,sub-54,NS,eyesopen,75,0
P6,0.162525229800923,0.06986690337163537,False,sub-54,NS,eyesopen,75,0
P8,0.1620111237658053,0.07198878457184614,False,sub-54,NS,eyesopen,75,0
POz,0.16859365779613786,0.0766199041609433,False,sub-54,NS,eyesopen,75,0
PO4,0.15498727322929906,0.06884269945805427,False,sub-54,NS,eyesopen,75,0
PO8,0.16830332478844517,0.07691027841635607,False,sub-54,NS,eyesopen,75,0
O2,0.1752678529041085,0.08153298105611394,False,sub-54,NS,eyesopen,75,0
Fp1,0.12872447591341737,0.08134991865410808,False,sub-54,SD,eyesopen,75,0
AF3,0.15647958827345743,0.08029758294443426,False,sub-54,SD,eyesopen,75,0
AF7,0.12892006727648345,0.07884865887975226,False,sub-54,SD,eyesopen,75,0
Fz,0.16559022088813094,0.08513140552468983,False,sub-54,SD,eyesopen,75,0
F1,0.18420207707176955,0.08641019384340837,False,sub-54,SD,eyesopen,75,0
F3,0.17260738918148916,0.07201499172118346,False,sub-54,SD,eyesopen,75,0
F5,0.16259182545410103,0.06951375187661511,False,sub-54,SD,eyesopen,75,0
F7,0.14283158486975042,0.06943616156087352,False,sub-54,SD,eyesopen,75,0
FC1,0.22625897048738566,0.0780961864628327,False,sub-54,SD,eyesopen,75,0
FC3,0.21273654489765975,0.07718549719152346,False,sub-54,SD,eyesopen,75,0
FC5,0.20291952726577217,0.08373759736456395,False,sub-54,SD,eyesopen,75,0
FT7,0.15428687464591054,0.06797096945811734,False,sub-54,SD,eyesopen,75,0
Cz,0.20427900416268804,0.09658757098561298,False,sub-54,SD,eyesopen,75,0
C1,0.19024752726569658,0.0815839038234723,False,sub-54,SD,eyesopen,75,0
C3,0.21143569357556138,0.09360912162116003,False,sub-54,SD,eyesopen,75,0
C5,0.15567786943841094,0.06289002210448956,False,sub-54,SD,eyesopen,75,0
T7,0.09363596479754215,0.0770323831069188,False,sub-54,SD,eyesopen,75,0
CP1,0.2023340109137785,0.09420012376192623,False,sub-54,SD,eyesopen,75,0
CP3,0.19822894996529825,0.09882306873634156,False,sub-54,SD,eyesopen,75,0
CP5,0.18538985696055174,0.09301715432183988,False,sub-54,SD,eyesopen,75,0
TP7,0.19112271805799777,0.0970795586814211,False,sub-54,SD,eyesopen,75,0
TP9,0.1687662346971183,0.08563700041733452,False,sub-54,SD,eyesopen,75,0
Pz,0.19798441462654207,0.10449792951333953,False,sub-54,SD,eyesopen,75,0
P1,0.18204728244605278,0.09871975592924492,False,sub-54,SD,eyesopen,75,0
P3,0.1881944910016329,0.09986563161199284,False,sub-54,SD,eyesopen,75,0
P5,0.19056116520401956,0.09939633794375388,False,sub-54,SD,eyesopen,75,0
P7,0.18865214917317324,0.09637007186974046,False,sub-54,SD,eyesopen,75,0
PO3,0.18814943196670397,0.09965974511415288,False,sub-54,SD,eyesopen,75,0
PO7,0.18121864588867612,0.09286234960443256,False,sub-54,SD,eyesopen,75,0
Oz,0.19460560520837145,0.10901721748722676,False,sub-54,SD,eyesopen,75,0
O1,0.1875931799528251,0.09920075997574887,False,sub-54,SD,eyesopen,75,0
Fpz,0.13928135788284252,0.08261082110278668,False,sub-54,SD,eyesopen,75,0
Fp2,0.1400668071499406,0.0817652554029197,False,sub-54,SD,eyesopen,75,0
AF4,0.13862320574487066,0.08145643654168673,False,sub-54,SD,eyesopen,75,0
AF8,0.12467925167366226,0.07794374147857565,False,sub-54,SD,eyesopen,75,0
F2,0.18949879337067738,0.09005119205935685,False,sub-54,SD,eyesopen,75,0
F4,0.16629988294825163,0.08541312460093888,False,sub-54,SD,eyesopen,75,0
F6,0.13603630900150843,0.07510692317033793,False,sub-54,SD,eyesopen,75,0
F8,0.07111224502988636,0.05055689396256566,False,sub-54,SD,eyesopen,75,0
FC2,0.21432557816711476,0.08404239109654793,False,sub-54,SD,eyesopen,75,0
FC4,0.20727710038986957,0.09767604749265416,False,sub-54,SD,eyesopen,75,0
FC6,0.20264845250209804,0.09961871571398802,False,sub-54,SD,eyesopen,75,0
FT8,0.13292530699821326,0.06667931478289241,False,sub-54,SD,eyesopen,75,0
C2,0.20524350487029117,0.09835280274271828,False,sub-54,SD,eyesopen,75,0
C4,0.20573305386521304,0.10187006899430813,False,sub-54,SD,eyesopen,75,0
C6,0.16384506919198952,0.086259832878268,False,sub-54,SD,eyesopen,75,0
T8,0.12629346302955646,0.07346026859224279,False,sub-54,SD,eyesopen,75,0
CPz,0.20251426846976164,0.09784451237942514,False,sub-54,SD,eyesopen,75,0
CP2,0.1882635587319325,0.10683942132106168,False,sub-54,SD,eyesopen,75,0
CP4,0.20153145033777814,0.10738591012367757,False,sub-54,SD,eyesopen,75,0
CP6,0.19531612686361863,0.10447509265207483,False,sub-54,SD,eyesopen,75,0
TP8,0.1841110921046371,0.09760912875179167,False,sub-54,SD,eyesopen,75,0
TP10,0.16523524222765637,0.08867757289861726,False,sub-54,SD,eyesopen,75,0
P2,0.18599603039203816,0.10311007533813785,False,sub-54,SD,eyesopen,75,0
P4,0.18880047404646177,0.1060213696689309,False,sub-54,SD,eyesopen,75,0
P6,0.19057339177229993,0.10906843686211325,False,sub-54,SD,eyesopen,75,0
P8,0.19124364694706725,0.10761358892951597,False,sub-54,SD,eyesopen,75,0
POz,0.19227895934456563,0.1067031963703982,False,sub-54,SD,eyesopen,75,0
PO4,0.187021602423611,0.10685114054946018,False,sub-54,SD,eyesopen,75,0
PO8,0.18411539096346777,0.10551597854501124,False,sub-54,SD,eyesopen,75,0
O2,0.1882554280715327,0.1078569272574931,False,sub-54,SD,eyesopen,75,0
Fp1,0.170924807991126,0.06223564407423681,False,sub-55,NS,eyesopen,75,0
AF3,0.24650466369413152,0.07188221677569832,False,sub-55,NS,eyesopen,75,0
AF7,0.21292398319382214,0.07344425350998478,False,sub-55,NS,eyesopen,75,0
Fz,0.38828062333217483,0.09149101784068546,False,sub-55,NS,eyesopen,75,0
F1,0.3472177648630117,0.08852866467146688,False,sub-55,NS,eyesopen,75,0
F3,0.31197411859907,0.07968634199722321,False,sub-55,NS,eyesopen,75,0
F5,0.27881347908825194,0.08078091696165908,False,sub-55,NS,eyesopen,75,0
F7,0.33127777188982654,0.103125042121675,False,sub-55,NS,eyesopen,75,0
FC1,0.3251060952760172,0.08568693819855173,False,sub-55,NS,eyesopen,75,0
FC3,0.34039002962202336,0.08390971055955378,False,sub-55,NS,eyesopen,75,0
FC5,0.3492690192470641,0.09807958550567825,False,sub-55,NS,eyesopen,75,0
FT7,0.3519432143161412,0.10815230718451417,False,sub-55,NS,eyesopen,75,0
Cz,0.41364258036965057,0.10360241026043016,False,sub-55,NS,eyesopen,75,0
C1,0.3885759047765472,0.10097914384947988,False,sub-55,NS,eyesopen,75,0
C3,0.36107233973041825,0.0963021464028127,False,sub-55,NS,eyesopen,75,0
C5,0.35197614018001294,0.09836075505663196,False,sub-55,NS,eyesopen,75,0
T7,0.3207442679471301,0.09891389036998133,False,sub-55,NS,eyesopen,75,0
CP1,0.3781410428006952,0.10240035479867482,False,sub-55,NS,eyesopen,75,0
CP3,0.3619353380806947,0.09976713110034352,False,sub-55,NS,eyesopen,75,0
CP5,0.35752569220651137,0.0964690705647476,False,sub-55,NS,eyesopen,75,0
TP7,0.3393945900895652,0.09262912333047134,False,sub-55,NS,eyesopen,75,0
TP9,0.3375184105812497,0.09492982897422089,False,sub-55,NS,eyesopen,75,0
Pz,0.3529156453440108,0.10099472107734746,False,sub-55,NS,eyesopen,75,0
P1,0.36037045288280684,0.10094842806355685,False,sub-55,NS,eyesopen,75,0
P3,0.3563565015864703,0.09951629699465711,False,sub-55,NS,eyesopen,75,0
P5,0.35163162963860084,0.09587987786257388,False,sub-55,NS,eyesopen,75,0
P7,0.3493496928661375,0.09280276008352839,False,sub-55,NS,eyesopen,75,0
PO3,0.34063664721759107,0.09705126081551017,False,sub-55,NS,eyesopen,75,0
PO7,0.3463310541442177,0.09526332300082199,False,sub-55,NS,eyesopen,75,0
Oz,0.31388187670235296,0.0923292724884575,False,sub-55,NS,eyesopen,75,0
O1,0.33095143798183907,0.0936970212379373,False,sub-55,NS,eyesopen,75,0
Fpz,0.28869066075993854,0.08856283371598697,False,sub-55,NS,eyesopen,75,0
Fp2,0.2253353678556956,0.07034473667724454,False,sub-55,NS,eyesopen,75,0
AF4,0.2717551385114579,0.08250418188625679,False,sub-55,NS,eyesopen,75,0
AF8,0.29790444916947384,0.09316617991997134,False,sub-55,NS,eyesopen,75,0
F2,0.37796590106932254,0.08636202713613408,False,sub-55,NS,eyesopen,75,0
F4,0.3442093040202237,0.09831706468594652,False,sub-55,NS,eyesopen,75,0
F6,0.35059976485854377,0.10796965040198446,False,sub-55,NS,eyesopen,75,0
F8,0.3508292063095283,0.1018434610125967,False,sub-55,NS,eyesopen,75,0
FC2,0.38663826604189455,0.11014216126341354,False,sub-55,NS,eyesopen,75,0
FC4,0.38567201118336836,0.11327338567145145,False,sub-55,NS,eyesopen,75,0
FC6,0.37897573968326403,0.1088607491901507,False,sub-55,NS,eyesopen,75,0
FT8,0.3705240072877197,0.10490257114681242,False,sub-55,NS,eyesopen,75,0
C2,0.39448497596283916,0.10694341987099662,False,sub-55,NS,eyesopen,75,0
C4,0.37334217198302555,0.10736973355969152,False,sub-55,NS,eyesopen,75,0
C6,0.3622027191720008,0.10194239349046415,False,sub-55,NS,eyesopen,75,0
T8,0.16149364636546137,0.05949786350321372,False,sub-55,NS,eyesopen,75,0
CPz,0.37835049110879554,0.10349373490693912,False,sub-55,NS,eyesopen,75,0
CP2,0.37145975670532416,0.10520502360183026,False,sub-55,NS,eyesopen,75,0
CP4,0.3687421072882714,0.10394324894146659,False,sub-55,NS,eyesopen,75,0
CP6,0.37626778791466203,0.10379411812305725,False,sub-55,NS,eyesopen,75,0
TP8,0.3502105107465423,0.09753260641784428,False,sub-55,NS,eyesopen,75,0
TP10,0.27486778142610974,0.08629745504171349,False,sub-55,NS,eyesopen,75,0
P2,0.3553108624418608,0.10401210972939576,False,sub-55,NS,eyesopen,75,0
P4,0.3566174444827008,0.10461978360094551,False,sub-55,NS,eyesopen,75,0
P6,0.35112319623098837,0.10295453526756708,False,sub-55,NS,eyesopen,75,0
P8,0.35457394686057975,0.10010192566474171,False,sub-55,NS,eyesopen,75,0
POz,0.3396769240603078,0.09838104317062595,False,sub-55,NS,eyesopen,75,0
PO4,0.3257833217063532,0.09715310129760488,False,sub-55,NS,eyesopen,75,0
PO8,0.33434620910018026,0.09728543452861231,False,sub-55,NS,eyesopen,75,0
O2,0.27718761785255724,0.08386625053668581,False,sub-55,NS,eyesopen,75,0
Fp1,0.17164230326216873,0.058126319072675646,False,sub-55,SD,eyesopen,75,1
Fp2,0.15322246899376948,0.060774682561623515,False,sub-55,SD,eyesopen,75,1
F3,0.2454262122610612,0.08548118371376702,False,sub-55,SD,eyesopen,75,1
F4,0.3092153603361908,0.09413025665269159,False,sub-55,SD,eyesopen,75,1
C3,0.389347495172831,0.09134642374069935,True,sub-55,SD,eyesopen,75,1
C4,0.3761954684968899,0.11826124804447838,False,sub-55,SD,eyesopen,75,1
P3,0.3655561435213338,0.08723622055948797,False,sub-55,SD,eyesopen,75,1
P4,0.4619948211987286,0.11358305877109383,False,sub-55,SD,eyesopen,75,1
O1,0.9320469598002193,0.022880481077180218,False,sub-55,SD,eyesopen,75,1
O2,0.25033303662424555,0.0873231934918428,False,sub-55,SD,eyesopen,75,1
F7,0.24524446592157947,0.08192977722427593,False,sub-55,SD,eyesopen,75,1
F8,0.27158437208981556,0.08321705513410066,False,sub-55,SD,eyesopen,75,1
T7,0.3375266361908928,0.09835748357697428,False,sub-55,SD,eyesopen,75,1
T8,0.32276347792902876,0.0928112391248946,False,sub-55,SD,eyesopen,75,1
P7,0.3588248297806443,0.0827351197155143,False,sub-55,SD,eyesopen,75,1
P8,0.38513219033539475,0.10676449156054915,False,sub-55,SD,eyesopen,75,1
Fz,0.3926726198890984,0.14188846177865191,False,sub-55,SD,eyesopen,75,1
Cz,0.41697828930197006,0.09948193396216945,False,sub-55,SD,eyesopen,75,1
Pz,0.3676463900897348,0.09516679523542593,False,sub-55,SD,eyesopen,75,1
Oz,0.2749097888420843,0.0851938359944612,False,sub-55,SD,eyesopen,75,1
FC1,0.32226158149193407,0.07799200970667462,False,sub-55,SD,eyesopen,75,1
FC2,0.39556823376572325,0.09485978691134583,False,sub-55,SD,eyesopen,75,1
CP1,0.38604300949149467,0.08897186141691399,False,sub-55,SD,eyesopen,75,1
CP2,0.3913078504750453,0.10018371270514302,False,sub-55,SD,eyesopen,75,1
FC5,0.3570999772334552,0.08985955385614688,False,sub-55,SD,eyesopen,75,1
FC6,0.3789313074694562,0.10143401424884792,False,sub-55,SD,eyesopen,75,1
CP5,0.3750438890014756,0.08478289646778635,False,sub-55,SD,eyesopen,75,1
CP6,0.3915804621742123,0.10934067695822174,False,sub-55,SD,eyesopen,75,1
TP9,0.3236758285632495,0.10162156910931588,False,sub-55,SD,eyesopen,75,1
TP10,0.3521671108036914,0.10822145737166719,False,sub-55,SD,eyesopen,75,1
POz,0.3396328503787846,0.09326051142592492,False,sub-55,SD,eyesopen,75,1
F1,0.3100108249213842,0.1142173716475749,False,sub-55,SD,eyesopen,75,1
F2,0.367310357414449,0.1071201714059344,False,sub-55,SD,eyesopen,75,1
C1,0.3974316576022764,0.08680798471197816,False,sub-55,SD,eyesopen,75,1
C2,0.41202502597854035,0.10487380771129062,False,sub-55,SD,eyesopen,75,1
P1,0.3714150881637039,0.09062046864986557,False,sub-55,SD,eyesopen,75,1
P2,0.3690692442361589,0.09867407398463977,False,sub-55,SD,eyesopen,75,1
AF3,0.1494464892759596,0.07377491251812113,False,sub-55,SD,eyesopen,75,1
AF4,0.18123269426651809,0.0808779156966694,False,sub-55,SD,eyesopen,75,1
FC3,0.34063813732201953,0.08192670375769086,False,sub-55,SD,eyesopen,75,1
FC4,0.37478692443611017,0.10064975388086317,False,sub-55,SD,eyesopen,75,1
CP3,0.37796610234535677,0.08618354632792763,False,sub-55,SD,eyesopen,75,1
CP4,0.39006113060218756,0.10909056504035651,False,sub-55,SD,eyesopen,75,1
PO3,0.3418457409380433,0.08640232877991862,False,sub-55,SD,eyesopen,75,1
PO4,0.3443472915350782,0.09536179562042407,False,sub-55,SD,eyesopen,75,1
F5,0.19202352108321538,0.07476879922527091,False,sub-55,SD,eyesopen,75,1
F6,0.25035752383615245,0.0886559409119099,False,sub-55,SD,eyesopen,75,1
C5,0.3726995430901653,0.09039743091683475,False,sub-55,SD,eyesopen,75,1
C6,0.3935138069023912,0.11144063440130232,False,sub-55,SD,eyesopen,75,1
P5,0.36227730374552286,0.08165851266158392,False,sub-55,SD,eyesopen,75,1
P6,0.37480208453520336,0.10032952014583807,False,sub-55,SD,eyesopen,75,1
AF7,0.15255531638725758,0.05620518226448413,False,sub-55,SD,eyesopen,75,1
AF8,0.11877988052653336,0.045971144717897046,False,sub-55,SD,eyesopen,75,1
FT7,0.3543816247384759,0.09880230777866433,False,sub-55,SD,eyesopen,75,1
FT8,0.38073752911127573,0.10763033123258955,False,sub-55,SD,eyesopen,75,1
TP7,0.36668660650444995,0.08790300707113627,False,sub-55,SD,eyesopen,75,1
TP8,0.3932858651155847,0.10670156813744222,False,sub-55,SD,eyesopen,75,1
PO7,0.334165759416755,0.08179815568419475,False,sub-55,SD,eyesopen,75,1
PO8,0.33736522599337776,0.09829071327456919,False,sub-55,SD,eyesopen,75,1
Fpz,0.2435819300881427,0.08078694993002593,False,sub-55,SD,eyesopen,75,1
CPz,0.38428833035324916,0.09131636890242127,False,sub-55,SD,eyesopen,75,1
Fp1,0.10742350679043289,0.04558062638762322,False,sub-56,NS,eyesopen,75,1
AF3,0.20932904630592727,0.09219463472665237,False,sub-56,NS,eyesopen,75,1
AF7,0.1007949557855583,0.04569954078479033,False,sub-56,NS,eyesopen,75,1
Fz,0.31696901473094735,0.10007214650046999,False,sub-56,NS,eyesopen,75,1
F1,0.2926415334514065,0.09197611616651818,False,sub-56,NS,eyesopen,75,1
F3,0.24685348931182996,0.09073718964547205,False,sub-56,NS,eyesopen,75,1
F5,0.16446412623890683,0.07277771974147068,False,sub-56,NS,eyesopen,75,1
F7,0.12885543206364838,0.053928831043990134,False,sub-56,NS,eyesopen,75,1
FC1,0.2588175664321996,0.10339095076368027,True,sub-56,NS,eyesopen,75,1
FC3,0.26994265145807605,0.09825480187418188,False,sub-56,NS,eyesopen,75,1
FC5,0.2669273867027693,0.09690979998204068,False,sub-56,NS,eyesopen,75,1
FT7,0.20134002325278513,0.07322519435398987,False,sub-56,NS,eyesopen,75,1
Cz,0.30725662298791395,0.10489753950403266,False,sub-56,NS,eyesopen,75,1
C1,0.26794863842183625,0.11256983246185732,False,sub-56,NS,eyesopen,75,1
C3,0.2549768385079272,0.11674195936676779,False,sub-56,NS,eyesopen,75,1
C5,0.2731659213597136,0.10751612137060731,False,sub-56,NS,eyesopen,75,1
T7,0.2635252062239007,0.09229410803113273,False,sub-56,NS,eyesopen,75,1
CP1,0.26661521868485183,0.1076816994054163,False,sub-56,NS,eyesopen,75,1
CP3,0.2614536556821259,0.10166707627215514,False,sub-56,NS,eyesopen,75,1
CP5,0.2750170058827748,0.10089174337180738,False,sub-56,NS,eyesopen,75,1
TP7,0.2772591949821997,0.09864716641255183,False,sub-56,NS,eyesopen,75,1
TP9,0.2692284320302172,0.0960494324041103,False,sub-56,NS,eyesopen,75,1
Pz,0.26675603863699204,0.10224608861997382,False,sub-56,NS,eyesopen,75,1
P1,0.24888290442732222,0.09103750123798861,False,sub-56,NS,eyesopen,75,1
P3,0.24874756831688244,0.0908803013951761,False,sub-56,NS,eyesopen,75,1
P5,0.2546728677473991,0.0876776750936037,False,sub-56,NS,eyesopen,75,1
P7,0.27365843995091105,0.09429702352528939,False,sub-56,NS,eyesopen,75,1
PO3,0.19052605865694092,0.06960743036342058,False,sub-56,NS,eyesopen,75,1
PO7,0.24007629833772115,0.08445410572085327,False,sub-56,NS,eyesopen,75,1
Oz,0.22261330102101232,0.0801103356865456,False,sub-56,NS,eyesopen,75,1
O1,0.19542897912331192,0.07366737194871487,False,sub-56,NS,eyesopen,75,1
Fpz,0.17344397378932,0.07554416814488134,False,sub-56,NS,eyesopen,75,1
Fp2,0.10996003898437967,0.04969110733189706,False,sub-56,NS,eyesopen,75,1
AF4,0.18113972820427865,0.08565617656027413,False,sub-56,NS,eyesopen,75,1
AF8,0.10548089604532516,0.04245504670900215,False,sub-56,NS,eyesopen,75,1
F2,0.3073975769627705,0.0950069055235539,False,sub-56,NS,eyesopen,75,1
F4,0.26539293498407784,0.09324831504669814,False,sub-56,NS,eyesopen,75,1
F6,0.22723951770835868,0.0835242238281955,False,sub-56,NS,eyesopen,75,1
F8,0.12039503760333249,0.05546121865877535,False,sub-56,NS,eyesopen,75,1
FC2,0.24424533645908392,0.09131877480214232,False,sub-56,NS,eyesopen,75,1
FC4,0.27433572615576324,0.09226738622028823,False,sub-56,NS,eyesopen,75,1
FC6,0.25443279184349593,0.08161926533967678,False,sub-56,NS,eyesopen,75,1
FT8,0.13774388050396544,0.05211431902263666,False,sub-56,NS,eyesopen,75,1
C2,0.27175639917473815,0.11174192462291598,False,sub-56,NS,eyesopen,75,1
C4,0.26676656080781663,0.10183937961407481,False,sub-56,NS,eyesopen,75,1
C6,0.25495701752664046,0.08424234440244689,False,sub-56,NS,eyesopen,75,1
T8,0.10601796681167369,0.0468940301307179,False,sub-56,NS,eyesopen,75,1
CPz,0.2853555237092479,0.1132943785885268,False,sub-56,NS,eyesopen,75,1
CP2,0.28409722962110956,0.10622257533851141,False,sub-56,NS,eyesopen,75,1
CP4,0.2850374356660577,0.10328298091640307,False,sub-56,NS,eyesopen,75,1
CP6,0.2834492425377764,0.10175687200535594,False,sub-56,NS,eyesopen,75,1
TP8,0.23831727690069873,0.08566672992992483,False,sub-56,NS,eyesopen,75,1
TP10,0.19886680204839086,0.07430991997119314,False,sub-56,NS,eyesopen,75,1
P2,0.27691820514916315,0.10558319578906654,False,sub-56,NS,eyesopen,75,1
P4,0.27631882121575707,0.10322444126182319,False,sub-56,NS,eyesopen,75,1
P6,0.2774333133343152,0.10403333965989069,False,sub-56,NS,eyesopen,75,1
P8,0.24498276636987076,0.09188330315782631,False,sub-56,NS,eyesopen,75,1
POz,0.2371717539300253,0.08896529601493526,False,sub-56,NS,eyesopen,75,1
PO4,0.25969355827944923,0.09612510113602557,False,sub-56,NS,eyesopen,75,1
PO8,0.26863183611330416,0.09906134664870565,False,sub-56,NS,eyesopen,75,1
O2,0.2222747373581232,0.0816651785041537,False,sub-56,NS,eyesopen,75,1
Fp1,0.06375068027444107,0.047049246124404,False,sub-56,SD,eyesopen,75,0
AF3,0.12208021565920746,0.07083810247494932,False,sub-56,SD,eyesopen,75,0
AF7,0.05301278074904216,0.04635080519732456,False,sub-56,SD,eyesopen,75,0
Fz,0.23890356215647657,0.09796497994429136,False,sub-56,SD,eyesopen,75,0
F1,0.22797601910094195,0.09244578978149423,False,sub-56,SD,eyesopen,75,0
F3,0.18019255941237644,0.0827491138804059,False,sub-56,SD,eyesopen,75,0
F5,0.12617555122645258,0.0791378308196266,False,sub-56,SD,eyesopen,75,0
F7,0.1685656399779946,0.09036018679264089,False,sub-56,SD,eyesopen,75,0
FC1,0.22614862652881887,0.08845670996740732,False,sub-56,SD,eyesopen,75,0
FC3,0.2425058920429222,0.08912524543955327,False,sub-56,SD,eyesopen,75,0
FC5,0.2421441026231894,0.09765228416962857,False,sub-56,SD,eyesopen,75,0
FT7,0.10093427407770873,0.06448716959812625,False,sub-56,SD,eyesopen,75,0
Cz,0.27451679887939195,0.12109942648354752,False,sub-56,SD,eyesopen,75,0
C1,0.2530491783666217,0.09445010783113726,False,sub-56,SD,eyesopen,75,0
C3,0.25672750779268955,0.09253115464332361,False,sub-56,SD,eyesopen,75,0
C5,0.2640892265077863,0.10174877897551265,False,sub-56,SD,eyesopen,75,0
T7,0.23892772271192367,0.10494891872607588,False,sub-56,SD,eyesopen,75,0
CP1,0.2504759046908473,0.09885779351594894,False,sub-56,SD,eyesopen,75,0
CP3,0.2546748675049428,0.0956332867094528,False,sub-56,SD,eyesopen,75,0
CP5,0.2636259245280031,0.09562132387959993,False,sub-56,SD,eyesopen,75,0
TP7,0.25743009724355315,0.09726004662385729,False,sub-56,SD,eyesopen,75,0
TP9,0.21827072186876004,0.09647748928123832,False,sub-56,SD,eyesopen,75,0
Pz,0.24734217217186796,0.09332712166623132,False,sub-56,SD,eyesopen,75,0
P1,0.24701027269968842,0.09761405973408326,False,sub-56,SD,eyesopen,75,0
P3,0.24576068285040203,0.09827993491614379,False,sub-56,SD,eyesopen,75,0
P5,0.2473649571663851,0.09209682859244253,False,sub-56,SD,eyesopen,75,0
P7,0.24599281893805222,0.09033293977635108,False,sub-56,SD,eyesopen,75,0
PO3,0.2175119288645809,0.09287455885667706,False,sub-56,SD,eyesopen,75,0
PO7,0.2043852096303677,0.08428280454914266,False,sub-56,SD,eyesopen,75,0
Oz,0.19122674879198617,0.08190610713393531,False,sub-56,SD,eyesopen,75,0
O1,0.12427766583191517,0.0637523823800479,False,sub-56,SD,eyesopen,75,0
Fpz,0.1639999668109258,0.08852199592119621,False,sub-56,SD,eyesopen,75,0
Fp2,0.0837264982108248,0.05546186420202466,False,sub-56,SD,eyesopen,75,0
AF4,0.15259479865487244,0.07408849020588086,False,sub-56,SD,eyesopen,75,0
AF8,0.08377069684604262,0.055344245501432646,False,sub-56,SD,eyesopen,75,0
F2,0.22339777234455913,0.09536975763513246,False,sub-56,SD,eyesopen,75,0
F4,0.17364075056904318,0.08471688437865775,False,sub-56,SD,eyesopen,75,0
F6,0.10963723262992374,0.06783026985710501,False,sub-56,SD,eyesopen,75,0
F8,0.2054729182486541,0.09869373826066816,False,sub-56,SD,eyesopen,75,0
FC2,0.21620671735394395,0.0810491177970495,False,sub-56,SD,eyesopen,75,0
FC4,0.2438751401699939,0.09157470230427714,False,sub-56,SD,eyesopen,75,0
FC6,0.2486671014400233,0.10583093842610358,False,sub-56,SD,eyesopen,75,0
FT8,0.21871508188142721,0.09937120649312921,False,sub-56,SD,eyesopen,75,0
C2,0.25595135899932675,0.1064290863408597,False,sub-56,SD,eyesopen,75,0
C4,0.25717076880956746,0.09636773608526737,False,sub-56,SD,eyesopen,75,0
C6,0.2563922769304002,0.09972809262232914,False,sub-56,SD,eyesopen,75,0
T8,0.24029127516781745,0.10341941980639031,False,sub-56,SD,eyesopen,75,0
CPz,0.24356039886266648,0.09235473719059861,False,sub-56,SD,eyesopen,75,0
CP2,0.248807564859552,0.09392572660990907,False,sub-56,SD,eyesopen,75,0
CP4,0.2539012381058142,0.09256108256343402,False,sub-56,SD,eyesopen,75,0
CP6,0.2553863693141345,0.09252708126182613,False,sub-56,SD,eyesopen,75,0
TP8,0.23718585254311855,0.09794773011115371,False,sub-56,SD,eyesopen,75,0
TP10,0.19830358287471225,0.08149276848098955,False,sub-56,SD,eyesopen,75,0
P2,0.2491932199223163,0.09161816593434573,False,sub-56,SD,eyesopen,75,0
P4,0.25064353878408474,0.09164890876778338,False,sub-56,SD,eyesopen,75,0
P6,0.25441020208014364,0.09160860129985533,False,sub-56,SD,eyesopen,75,0
P8,0.24682171281025703,0.08925107263873054,False,sub-56,SD,eyesopen,75,0
POz,0.2355064949168848,0.09211567737958656,False,sub-56,SD,eyesopen,75,0
PO4,0.25009381736239494,0.09134353131084225,False,sub-56,SD,eyesopen,75,0
PO8,0.2443597748244992,0.08903558160036386,False,sub-56,SD,eyesopen,75,0
O2,0.22956745364353742,0.08753157321671538,False,sub-56,SD,eyesopen,75,0
Fp1,0.09921540370113516,0.04163146102980909,False,sub-57,NS,eyesopen,75,0
AF3,0.11854525307443463,0.05460254560595662,False,sub-57,NS,eyesopen,75,0
AF7,0.10513501722674176,0.03944136587583947,False,sub-57,NS,eyesopen,75,0
Fz,0.1602604616788602,0.06695907616936407,False,sub-57,NS,eyesopen,75,0
F1,0.16938694137423566,0.06541316275818294,False,sub-57,NS,eyesopen,75,0
F3,0.15537498779972098,0.06198582858227292,False,sub-57,NS,eyesopen,75,0
F5,0.12957838538576802,0.055428317064172915,False,sub-57,NS,eyesopen,75,0
F7,0.17160647266885282,0.07126220288065284,False,sub-57,NS,eyesopen,75,0
FC1,0.18434267567621118,0.06140384316710447,False,sub-57,NS,eyesopen,75,0
FC3,0.21385494369104663,0.06274142579240063,False,sub-57,NS,eyesopen,75,0
FC5,0.16832647406114676,0.052328778102298926,False,sub-57,NS,eyesopen,75,0
FT7,0.19148215270952412,0.06365822150676212,False,sub-57,NS,eyesopen,75,0
Cz,0.16395511510766334,0.06465701783752002,False,sub-57,NS,eyesopen,75,0
C1,0.1965076605483104,0.07857784615816317,False,sub-57,NS,eyesopen,75,0
C3,0.21133947307108716,0.08024360741030946,False,sub-57,NS,eyesopen,75,0
C5,0.2013641869299827,0.06957117035786876,False,sub-57,NS,eyesopen,75,0
T7,0.0850282011491323,0.058462281967981755,False,sub-57,NS,eyesopen,75,0
CP1,0.1833521849538756,0.07409521040824314,False,sub-57,NS,eyesopen,75,0
CP3,0.19320223206999848,0.07582331105779633,False,sub-57,NS,eyesopen,75,0
CP5,0.1724101986507938,0.0671662400208927,False,sub-57,NS,eyesopen,75,0
TP7,0.10957624791634606,0.05414103572329273,False,sub-57,NS,eyesopen,75,0
TP9,0.12777235087416383,0.04235902006993453,False,sub-57,NS,eyesopen,75,0
Pz,0.16211432205155415,0.06807597966147334,False,sub-57,NS,eyesopen,75,0
P1,0.1690519787035307,0.07788657275058034,False,sub-57,NS,eyesopen,75,0
P3,0.17656697975511998,0.07200068017798665,False,sub-57,NS,eyesopen,75,0
P5,0.17764490057128107,0.06507064133740725,False,sub-57,NS,eyesopen,75,0
P7,0.16427503175222247,0.056380412288635974,False,sub-57,NS,eyesopen,75,0
PO3,0.15450991133230135,0.06344605177125308,False,sub-57,NS,eyesopen,75,0
PO7,0.15282422086254388,0.05264985429622529,False,sub-57,NS,eyesopen,75,0
Oz,0.1488791811318898,0.05946314155265481,False,sub-57,NS,eyesopen,75,0
O1,0.12363807271505327,0.044234514650168796,False,sub-57,NS,eyesopen,75,0
Fpz,0.10613190299399981,0.044634555556795553,False,sub-57,NS,eyesopen,75,0
Fp2,0.08877982009354578,0.03447356311797764,False,sub-57,NS,eyesopen,75,0
AF4,0.1033589056705793,0.0480829703349565,False,sub-57,NS,eyesopen,75,0
AF8,0.1255973046252434,0.054069784403637446,False,sub-57,NS,eyesopen,75,0
F2,0.17001798675895224,0.07389326418808013,False,sub-57,NS,eyesopen,75,0
F4,0.14990788435610392,0.06866037693103025,False,sub-57,NS,eyesopen,75,0
F6,0.14573812921077628,0.0657878035481613,False,sub-57,NS,eyesopen,75,0
F8,0.16342622507848534,0.06515928661495575,False,sub-57,NS,eyesopen,75,0
FC2,0.21871646323335986,0.075987433246543,False,sub-57,NS,eyesopen,75,0
FC4,0.21841888364957746,0.07224180513370927,False,sub-57,NS,eyesopen,75,0
FC6,0.21196252216723063,0.07613769414030483,False,sub-57,NS,eyesopen,75,0
FT8,0.185050981568668,0.06999057527916552,False,sub-57,NS,eyesopen,75,0
C2,0.17324353250574326,0.06925772373765379,False,sub-57,NS,eyesopen,75,0
C4,0.19049625490994723,0.07054272028716199,False,sub-57,NS,eyesopen,75,0
C6,0.19367338012265292,0.0681772428661871,False,sub-57,NS,eyesopen,75,0
T8,0.14515736468658433,0.08485872611751961,False,sub-57,NS,eyesopen,75,0
CPz,0.13956048267088578,0.05662376577962216,False,sub-57,NS,eyesopen,75,0
CP2,0.16817651876588602,0.06988333489932846,False,sub-57,NS,eyesopen,75,0
CP4,0.17710634350477425,0.07570509712091714,False,sub-57,NS,eyesopen,75,0
CP6,0.18792083571181017,0.07547983265702041,False,sub-57,NS,eyesopen,75,0
TP8,0.14004180797406293,0.08139071411926425,False,sub-57,NS,eyesopen,75,0
TP10,0.13790877555124445,0.055255086243958154,False,sub-57,NS,eyesopen,75,0
P2,0.1644750836467392,0.06873733180534286,False,sub-57,NS,eyesopen,75,0
P4,0.17150274375103586,0.07396278628179623,False,sub-57,NS,eyesopen,75,0
P6,0.1804909398884294,0.07876678383118355,False,sub-57,NS,eyesopen,75,0
P8,0.17918895325092668,0.07645193129335884,False,sub-57,NS,eyesopen,75,0
POz,0.15740812266394363,0.0706658038861545,False,sub-57,NS,eyesopen,75,0
PO4,0.1700270549265333,0.0789765500483048,False,sub-57,NS,eyesopen,75,0
PO8,0.17417374369023036,0.07659361871886992,False,sub-57,NS,eyesopen,75,0
O2,0.17151495480527287,0.07711384771493209,False,sub-57,NS,eyesopen,75,0
Fp1,0.05859942472557607,0.04978877841143657,False,sub-57,SD,eyesopen,62,0
Fp2,0.0592162486432122,0.052558641906016855,False,sub-57,SD,eyesopen,62,0
F3,0.09343504491819972,0.054814026776421686,False,sub-57,SD,eyesopen,62,0
F4,0.10622713630207463,0.07545605128253483,False,sub-57,SD,eyesopen,62,0
C3,0.187323404648042,0.10863874193907808,False,sub-57,SD,eyesopen,62,0
C4,0.16996577485785014,0.0890501974976586,False,sub-57,SD,eyesopen,62,0
P3,0.16195391683587346,0.09481405334855378,False,sub-57,SD,eyesopen,62,0
P4,0.13957486643285694,0.08552608505290085,False,sub-57,SD,eyesopen,62,0
O1,0.14720367326634093,0.08882298192315771,False,sub-57,SD,eyesopen,62,0
O2,0.14337883226045067,0.08810565390367703,False,sub-57,SD,eyesopen,62,0
F7,0.08153943093882608,0.06863642723321835,False,sub-57,SD,eyesopen,62,0
F8,0.08414730884359364,0.06546028869359255,False,sub-57,SD,eyesopen,62,0
T7,0.15472573981086918,0.10790351391020978,False,sub-57,SD,eyesopen,62,0
T8,0.19092704705654334,0.12118884382512872,False,sub-57,SD,eyesopen,62,0
P7,0.16372445679441963,0.08717868941542063,False,sub-57,SD,eyesopen,62,0
P8,0.16568107581174846,0.09202554135032502,False,sub-57,SD,eyesopen,62,0
Fz,0.10227358567058277,0.06611494065053966,False,sub-57,SD,eyesopen,62,0
Cz,0.13857463541897277,0.08991428728443202,False,sub-57,SD,eyesopen,62,0
Pz,0.13261955835390543,0.08788322252790098,False,sub-57,SD,eyesopen,62,0
Oz,0.14581866644606617,0.08857958511102539,False,sub-57,SD,eyesopen,62,0
FC1,0.16906425664371633,0.08907516998253738,False,sub-57,SD,eyesopen,62,0
FC2,0.17737423395779672,0.09370520854475342,False,sub-57,SD,eyesopen,62,0
CP1,0.1508845875948399,0.09546222002772776,False,sub-57,SD,eyesopen,62,0
CP2,0.13214840092981073,0.07889330537221564,False,sub-57,SD,eyesopen,62,0
FC5,0.11967403746952873,0.0755909069039878,False,sub-57,SD,eyesopen,62,0
FC6,0.1550486670735557,0.10348739092759789,False,sub-57,SD,eyesopen,62,0
CP5,0.18993289547448958,0.1110921096272327,False,sub-57,SD,eyesopen,62,0
CP6,0.17166146320369463,0.09358609175024012,False,sub-57,SD,eyesopen,62,0
TP9,0.160878280975278,0.0988193480624894,False,sub-57,SD,eyesopen,62,0
TP10,0.16106920584021078,0.09300759216293525,False,sub-57,SD,eyesopen,62,0
POz,0.13919219926204446,0.08722712723854922,False,sub-57,SD,eyesopen,62,0
F1,0.10162629180676344,0.049150776578980884,False,sub-57,SD,eyesopen,62,0
F2,0.11574181088070548,0.07577072562636221,False,sub-57,SD,eyesopen,62,0
C1,0.16809286875503401,0.10025401159921382,False,sub-57,SD,eyesopen,62,0
C2,0.13970427109015818,0.08647000180368036,False,sub-57,SD,eyesopen,62,0
P1,0.1432263107121042,0.09294975545351483,False,sub-57,SD,eyesopen,62,0
P2,0.12836886571592213,0.08219100613563134,False,sub-57,SD,eyesopen,62,0
AF3,0.07443841023008363,0.0529231089757507,False,sub-57,SD,eyesopen,62,0
AF4,0.08105229283733124,0.053516223147409316,False,sub-57,SD,eyesopen,62,0
FC3,0.116856330556169,0.07073067263337296,False,sub-57,SD,eyesopen,62,0
FC4,0.1727052945002783,0.09678260471340594,False,sub-57,SD,eyesopen,62,0
CP3,0.1715870752447686,0.10023836089384021,False,sub-57,SD,eyesopen,62,0
CP4,0.15250853862686198,0.08783058180386068,False,sub-57,SD,eyesopen,62,0
PO3,0.15010757342919376,0.09095765862386078,False,sub-57,SD,eyesopen,62,0
PO4,0.1395836209961273,0.08631786930860412,False,sub-57,SD,eyesopen,62,0
F5,0.0819047869144301,0.05718775639933504,False,sub-57,SD,eyesopen,62,0
F6,0.09052998191460572,0.07250663007328247,False,sub-57,SD,eyesopen,62,0
C5,0.1958578120327296,0.1245594346751333,False,sub-57,SD,eyesopen,62,0
C6,0.19676321508543534,0.11291212687852017,False,sub-57,SD,eyesopen,62,0
P5,0.1755827920039008,0.0946470251968472,False,sub-57,SD,eyesopen,62,0
P6,0.15616523562138745,0.08623317158289528,False,sub-57,SD,eyesopen,62,0
AF7,0.06230819087580195,0.057342184143973574,False,sub-57,SD,eyesopen,62,0
AF8,0.06500250845568752,0.05955057360097638,False,sub-57,SD,eyesopen,62,0
FT7,0.11297855229858407,0.07582114088739769,False,sub-57,SD,eyesopen,62,0
FT8,0.17026256008452506,0.11832485450358896,False,sub-57,SD,eyesopen,62,0
TP7,0.1768307817811405,0.10454886459896265,False,sub-57,SD,eyesopen,62,0
TP8,0.18075642581381834,0.10001450379046826,False,sub-57,SD,eyesopen,62,0
PO7,0.1633423279868144,0.09167649148924661,False,sub-57,SD,eyesopen,62,0
PO8,0.14972930864242365,0.08207838327608628,False,sub-57,SD,eyesopen,62,0
Fpz,0.05812052757837325,0.04782561899251312,False,sub-57,SD,eyesopen,62,0
CPz,0.13013457474044604,0.0856200084775781,False,sub-57,SD,eyesopen,62,0
Fp1,0.08149407124844478,0.045684952643153254,False,sub-58,NS,eyesopen,75,0
AF3,0.09632678641842042,0.05293099530656074,False,sub-58,NS,eyesopen,75,0
AF7,0.07378438856932362,0.03990304297729267,False,sub-58,NS,eyesopen,75,0
Fz,0.1819206624024525,0.06540143142968227,False,sub-58,NS,eyesopen,75,0
F1,0.1633612843897037,0.06159068122153864,False,sub-58,NS,eyesopen,75,0
F3,0.14578460238397647,0.061087953736191795,False,sub-58,NS,eyesopen,75,0
F5,0.0924147113546305,0.0417919286722722,False,sub-58,NS,eyesopen,75,0
F7,0.1234204164824984,0.04734665066786222,False,sub-58,NS,eyesopen,75,0
FC1,0.11778105887616919,0.04833472499252545,False,sub-58,NS,eyesopen,75,0
FC3,0.14728300916429518,0.055560617550539426,False,sub-58,NS,eyesopen,75,0
FC5,0.1465687161964353,0.05750371463737222,False,sub-58,NS,eyesopen,75,0
FT7,0.12639606651766058,0.05554988262974053,False,sub-58,NS,eyesopen,75,0
Cz,0.15250858815582274,0.05603999189466906,False,sub-58,NS,eyesopen,75,0
C1,0.13272337917518634,0.04975034864396919,False,sub-58,NS,eyesopen,75,0
C3,0.12397183152144896,0.04889380990818693,False,sub-58,NS,eyesopen,75,0
C5,0.1367818690353372,0.05241922012210004,False,sub-58,NS,eyesopen,75,0
T7,0.14100129859549979,0.05984546527617853,False,sub-58,NS,eyesopen,75,0
CP1,0.11855758802055127,0.050140526201831286,False,sub-58,NS,eyesopen,75,0
CP3,0.11507695059471952,0.049507033802668056,False,sub-58,NS,eyesopen,75,0
CP5,0.12444308604098528,0.05431957712271427,False,sub-58,NS,eyesopen,75,0
TP7,0.13594329044663275,0.06054769103314944,False,sub-58,NS,eyesopen,75,0
TP9,0.14752560884761315,0.06110667313387005,False,sub-58,NS,eyesopen,75,0
Pz,0.09439197156951025,0.046452038731674715,False,sub-58,NS,eyesopen,75,0
P1,0.0947537210619432,0.04720231733955002,False,sub-58,NS,eyesopen,75,0
P3,0.09484135880401705,0.04737616426034748,False,sub-58,NS,eyesopen,75,0
P5,0.10354086659646453,0.04647747778902854,False,sub-58,NS,eyesopen,75,0
P7,0.11886040584953413,0.05044637740005055,False,sub-58,NS,eyesopen,75,0
PO3,0.07884972493290367,0.042904608068361404,False,sub-58,NS,eyesopen,75,0
PO7,0.08602027673879054,0.035946717479607274,False,sub-58,NS,eyesopen,75,0
Oz,0.10819941974055154,0.05454581936873269,False,sub-58,NS,eyesopen,75,0
O1,0.07081980365992001,0.030537320192160797,False,sub-58,NS,eyesopen,75,0
Fpz,0.12944052296043357,0.061927942389164436,False,sub-58,NS,eyesopen,75,0
Fp2,0.05728445168540218,0.036602974689593795,False,sub-58,NS,eyesopen,75,0
AF4,0.03086873626569049,0.01959773484692081,False,sub-58,NS,eyesopen,75,0
AF8,0.026461390854784154,0.01776787937041595,False,sub-58,NS,eyesopen,75,0
F2,0.1104968572188148,0.05076204896052803,False,sub-58,NS,eyesopen,75,0
F4,0.04064778387467376,0.02402863568461862,False,sub-58,NS,eyesopen,75,0
F6,0.015074556634684771,0.00848522581391496,False,sub-58,NS,eyesopen,75,0
F8,0.023513071398241315,0.018443963870334472,False,sub-58,NS,eyesopen,75,0
FC2,0.0696906723530175,0.03358658707294814,False,sub-58,NS,eyesopen,75,0
FC4,0.04619833917308714,0.030917911178936486,False,sub-58,NS,eyesopen,75,0
FC6,0.0431787039142063,0.03338123293497768,False,sub-58,NS,eyesopen,75,0
FT8,0.03262849995404984,0.01122346772183453,False,sub-58,NS,eyesopen,75,0
C2,0.11984630102836019,0.04953592145211346,False,sub-58,NS,eyesopen,75,0
C4,0.09609017104192756,0.051658532616024995,False,sub-58,NS,eyesopen,75,0
C6,0.06423063607835325,0.034509981479196,False,sub-58,NS,eyesopen,75,0
T8,0.030859825104681438,0.012922881500842379,False,sub-58,NS,eyesopen,75,0
CPz,0.12308514746160107,0.051802172844970705,False,sub-58,NS,eyesopen,75,0
CP2,0.1301869941917752,0.05349602701912329,False,sub-58,NS,eyesopen,75,0
CP4,0.13518841916716454,0.05759875317495557,False,sub-58,NS,eyesopen,75,0
CP6,0.14894709268895137,0.06642255015560872,False,sub-58,NS,eyesopen,75,0
TP8,0.05446989506686639,0.026599843428411724,False,sub-58,NS,eyesopen,75,0
TP10,0.15634059535387143,0.0587786469162142,False,sub-58,NS,eyesopen,75,0
P2,0.10101632751124326,0.05417750105197773,False,sub-58,NS,eyesopen,75,0
P4,0.1023368626881448,0.04827397379380858,False,sub-58,NS,eyesopen,75,0
P6,0.11886120428787104,0.05573003267578598,False,sub-58,NS,eyesopen,75,0
P8,0.11798376735698052,0.05046828027020967,False,sub-58,NS,eyesopen,75,0
POz,0.0777954875959616,0.04829940586151098,False,sub-58,NS,eyesopen,75,0
PO4,0.09011069547599883,0.0481330415830093,False,sub-58,NS,eyesopen,75,0
PO8,0.1029504165096921,0.04607561236798424,False,sub-58,NS,eyesopen,75,0
O2,0.09927320332519082,0.043298993475938095,False,sub-58,NS,eyesopen,75,0
Fp1,0.08334219351849348,0.04031606094326114,False,sub-58,SD,eyesopen,66,0
AF3,0.09253493241870628,0.04191366438299376,False,sub-58,SD,eyesopen,66,0
AF7,0.0893011230922363,0.036546144605886996,False,sub-58,SD,eyesopen,66,0
Fz,0.11652854289608656,0.051794107616567935,False,sub-58,SD,eyesopen,66,0
F1,0.11855990907097629,0.04747523718341113,False,sub-58,SD,eyesopen,66,0
F3,0.11496293370080313,0.044769111351173826,False,sub-58,SD,eyesopen,66,0
F5,0.10142912899920949,0.04285855120765848,False,sub-58,SD,eyesopen,66,0
F7,0.09707463898039578,0.04370669015186595,False,sub-58,SD,eyesopen,66,0
FC1,0.11680331110135751,0.05194207098531262,False,sub-58,SD,eyesopen,66,0
FC3,0.11105188456385019,0.052908216490970814,False,sub-58,SD,eyesopen,66,0
FC5,0.09301412899937897,0.0478747545805122,False,sub-58,SD,eyesopen,66,0
FT7,0.09038913069326147,0.048780845881520124,False,sub-58,SD,eyesopen,66,0
Cz,0.12665649914264226,0.058325535990437556,False,sub-58,SD,eyesopen,66,0
C1,0.10836102894554256,0.05277735260685663,False,sub-58,SD,eyesopen,66,0
C3,0.10161371287831931,0.04963682542007906,False,sub-58,SD,eyesopen,66,0
C5,0.10695586633493472,0.051048868623976784,False,sub-58,SD,eyesopen,66,0
T7,0.09641058356568961,0.04905525783285451,False,sub-58,SD,eyesopen,66,0
CP1,0.10562424761441774,0.05355847302777679,False,sub-58,SD,eyesopen,66,0
CP3,0.10066600137348504,0.05178622298703477,False,sub-58,SD,eyesopen,66,0
CP5,0.10548968224442037,0.05293861537369455,False,sub-58,SD,eyesopen,66,0
TP7,0.09807816681475569,0.05002471521556723,False,sub-58,SD,eyesopen,66,0
TP9,0.10919675647615366,0.05015826031099904,False,sub-58,SD,eyesopen,66,0
Pz,0.09728934684168287,0.054986879115691674,False,sub-58,SD,eyesopen,66,0
P1,0.09500794358358751,0.05470054554600364,False,sub-58,SD,eyesopen,66,0
P3,0.09776768842285369,0.05630042297351873,False,sub-58,SD,eyesopen,66,0
P5,0.10279757776152679,0.06175214602420002,False,sub-58,SD,eyesopen,66,0
P7,0.11182366913959745,0.062357770866485696,False,sub-58,SD,eyesopen,66,0
PO3,0.09486210011229004,0.061997044976681424,False,sub-58,SD,eyesopen,66,0
PO7,0.09859889727887891,0.06419371756426213,False,sub-58,SD,eyesopen,66,0
Oz,0.10555626586735133,0.05769372581697741,False,sub-58,SD,eyesopen,66,0
O1,0.08699883801077976,0.05467299697529977,False,sub-58,SD,eyesopen,66,0
Fpz,0.09072974502893172,0.04702015648687794,False,sub-58,SD,eyesopen,66,0
Fp2,0.05996316961432155,0.03936189020945952,False,sub-58,SD,eyesopen,66,0
AF4,0.02941112799263966,0.019292312681014976,False,sub-58,SD,eyesopen,66,0
AF8,0.0480042566433406,0.03041300376650214,False,sub-58,SD,eyesopen,66,0
F2,0.10297308124549408,0.04849570673158128,False,sub-58,SD,eyesopen,66,0
F4,0.05479962798724105,0.03668553563778248,False,sub-58,SD,eyesopen,66,0
F6,0.02598923073846342,0.014239871539411265,False,sub-58,SD,eyesopen,66,0
F8,0.04265500179381426,0.02514828697326632,False,sub-58,SD,eyesopen,66,0
FC2,0.09417967217270126,0.05148414463992282,False,sub-58,SD,eyesopen,66,0
FC4,0.067011331057987,0.039062977382663636,False,sub-58,SD,eyesopen,66,0
FC6,0.0650496626002021,0.037733279218139085,False,sub-58,SD,eyesopen,66,0
FT8,0.03447963534521331,0.017347022622428165,False,sub-58,SD,eyesopen,66,0
C2,0.1181497713809756,0.06106064079904397,False,sub-58,SD,eyesopen,66,0
C4,0.10968166304200792,0.05245149305866002,False,sub-58,SD,eyesopen,66,0
C6,0.10519230204397767,0.055789247792152004,False,sub-58,SD,eyesopen,66,0
T8,0.07646981573122605,0.05426110754785211,False,sub-58,SD,eyesopen,66,0
CPz,0.11042343946465596,0.0556979536197874,False,sub-58,SD,eyesopen,66,0
CP2,0.10578569769655678,0.05767309454713206,False,sub-58,SD,eyesopen,66,0
CP4,0.11483163510291948,0.05812456790184159,False,sub-58,SD,eyesopen,66,0
CP6,0.1245845469043099,0.05867359882789782,False,sub-58,SD,eyesopen,66,0
TP8,0.10907478119367899,0.05880488977846018,False,sub-58,SD,eyesopen,66,0
TP10,0.12854212259895748,0.05369548126206823,False,sub-58,SD,eyesopen,66,0
P2,0.0992915662441278,0.05647689495941354,False,sub-58,SD,eyesopen,66,0
P4,0.10219822521290876,0.060526540745999675,False,sub-58,SD,eyesopen,66,0
P6,0.1171783732934466,0.0711956776466266,False,sub-58,SD,eyesopen,66,0
P8,0.12780018379449207,0.06971430942182981,False,sub-58,SD,eyesopen,66,0
POz,0.09680703813234867,0.05732987855867605,False,sub-58,SD,eyesopen,66,0
PO4,0.1046150336294701,0.06606331466525615,False,sub-58,SD,eyesopen,66,0
PO8,0.10839193207486554,0.0634328994370465,False,sub-58,SD,eyesopen,66,0
O2,0.10389758501528137,0.05299908387247071,False,sub-58,SD,eyesopen,66,0
Fp1,0.14983940848592328,0.0853235076252438,False,sub-59,NS,eyesopen,75,0
AF3,0.18297284243645603,0.09094810920678006,False,sub-59,NS,eyesopen,75,0
AF7,0.16716942453809466,0.0831654161227462,False,sub-59,NS,eyesopen,75,0
Fz,0.17972376138823748,0.06814527113617778,False,sub-59,NS,eyesopen,75,0
F1,0.21560979919184628,0.0800137148750149,False,sub-59,NS,eyesopen,75,0
F3,0.23315976954482034,0.08294557482870273,False,sub-59,NS,eyesopen,75,0
F5,0.2262272791565791,0.08272955099085887,False,sub-59,NS,eyesopen,75,0
F7,0.21733217844754094,0.07841892141373683,False,sub-59,NS,eyesopen,75,0
FC1,0.2574573256774143,0.07919370721143301,False,sub-59,NS,eyesopen,75,0
FC3,0.23989775288014664,0.07758383424323488,False,sub-59,NS,eyesopen,75,0
FC5,0.23721774566124337,0.07224383886952765,False,sub-59,NS,eyesopen,75,0
FT7,0.23092387840717776,0.07033456506515519,False,sub-59,NS,eyesopen,75,0
Cz,0.1510158505299568,0.0709200248120311,False,sub-59,NS,eyesopen,75,0
C1,0.1405271630064288,0.06362984022642383,False,sub-59,NS,eyesopen,75,0
C3,0.17241372678797912,0.07282807009710661,False,sub-59,NS,eyesopen,75,0
C5,0.21817715691026407,0.07239296597152566,False,sub-59,NS,eyesopen,75,0
T7,0.16740176466787512,0.059572284582247385,False,sub-59,NS,eyesopen,75,0
CP1,0.13396527325585997,0.06441388874549986,False,sub-59,NS,eyesopen,75,0
CP3,0.1579664104550909,0.06747826309679654,False,sub-59,NS,eyesopen,75,0
CP5,0.2031359381941258,0.07023618034489798,False,sub-59,NS,eyesopen,75,0
TP7,0.2088437457974367,0.06986286022523717,False,sub-59,NS,eyesopen,75,0
TP9,0.18400956496169843,0.06043853614367982,False,sub-59,NS,eyesopen,75,0
Pz,0.12965950965096945,0.05877224442436497,False,sub-59,NS,eyesopen,75,0
P1,0.1313192749303885,0.059835792001767855,False,sub-59,NS,eyesopen,75,0
P3,0.15257907855813554,0.06226460792176838,False,sub-59,NS,eyesopen,75,0
P5,0.17000486429821127,0.06027648268536396,False,sub-59,NS,eyesopen,75,0
P7,0.20571888342537237,0.06556718045907241,False,sub-59,NS,eyesopen,75,0
PO3,0.12739743163896833,0.04700719334727128,False,sub-59,NS,eyesopen,75,0
PO7,0.17854040492526263,0.060830791764202176,False,sub-59,NS,eyesopen,75,0
Oz,0.12164190406744403,0.04261551311667031,False,sub-59,NS,eyesopen,75,0
O1,0.11827683366689708,0.04313554161591357,False,sub-59,NS,eyesopen,75,0
Fpz,0.16691718683035797,0.09092382976321396,False,sub-59,NS,eyesopen,75,0
Fp2,0.130029031317063,0.061590138733956475,False,sub-59,NS,eyesopen,75,0
AF4,0.16536552313570393,0.07114329730398358,False,sub-59,NS,eyesopen,75,0
AF8,0.1570816036965696,0.0722319015639321,False,sub-59,NS,eyesopen,75,0
F2,0.18154983415842796,0.05955058942811223,False,sub-59,NS,eyesopen,75,0
F4,0.19880752868182927,0.06770209321383368,False,sub-59,NS,eyesopen,75,0
F6,0.1997808166982842,0.07015135990209648,False,sub-59,NS,eyesopen,75,0
F8,0.20767649719897305,0.07047852490966776,False,sub-59,NS,eyesopen,75,0
FC2,0.17206975004863423,0.055798673359364885,False,sub-59,NS,eyesopen,75,0
FC4,0.19608983656763723,0.06165201526813205,False,sub-59,NS,eyesopen,75,0
FC6,0.2109014838975264,0.06462873296669719,False,sub-59,NS,eyesopen,75,0
FT8,0.18788118355330713,0.06031115770639646,False,sub-59,NS,eyesopen,75,0
C2,0.15423420004730978,0.06383076312261395,False,sub-59,NS,eyesopen,75,0
C4,0.16431893194324138,0.059943733234894804,False,sub-59,NS,eyesopen,75,0
C6,0.20123134516400654,0.05617178941741471,False,sub-59,NS,eyesopen,75,0
T8,0.09917867858189384,0.0630761323972126,False,sub-59,NS,eyesopen,75,0
CPz,0.13456534871213222,0.06465413521728815,False,sub-59,NS,eyesopen,75,0
CP2,0.13888551880909644,0.06207891135807761,False,sub-59,NS,eyesopen,75,0
CP4,0.15692007031510455,0.056953680368212974,False,sub-59,NS,eyesopen,75,0
CP6,0.19001505257463086,0.0547225459929027,False,sub-59,NS,eyesopen,75,0
TP8,0.2059804153203695,0.055594500793421646,False,sub-59,NS,eyesopen,75,0
TP10,0.18635620055638413,0.05500930181934447,False,sub-59,NS,eyesopen,75,0
P2,0.12672278655755653,0.05616745537882244,False,sub-59,NS,eyesopen,75,0
P4,0.13188302515123884,0.047876881319599315,False,sub-59,NS,eyesopen,75,0
P6,0.15880353552742021,0.047139311619850105,False,sub-59,NS,eyesopen,75,0
P8,0.18570064987052984,0.053227306731884035,False,sub-59,NS,eyesopen,75,0
POz,0.12836212497514773,0.04492847974375943,False,sub-59,NS,eyesopen,75,0
PO4,0.10546958115356894,0.034673182133891964,False,sub-59,NS,eyesopen,75,0
PO8,0.12045345749955916,0.03835339693173001,False,sub-59,NS,eyesopen,75,0
O2,0.07868313034845296,0.02725942818702816,False,sub-59,NS,eyesopen,75,0
Fp1,0.17008844593614494,0.07079845788274443,False,sub-59,SD,eyesopen,72,0
Fp2,0.14303406185510217,0.06323480099853064,False,sub-59,SD,eyesopen,72,0
F3,0.2118101251762953,0.07623665225308952,False,sub-59,SD,eyesopen,72,0
F4,0.20313364948369186,0.07051620401794867,False,sub-59,SD,eyesopen,72,0
C3,0.19011444419146942,0.08983581841154895,False,sub-59,SD,eyesopen,72,0
C4,0.18974038659833728,0.07000331700521863,False,sub-59,SD,eyesopen,72,0
P3,0.14976642252736788,0.060124148373090554,False,sub-59,SD,eyesopen,72,0
P4,0.15188892443922403,0.06334014094072464,False,sub-59,SD,eyesopen,72,0
O1,0.10752976127184474,0.056136746133759026,False,sub-59,SD,eyesopen,72,0
O2,0.08204873853910077,0.05083165569923458,False,sub-59,SD,eyesopen,72,0
F7,0.20324488196703172,0.08683333311664745,False,sub-59,SD,eyesopen,72,0
F8,0.16013104175624296,0.06709528505509138,False,sub-59,SD,eyesopen,72,0
T7,0.09130485698396777,0.04336610506121451,False,sub-59,SD,eyesopen,72,0
T8,0.048695588783610425,0.028095342985634857,False,sub-59,SD,eyesopen,72,0
P7,0.22423988820345642,0.08011268839497458,False,sub-59,SD,eyesopen,72,0
P8,0.17569319249823864,0.06813074964786837,False,sub-59,SD,eyesopen,72,0
Fz,0.20425681002613522,0.08220709461614657,False,sub-59,SD,eyesopen,72,0
Cz,0.17365326424275207,0.07994492408090963,False,sub-59,SD,eyesopen,72,0
Pz,0.15029266231363503,0.06279871737554903,False,sub-59,SD,eyesopen,72,0
Oz,0.13864656414981696,0.0674727059800351,False,sub-59,SD,eyesopen,72,0
FC1,0.19906881495403794,0.07802208455239967,False,sub-59,SD,eyesopen,72,0
FC2,0.1968239155573588,0.07799239904197629,False,sub-59,SD,eyesopen,72,0
CP1,0.1621558428682821,0.0707547682433079,False,sub-59,SD,eyesopen,72,0
CP2,0.16105370708773595,0.0658756554964142,False,sub-59,SD,eyesopen,72,0
FC5,0.22886045754643142,0.0962619421477702,False,sub-59,SD,eyesopen,72,0
FC6,0.1881156822533223,0.07916669455462787,False,sub-59,SD,eyesopen,72,0
CP5,0.20686185899377943,0.08055830245567557,False,sub-59,SD,eyesopen,72,0
CP6,0.20121640462975365,0.07177135146018487,False,sub-59,SD,eyesopen,72,0
TP9,0.21851867802363445,0.0787727925586822,False,sub-59,SD,eyesopen,72,0
TP10,0.14418190967860575,0.059480126962202,False,sub-59,SD,eyesopen,72,0
POz,0.13312026667153065,0.06654245932275789,False,sub-59,SD,eyesopen,72,0
F1,0.2062740591568432,0.07424311062017935,False,sub-59,SD,eyesopen,72,0
F2,0.18863419725018837,0.06937841299184459,False,sub-59,SD,eyesopen,72,0
C1,0.15424820174208992,0.07740363325405268,False,sub-59,SD,eyesopen,72,0
C2,0.1652613891655102,0.07015224267711327,False,sub-59,SD,eyesopen,72,0
P1,0.1507982743123323,0.06278682912065217,False,sub-59,SD,eyesopen,72,0
P2,0.15081007097598775,0.06222290785516957,False,sub-59,SD,eyesopen,72,0
AF3,0.1988033541518872,0.08340998584576517,False,sub-59,SD,eyesopen,72,0
AF4,0.15893371269787104,0.061202047865402565,False,sub-59,SD,eyesopen,72,0
FC3,0.23111884839423105,0.0937358680745192,False,sub-59,SD,eyesopen,72,0
FC4,0.19673501004303934,0.08246525142584196,False,sub-59,SD,eyesopen,72,0
CP3,0.17721858311191585,0.07574144569629618,False,sub-59,SD,eyesopen,72,0
CP4,0.17963392038057183,0.06905783759782594,False,sub-59,SD,eyesopen,72,0
PO3,0.10495792889722451,0.04885407215142236,False,sub-59,SD,eyesopen,72,0
PO4,0.11181778753087393,0.05238294683964968,False,sub-59,SD,eyesopen,72,0
F5,0.19149603630453102,0.0753016683887193,False,sub-59,SD,eyesopen,72,0
F6,0.18148306885444676,0.06978486185497731,False,sub-59,SD,eyesopen,72,0
C5,0.21583027568701443,0.08972589758707013,False,sub-59,SD,eyesopen,72,0
C6,0.20764898346875377,0.0744930899911135,False,sub-59,SD,eyesopen,72,0
P5,0.1772367923262025,0.06885494677355673,False,sub-59,SD,eyesopen,72,0
P6,0.15397682760520753,0.06395274834750324,False,sub-59,SD,eyesopen,72,0
AF7,0.09432853600346704,0.04206630069888751,False,sub-59,SD,eyesopen,72,0
AF8,0.09054144160701831,0.047187974562549695,False,sub-59,SD,eyesopen,72,0
FT7,0.21816521538327133,0.0889860595004963,False,sub-59,SD,eyesopen,72,0
FT8,0.22007743206262376,0.08579466920390696,False,sub-59,SD,eyesopen,72,0
TP7,0.2301090078421697,0.0802334420205211,False,sub-59,SD,eyesopen,72,0
TP8,0.19249601336113314,0.06820050992697665,False,sub-59,SD,eyesopen,72,0
PO7,0.17274325135176632,0.0713692628990102,False,sub-59,SD,eyesopen,72,0
PO8,0.10233143661959913,0.051938250275608874,False,sub-59,SD,eyesopen,72,0
Fpz,0.1942762691570896,0.08779700068238162,False,sub-59,SD,eyesopen,72,0
CPz,0.15541515648963078,0.07250099086430531,False,sub-59,SD,eyesopen,72,0
Fp1,0.10591048440941324,0.0784573298641227,False,sub-60,NS,eyesopen,62,0
AF3,0.09943838538443797,0.06623415443719509,False,sub-60,NS,eyesopen,62,0
AF7,0.10939900746251402,0.06943298824988545,False,sub-60,NS,eyesopen,62,0
Fz,0.1617738097299475,0.09763478857751778,False,sub-60,NS,eyesopen,62,0
F1,0.12933354942940592,0.07835079110026644,False,sub-60,NS,eyesopen,62,0
F3,0.08043582552675316,0.03938492318336489,False,sub-60,NS,eyesopen,62,0
F5,0.11554063038993218,0.06271404694796136,False,sub-60,NS,eyesopen,62,0
F7,0.11698165147546759,0.05457847489694989,False,sub-60,NS,eyesopen,62,0
FC1,0.15345620497539705,0.07061092635105422,False,sub-60,NS,eyesopen,62,0
FC3,0.12633003249706204,0.05931781464772691,False,sub-60,NS,eyesopen,62,0
FC5,0.11845930255538632,0.05530522370988098,False,sub-60,NS,eyesopen,62,0
FT7,0.15461795047486748,0.07165681482168869,False,sub-60,NS,eyesopen,62,0
Cz,0.18446331182607068,0.0906432064220104,False,sub-60,NS,eyesopen,62,0
C1,0.18020089664591857,0.08889290947534804,False,sub-60,NS,eyesopen,62,0
C3,0.11333423944307464,0.052560599224474445,False,sub-60,NS,eyesopen,62,0
C5,0.15363939713482133,0.06485368972433438,False,sub-60,NS,eyesopen,62,0
T7,0.13494267179592706,0.0566155249327909,False,sub-60,NS,eyesopen,62,0
CP1,0.158639418455118,0.07267062556318703,False,sub-60,NS,eyesopen,62,0
CP3,0.15112872548234205,0.06479931535695264,False,sub-60,NS,eyesopen,62,0
CP5,0.17252495708838492,0.06747222338503216,False,sub-60,NS,eyesopen,62,0
TP7,0.16094172293529405,0.06098533968957779,False,sub-60,NS,eyesopen,62,0
TP9,0.08732752009550108,0.04112012845029737,False,sub-60,NS,eyesopen,62,0
Pz,0.15426461152959092,0.06733346992499795,False,sub-60,NS,eyesopen,62,0
P1,0.15616344369004825,0.06725464766480169,False,sub-60,NS,eyesopen,62,0
P3,0.1617037295550528,0.06557590329521074,False,sub-60,NS,eyesopen,62,0
P5,0.16246064489467493,0.06167931275024494,False,sub-60,NS,eyesopen,62,0
P7,0.1557432779344308,0.0567868872208529,False,sub-60,NS,eyesopen,62,0
PO3,0.16643761889245515,0.0667662364891601,False,sub-60,NS,eyesopen,62,0
PO7,0.1517714007081661,0.05661250674052734,False,sub-60,NS,eyesopen,62,0
Oz,0.1586403632076595,0.06438030793721378,False,sub-60,NS,eyesopen,62,0
O1,0.13669359932647526,0.05330091878823838,False,sub-60,NS,eyesopen,62,0
Fpz,0.11696811688532832,0.08671811833422706,False,sub-60,NS,eyesopen,62,0
Fp2,0.09629529850199721,0.06998938887654298,False,sub-60,NS,eyesopen,62,0
AF4,0.07606508333362007,0.04559544305584112,False,sub-60,NS,eyesopen,62,0
AF8,0.11712191470253008,0.07203833130737887,False,sub-60,NS,eyesopen,62,0
F2,0.14781477071966795,0.0721923574002066,False,sub-60,NS,eyesopen,62,0
F4,0.13355103345574026,0.06293187906830441,False,sub-60,NS,eyesopen,62,0
F6,0.12674512715568595,0.060502289093354596,False,sub-60,NS,eyesopen,62,0
F8,0.14678642589332644,0.06635848385518105,False,sub-60,NS,eyesopen,62,0
FC2,0.18354033987912455,0.07269788533778142,False,sub-60,NS,eyesopen,62,0
FC4,0.16782059404370955,0.06885399768305202,False,sub-60,NS,eyesopen,62,0
FC6,0.16377239302001828,0.07116695157518091,False,sub-60,NS,eyesopen,62,0
FT8,0.1322945053336386,0.05318114634362653,False,sub-60,NS,eyesopen,62,0
C2,0.1825481397055616,0.08975996060866649,False,sub-60,NS,eyesopen,62,0
C4,0.17830836817455323,0.08293115950157647,False,sub-60,NS,eyesopen,62,0
C6,0.16166871294797094,0.0706240206646709,False,sub-60,NS,eyesopen,62,0
T8,0.11106366432050013,0.04570630424702778,False,sub-60,NS,eyesopen,62,0
CPz,0.15864787853235432,0.074711200709849,False,sub-60,NS,eyesopen,62,0
CP2,0.1661375207509002,0.07698649762805528,False,sub-60,NS,eyesopen,62,0
CP4,0.17735833378256133,0.08096071951201872,False,sub-60,NS,eyesopen,62,0
CP6,0.17415055246575636,0.07853401618164083,False,sub-60,NS,eyesopen,62,0
TP8,0.14429012656340479,0.05887811415300016,False,sub-60,NS,eyesopen,62,0
TP10,0.14105587285900975,0.06384938278394413,False,sub-60,NS,eyesopen,62,0
P2,0.17104786240726363,0.07449293808318161,False,sub-60,NS,eyesopen,62,0
P4,0.18847096412377604,0.08304838604384462,False,sub-60,NS,eyesopen,62,0
P6,0.18171670850946867,0.08286230582701103,False,sub-60,NS,eyesopen,62,0
P8,0.17272187346663295,0.0746797589989119,False,sub-60,NS,eyesopen,62,0
POz,0.18480944482575506,0.07664052296705744,False,sub-60,NS,eyesopen,62,0
PO4,0.20467344499069118,0.08828081988371407,False,sub-60,NS,eyesopen,62,0
PO8,0.1767248524190262,0.0773068546666671,False,sub-60,NS,eyesopen,62,0
O2,0.167721376204676,0.07148588421856547,False,sub-60,NS,eyesopen,62,0
Fp1,0.12275371115846724,0.10288660481220654,False,sub-60,SD,eyesopen,75,0
AF3,0.13701316454098447,0.10704572885502536,False,sub-60,SD,eyesopen,75,0
AF7,0.14702622760063633,0.1153145647870835,False,sub-60,SD,eyesopen,75,0
Fz,0.1790464561184895,0.11818243183562657,False,sub-60,SD,eyesopen,75,0
F1,0.16089535749378972,0.11878663737521182,False,sub-60,SD,eyesopen,75,0
F3,0.1854129902952849,0.11547583429959088,False,sub-60,SD,eyesopen,75,0
F5,0.19410955176618866,0.1228944553482182,False,sub-60,SD,eyesopen,75,0
F7,0.21765734057420394,0.13535059626800597,False,sub-60,SD,eyesopen,75,0
FC1,0.19379419311868618,0.10980899564803813,False,sub-60,SD,eyesopen,75,0
FC3,0.18037510665265846,0.10433493007114178,False,sub-60,SD,eyesopen,75,0
FC5,0.2359166495095792,0.12842012366537808,False,sub-60,SD,eyesopen,75,0
FT7,0.23556960388676274,0.12940936245781803,False,sub-60,SD,eyesopen,75,0
Cz,0.17195929090671072,0.10967789014276308,False,sub-60,SD,eyesopen,75,0
C1,0.17483530694644478,0.10693757358531518,False,sub-60,SD,eyesopen,75,0
C3,0.204146022616572,0.11807014934726366,False,sub-60,SD,eyesopen,75,0
C5,0.2300149066163263,0.1286600714070199,False,sub-60,SD,eyesopen,75,0
T7,0.21925260049383524,0.12679924524892583,False,sub-60,SD,eyesopen,75,0
CP1,0.18867355350436668,0.11373679094708207,False,sub-60,SD,eyesopen,75,0
CP3,0.20893003926104145,0.12229226287827807,False,sub-60,SD,eyesopen,75,0
CP5,0.2266269534162764,0.12956784484158632,False,sub-60,SD,eyesopen,75,0
TP7,0.20857283878963648,0.12207733296872092,False,sub-60,SD,eyesopen,75,0
TP9,0.17609586225907156,0.1136504337583718,False,sub-60,SD,eyesopen,75,0
Pz,0.20257851026465837,0.11307292158113653,False,sub-60,SD,eyesopen,75,0
P1,0.19686472789032824,0.11490213664727707,False,sub-60,SD,eyesopen,75,0
P3,0.2054583797626253,0.11749633987514141,False,sub-60,SD,eyesopen,75,0
P5,0.21389766824753834,0.1185041037143581,False,sub-60,SD,eyesopen,75,0
P7,0.2184998618308371,0.12081441358609364,False,sub-60,SD,eyesopen,75,0
PO3,0.20563059155905897,0.11414570270451996,False,sub-60,SD,eyesopen,75,0
PO7,0.2113773604737336,0.1165421935306179,False,sub-60,SD,eyesopen,75,0
Oz,0.2074291746499869,0.11357612042274892,False,sub-60,SD,eyesopen,75,0
O1,0.1852074366491531,0.10818245006319231,False,sub-60,SD,eyesopen,75,0
Fpz,0.12331167579003852,0.10341498290840152,False,sub-60,SD,eyesopen,75,0
Fp2,0.11534497613961503,0.10247626202990034,False,sub-60,SD,eyesopen,75,0
AF4,0.15253086020830203,0.11899444401778161,False,sub-60,SD,eyesopen,75,0
AF8,0.17107116376643275,0.1269356988311402,False,sub-60,SD,eyesopen,75,0
F2,0.19762468139911502,0.12790924036419873,False,sub-60,SD,eyesopen,75,0
F4,0.20201910584780483,0.13309925759991564,False,sub-60,SD,eyesopen,75,0
F6,0.20973842425175857,0.13184957959098728,False,sub-60,SD,eyesopen,75,0
F8,0.22250407132041544,0.1287475995032483,False,sub-60,SD,eyesopen,75,0
FC2,0.19665193291653446,0.11852073633840958,False,sub-60,SD,eyesopen,75,0
FC4,0.21787360390266836,0.13194781895541205,False,sub-60,SD,eyesopen,75,0
FC6,0.23399338838992634,0.13668569742408718,False,sub-60,SD,eyesopen,75,0
FT8,0.22585204356200506,0.13114431599674303,False,sub-60,SD,eyesopen,75,0
C2,0.18281656297637824,0.10497074225761115,False,sub-60,SD,eyesopen,75,0
C4,0.21009081421748393,0.12042977263054776,False,sub-60,SD,eyesopen,75,0
C6,0.22768506028977203,0.12787961367822206,False,sub-60,SD,eyesopen,75,0
T8,0.1997864668861463,0.1261073375566505,False,sub-60,SD,eyesopen,75,0
CPz,0.1835825179836906,0.10622573256820983,False,sub-60,SD,eyesopen,75,0
CP2,0.19392094795041176,0.10918990139770282,False,sub-60,SD,eyesopen,75,0
CP4,0.21244139730808706,0.11744702541371015,False,sub-60,SD,eyesopen,75,0
CP6,0.223418467916547,0.12047577633877528,False,sub-60,SD,eyesopen,75,0
TP8,0.22478219941980096,0.12119085275991898,False,sub-60,SD,eyesopen,75,0
TP10,0.19914701938565654,0.11751433063771376,False,sub-60,SD,eyesopen,75,0
P2,0.21489049618091277,0.11425674758868641,False,sub-60,SD,eyesopen,75,0
P4,0.22082219988546153,0.11595247795762248,False,sub-60,SD,eyesopen,75,0
P6,0.21975501082764193,0.11477570455544736,False,sub-60,SD,eyesopen,75,0
P8,0.22109559351575933,0.11751228704223392,False,sub-60,SD,eyesopen,75,0
POz,0.22302654543330655,0.11423399235927419,False,sub-60,SD,eyesopen,75,0
PO4,0.2203727452572612,0.11503730425088363,False,sub-60,SD,eyesopen,75,0
PO8,0.19932369135077627,0.11136809568254212,False,sub-60,SD,eyesopen,75,0
O2,0.18998736768443633,0.11202229299515401,False,sub-60,SD,eyesopen,75,0
Fp1,0.11938765941938809,0.09520654416638563,False,sub-61,SD,eyesopen,75,0
AF3,0.12999880346572498,0.09499610041081266,False,sub-61,SD,eyesopen,75,0
AF7,0.11956038075767919,0.07921784243583145,False,sub-61,SD,eyesopen,75,0
Fz,0.1519278083530038,0.09401688650436216,False,sub-61,SD,eyesopen,75,0
F1,0.1534131932894835,0.07797956655997709,False,sub-61,SD,eyesopen,75,0
F3,0.15200947790513197,0.08128266827339091,False,sub-61,SD,eyesopen,75,0
F5,0.14220808921672531,0.07693745226619474,False,sub-61,SD,eyesopen,75,0
F7,0.13908113611358452,0.0711553956752553,False,sub-61,SD,eyesopen,75,0
FC1,0.14229725181191652,0.06532280345904724,False,sub-61,SD,eyesopen,75,0
FC3,0.1426509864184912,0.06449010398234245,False,sub-61,SD,eyesopen,75,0
FC5,0.1563599257257033,0.06568718310303603,False,sub-61,SD,eyesopen,75,0
FT7,0.15667130166898313,0.07659016351769095,False,sub-61,SD,eyesopen,75,0
Cz,0.13335869558579533,0.06988578045832836,False,sub-61,SD,eyesopen,75,0
C1,0.11750197453066011,0.05297212723763593,False,sub-61,SD,eyesopen,75,0
C3,0.13027240088502384,0.06295423224662058,False,sub-61,SD,eyesopen,75,0
C5,0.13783425547258515,0.06457415789388904,False,sub-61,SD,eyesopen,75,0
T7,0.10407686411032069,0.04357458793769554,False,sub-61,SD,eyesopen,75,0
CP1,0.11593141545695844,0.054138990855189285,False,sub-61,SD,eyesopen,75,0
CP3,0.12551945003045806,0.05994447529535749,False,sub-61,SD,eyesopen,75,0
CP5,0.14016876706029793,0.06585096261788569,False,sub-61,SD,eyesopen,75,0
TP7,0.1478889124556912,0.07339758549551548,False,sub-61,SD,eyesopen,75,0
TP9,0.12832066466997222,0.06629475430710906,False,sub-61,SD,eyesopen,75,0
Pz,0.10115502002353399,0.05319588713128388,False,sub-61,SD,eyesopen,75,0
P1,0.11014517728373749,0.05484642905326174,False,sub-61,SD,eyesopen,75,0
P3,0.12084488876124008,0.058528531086285224,False,sub-61,SD,eyesopen,75,0
P5,0.1301283418153206,0.06601109229502451,False,sub-61,SD,eyesopen,75,0
P7,0.13492081392380875,0.06933747031649443,False,sub-61,SD,eyesopen,75,0
PO3,0.1125963984764958,0.05695621441894567,False,sub-61,SD,eyesopen,75,0
PO7,0.12632558177361958,0.0660708318810455,False,sub-61,SD,eyesopen,75,0
Oz,0.11508346827037899,0.05899449016903985,False,sub-61,SD,eyesopen,75,0
O1,0.11798238170452334,0.06193598724765846,False,sub-61,SD,eyesopen,75,0
Fpz,0.11731224303018027,0.08883789049734885,False,sub-61,SD,eyesopen,75,0
Fp2,0.11481783503427809,0.0881825167977806,False,sub-61,SD,eyesopen,75,0
AF4,0.12112759050084991,0.09027244101785427,False,sub-61,SD,eyesopen,75,0
AF8,0.1146622289015491,0.08394646991791825,False,sub-61,SD,eyesopen,75,0
F2,0.15170507274698652,0.0882728856647344,False,sub-61,SD,eyesopen,75,0
F4,0.1412813772871868,0.08253311460206211,False,sub-61,SD,eyesopen,75,0
F6,0.12468692416950229,0.07382038523400336,False,sub-61,SD,eyesopen,75,0
F8,0.12254339951572615,0.0646873464997584,False,sub-61,SD,eyesopen,75,0
FC2,0.17345105466454883,0.07409260683041459,False,sub-61,SD,eyesopen,75,0
FC4,0.16355775787491217,0.07048590997542516,False,sub-61,SD,eyesopen,75,0
FC6,0.1533157245632848,0.06383422971998046,False,sub-61,SD,eyesopen,75,0
FT8,0.1470644512415085,0.05533819250810321,False,sub-61,SD,eyesopen,75,0
C2,0.14680537682820652,0.07156820865004787,False,sub-61,SD,eyesopen,75,0
C4,0.15184281391391147,0.0639084532003928,False,sub-61,SD,eyesopen,75,0
C6,0.166345123238638,0.06493729850269296,False,sub-61,SD,eyesopen,75,0
T8,0.1242339063463002,0.0619316817961861,False,sub-61,SD,eyesopen,75,0
CPz,0.122972796006836,0.06195790723443211,False,sub-61,SD,eyesopen,75,0
CP2,0.12253503482272936,0.06332412145858911,False,sub-61,SD,eyesopen,75,0
CP4,0.1351063623170982,0.06399980442786195,False,sub-61,SD,eyesopen,75,0
CP6,0.14587172739624885,0.06191151466246497,False,sub-61,SD,eyesopen,75,0
TP8,0.1433159482788923,0.06371263595557608,False,sub-61,SD,eyesopen,75,0
TP10,0.12930374623920113,0.06324275673803519,False,sub-61,SD,eyesopen,75,0
P2,0.10252844739877519,0.055028028205183196,False,sub-61,SD,eyesopen,75,0
P4,0.11259719360057042,0.05901482767009734,False,sub-61,SD,eyesopen,75,0
P6,0.12794832917070603,0.06154139318939627,False,sub-61,SD,eyesopen,75,0
P8,0.13002368167384107,0.06018674424484646,False,sub-61,SD,eyesopen,75,0
POz,0.10720249598567368,0.060146682597045656,False,sub-61,SD,eyesopen,75,0
PO4,0.10707596977460627,0.05453910460890732,False,sub-61,SD,eyesopen,75,0
PO8,0.12413920970362012,0.06150935598705303,False,sub-61,SD,eyesopen,75,0
O2,0.11280268689407173,0.056320967845586954,False,sub-61,SD,eyesopen,75,0
Fp1,0.11846105245623803,0.0768626347319059,False,sub-61,NS,eyesopen,75,0
AF3,0.15482820676388134,0.09246900688308346,False,sub-61,NS,eyesopen,75,0
AF7,0.14002445775682923,0.08206124825379073,False,sub-61,NS,eyesopen,75,0
Fz,0.18867412603712372,0.09422672867594414,False,sub-61,NS,eyesopen,75,0
F1,0.1863001235678938,0.09268941108902445,False,sub-61,NS,eyesopen,75,0
F3,0.18890813138626328,0.09109709011099958,False,sub-61,NS,eyesopen,75,0
F5,0.1749517476124991,0.07837054462708173,False,sub-61,NS,eyesopen,75,0
F7,0.16845784217328605,0.0730895814316415,False,sub-61,NS,eyesopen,75,0
FC1,0.19877788663257775,0.075051988251573,False,sub-61,NS,eyesopen,75,0
FC3,0.2124097476631715,0.08836906836655065,False,sub-61,NS,eyesopen,75,0
FC5,0.2090802624490299,0.0815324983027715,False,sub-61,NS,eyesopen,75,0
FT7,0.19992872077024612,0.07379103406817888,False,sub-61,NS,eyesopen,75,0
Cz,0.17619798045768273,0.08014967807959829,False,sub-61,NS,eyesopen,75,0
C1,0.17627095029944018,0.06796073752824533,False,sub-61,NS,eyesopen,75,0
C3,0.1867957214426357,0.07332255030121403,False,sub-61,NS,eyesopen,75,0
C5,0.2004744349047187,0.07523620865483562,False,sub-61,NS,eyesopen,75,0
T7,0.15722126194562647,0.07453638668760458,False,sub-61,NS,eyesopen,75,0
CP1,0.1687015456295149,0.07080439004054527,False,sub-61,NS,eyesopen,75,0
CP3,0.17679274663685832,0.07099105020593777,False,sub-61,NS,eyesopen,75,0
CP5,0.18234290720859575,0.06904761491774054,False,sub-61,NS,eyesopen,75,0
TP7,0.18251449402487607,0.06990101235902468,False,sub-61,NS,eyesopen,75,0
TP9,0.15353219136967902,0.06147283052865012,False,sub-61,NS,eyesopen,75,0
Pz,0.15222830239502372,0.07470735229533092,False,sub-61,NS,eyesopen,75,0
P1,0.1612851141141047,0.07747848675651184,False,sub-61,NS,eyesopen,75,0
P3,0.16249151739480663,0.06926247646203733,False,sub-61,NS,eyesopen,75,0
P5,0.16396553133375846,0.06895622011717127,False,sub-61,NS,eyesopen,75,0
P7,0.15256927278202406,0.05955736803747734,False,sub-61,NS,eyesopen,75,0
PO3,0.14732868656973128,0.07194432725529781,False,sub-61,NS,eyesopen,75,0
PO7,0.12629347086241471,0.05224625162309921,False,sub-61,NS,eyesopen,75,0
Oz,0.14417019736852482,0.070316262201373,False,sub-61,NS,eyesopen,75,0
O1,0.1459514230391135,0.06920976625637068,False,sub-61,NS,eyesopen,75,0
Fpz,0.12270980528565599,0.08673990315849961,False,sub-61,NS,eyesopen,75,0
Fp2,0.11172230634612186,0.08009664319149187,False,sub-61,NS,eyesopen,75,0
AF4,0.14857380001319348,0.09207471099382002,False,sub-61,NS,eyesopen,75,0
AF8,0.11310482818905965,0.0680479469028128,False,sub-61,NS,eyesopen,75,0
F2,0.18293889297865795,0.09778697987480434,False,sub-61,NS,eyesopen,75,0
F4,0.15186977969389098,0.08363402404848164,False,sub-61,NS,eyesopen,75,0
F6,0.1440649771707037,0.07723210503239157,False,sub-61,NS,eyesopen,75,0
F8,0.1051542089809657,0.05510234488154252,False,sub-61,NS,eyesopen,75,0
FC2,0.1880176861173955,0.07006728305925947,False,sub-61,NS,eyesopen,75,0
FC4,0.1669165634028335,0.07508314932351508,False,sub-61,NS,eyesopen,75,0
FC6,0.1750110121283667,0.07170122098307513,False,sub-61,NS,eyesopen,75,0
FT8,0.1647006302144752,0.06675782104187697,False,sub-61,NS,eyesopen,75,0
C2,0.18783986841670328,0.07313727107645282,False,sub-61,NS,eyesopen,75,0
C4,0.16777379623120053,0.05748538502330515,False,sub-61,NS,eyesopen,75,0
C6,0.18877446041396095,0.06243840682907431,False,sub-61,NS,eyesopen,75,0
T8,0.13698231323367277,0.057830420171078395,False,sub-61,NS,eyesopen,75,0
CPz,0.16878156805672864,0.07776615486165024,False,sub-61,NS,eyesopen,75,0
CP2,0.1710402575464867,0.07133616012819817,False,sub-61,NS,eyesopen,75,0
CP4,0.17644650766844683,0.0688159182206407,False,sub-61,NS,eyesopen,75,0
CP6,0.1838632358914145,0.07328066948600488,False,sub-61,NS,eyesopen,75,0
TP8,0.190758249997499,0.07670493291413027,False,sub-61,NS,eyesopen,75,0
TP10,0.17172306132416684,0.0783047134042788,False,sub-61,NS,eyesopen,75,0
P2,0.15216243303260824,0.07223821528516956,False,sub-61,NS,eyesopen,75,0
P4,0.16303664023466952,0.07491818370783385,False,sub-61,NS,eyesopen,75,0
P6,0.1753669688825334,0.07541182389128452,False,sub-61,NS,eyesopen,75,0
P8,0.16560575898129645,0.08001354696992274,False,sub-61,NS,eyesopen,75,0
POz,0.14552344201084658,0.07434754864972158,False,sub-61,NS,eyesopen,75,0
PO4,0.14951422787064872,0.07141772444464206,False,sub-61,NS,eyesopen,75,0
PO8,0.14969112644916968,0.07043785814399547,False,sub-61,NS,eyesopen,75,0
O2,0.13239426296193255,0.06403983102381115,False,sub-61,NS,eyesopen,75,0
Fp1,0.1013710509611763,0.0510510714384154,False,sub-62,NS,eyesopen,75,0
AF3,0.10986546717060555,0.054572905612817954,False,sub-62,NS,eyesopen,75,0
AF7,0.10119819762367095,0.05560506097121369,False,sub-62,NS,eyesopen,75,0
Fz,0.13992744185198935,0.06693838099830918,False,sub-62,NS,eyesopen,75,0
F1,0.14957411356665462,0.07348745686333749,False,sub-62,NS,eyesopen,75,0
F3,0.14057255588632855,0.060238045848281865,False,sub-62,NS,eyesopen,75,0
F5,0.1263004037042141,0.06092633205713242,False,sub-62,NS,eyesopen,75,0
F7,0.09979121014044334,0.049020383589318775,False,sub-62,NS,eyesopen,75,0
FC1,0.18237815080377198,0.06867028488148703,False,sub-62,NS,eyesopen,75,0
FC3,0.1806655048565364,0.07189507049700905,False,sub-62,NS,eyesopen,75,0
FC5,0.1536324513740464,0.06360228888740467,False,sub-62,NS,eyesopen,75,0
FT7,0.14221131891790445,0.06297982748334038,False,sub-62,NS,eyesopen,75,0
Cz,0.18548399255670744,0.07593668128608284,False,sub-62,NS,eyesopen,75,0
C1,0.1887983411429578,0.07737711994790886,False,sub-62,NS,eyesopen,75,0
C3,0.182333052906022,0.0768458040626263,False,sub-62,NS,eyesopen,75,0
C5,0.1708005063293869,0.0706626894691999,False,sub-62,NS,eyesopen,75,0
T7,0.1259979254542692,0.0502439068509751,False,sub-62,NS,eyesopen,75,0
CP1,0.18155496654451497,0.07785308302865351,False,sub-62,NS,eyesopen,75,0
CP3,0.17499785335268842,0.07371412773764563,False,sub-62,NS,eyesopen,75,0
CP5,0.18116518543868737,0.07429095494545015,False,sub-62,NS,eyesopen,75,0
TP7,0.11305658613895356,0.042386851173907295,False,sub-62,NS,eyesopen,75,0
TP9,0.11884535919805295,0.06207415350773498,False,sub-62,NS,eyesopen,75,0
Pz,0.1631965423027239,0.07203839136685324,False,sub-62,NS,eyesopen,75,0
P1,0.16528614827327048,0.07342395385484392,False,sub-62,NS,eyesopen,75,0
P3,0.16011137179742835,0.06891383887537282,False,sub-62,NS,eyesopen,75,0
P5,0.1612003698945166,0.07166963437053468,False,sub-62,NS,eyesopen,75,0
P7,0.16270449797311853,0.06680621806969707,False,sub-62,NS,eyesopen,75,0
PO3,0.14570648583929524,0.06483651891663036,False,sub-62,NS,eyesopen,75,0
PO7,0.14932203749563516,0.06518365579358741,False,sub-62,NS,eyesopen,75,0
Oz,0.14116465805186243,0.062211980450711926,False,sub-62,NS,eyesopen,75,0
O1,0.13978498051058946,0.061284068245556315,False,sub-62,NS,eyesopen,75,0
Fpz,0.10597457345614426,0.05317530981207606,False,sub-62,NS,eyesopen,75,0
Fp2,0.10093155841147938,0.047536706152610374,False,sub-62,NS,eyesopen,75,0
AF4,0.11244232899258307,0.052360706964326056,False,sub-62,NS,eyesopen,75,0
AF8,0.10874860994981375,0.048780370080127346,False,sub-62,NS,eyesopen,75,0
F2,0.1447448264732955,0.06279947291648333,False,sub-62,NS,eyesopen,75,0
F4,0.1406194554386159,0.05551438093802131,False,sub-62,NS,eyesopen,75,0
F6,0.12497246868713885,0.04795776485097592,False,sub-62,NS,eyesopen,75,0
F8,0.1382779727483372,0.05556107224731399,False,sub-62,NS,eyesopen,75,0
FC2,0.20431929926424447,0.07948172427382612,False,sub-62,NS,eyesopen,75,0
FC4,0.19144436318722843,0.06778525400103513,False,sub-62,NS,eyesopen,75,0
FC6,0.17072271485824386,0.05989110780307164,False,sub-62,NS,eyesopen,75,0
FT8,0.16036921691413591,0.056806104201451824,False,sub-62,NS,eyesopen,75,0
C2,0.20607179621739727,0.08115556410942408,False,sub-62,NS,eyesopen,75,0
C4,0.20524649200233444,0.08023096296540203,False,sub-62,NS,eyesopen,75,0
C6,0.17889545879564436,0.06602945145066316,False,sub-62,NS,eyesopen,75,0
T8,0.14801968741188595,0.05385377873536256,False,sub-62,NS,eyesopen,75,0
CPz,0.1806378591678774,0.0800165806919782,False,sub-62,NS,eyesopen,75,0
CP2,0.1892647208995123,0.08033161334003194,False,sub-62,NS,eyesopen,75,0
CP4,0.1913591564010305,0.08190876943669291,False,sub-62,NS,eyesopen,75,0
CP6,0.19226803107825258,0.07856778521165378,False,sub-62,NS,eyesopen,75,0
TP8,0.17759644811506156,0.07229930500800408,False,sub-62,NS,eyesopen,75,0
TP10,0.15355602328143908,0.06694303563337162,False,sub-62,NS,eyesopen,75,0
P2,0.16500858145883252,0.07715136296928976,False,sub-62,NS,eyesopen,75,0
P4,0.16340252884657355,0.07741384573618007,False,sub-62,NS,eyesopen,75,0
P6,0.1687601072429694,0.07777965981537176,False,sub-62,NS,eyesopen,75,0
P8,0.15396553327418133,0.06345920286153849,False,sub-62,NS,eyesopen,75,0
POz,0.15088015083843576,0.06927814376769956,False,sub-62,NS,eyesopen,75,0
PO4,0.14433976876401225,0.0684596514210699,False,sub-62,NS,eyesopen,75,0
PO8,0.15088169959282288,0.06516161827752216,False,sub-62,NS,eyesopen,75,0
O2,0.1285337251492042,0.05354377209542237,False,sub-62,NS,eyesopen,75,0
Fp1,0.06352368031582645,0.05378210251283421,False,sub-62,SD,eyesopen,70,0
AF3,0.08735267857281913,0.07028001841962307,False,sub-62,SD,eyesopen,70,0
AF7,0.08530670960014598,0.0635299459081859,False,sub-62,SD,eyesopen,70,0
Fz,0.08855573687337685,0.05825119929392079,False,sub-62,SD,eyesopen,70,0
F1,0.12906364849778051,0.08490068509469942,False,sub-62,SD,eyesopen,70,0
F3,0.12203337883653165,0.0672722796682462,False,sub-62,SD,eyesopen,70,0
F5,0.12490713470222324,0.06767106022931287,False,sub-62,SD,eyesopen,70,0
F7,0.14308584550322107,0.08023086430844253,False,sub-62,SD,eyesopen,70,0
FC1,0.21883926853385416,0.08127304418066818,False,sub-62,SD,eyesopen,70,0
FC3,0.20418143451100604,0.09113912950484473,False,sub-62,SD,eyesopen,70,0
FC5,0.16758952705611796,0.09679558800946764,False,sub-62,SD,eyesopen,70,0
FT7,0.17920202164605578,0.0928219415068344,False,sub-62,SD,eyesopen,70,0
Cz,0.1899553349671216,0.09363808101715222,False,sub-62,SD,eyesopen,70,0
C1,0.20270330239998088,0.09585556207561058,False,sub-62,SD,eyesopen,70,0
C3,0.20240374628137314,0.09690169272710171,False,sub-62,SD,eyesopen,70,0
C5,0.19022358669435369,0.09869016703351036,False,sub-62,SD,eyesopen,70,0
T7,0.1700874736434338,0.09396530617995584,False,sub-62,SD,eyesopen,70,0
CP1,0.1843185127745603,0.09363675429786124,False,sub-62,SD,eyesopen,70,0
CP3,0.18830190698128202,0.09684930930878981,False,sub-62,SD,eyesopen,70,0
CP5,0.18459223423571533,0.09780063098842762,False,sub-62,SD,eyesopen,70,0
TP7,0.09657161342436521,0.047173743374758645,False,sub-62,SD,eyesopen,70,0
TP9,0.1633547682862043,0.09539864931081504,False,sub-62,SD,eyesopen,70,0
Pz,0.1751785267425843,0.0938231143635008,False,sub-62,SD,eyesopen,70,0
P1,0.17504844475547854,0.09379039945207535,False,sub-62,SD,eyesopen,70,0
P3,0.17256682938357584,0.09652973974909188,False,sub-62,SD,eyesopen,70,0
P5,0.17316931504261387,0.10056779516969434,False,sub-62,SD,eyesopen,70,0
P7,0.17489010360410795,0.09721799661501823,False,sub-62,SD,eyesopen,70,0
PO3,0.15337790637026746,0.0923880893224446,False,sub-62,SD,eyesopen,70,0
PO7,0.1601208093142511,0.09814331447724385,False,sub-62,SD,eyesopen,70,0
Oz,0.1583732028060331,0.09492442820930853,False,sub-62,SD,eyesopen,70,0
O1,0.1559979267581036,0.09486871633311021,False,sub-62,SD,eyesopen,70,0
Fpz,0.07293246915828165,0.06229435831323691,False,sub-62,SD,eyesopen,70,0
Fp2,0.05736081273383109,0.04471584943778607,False,sub-62,SD,eyesopen,70,0
AF4,0.07467964353180717,0.05484091216263371,False,sub-62,SD,eyesopen,70,0
AF8,0.10005571096447725,0.07819494736585157,False,sub-62,SD,eyesopen,70,0
F2,0.12665419345042664,0.08043103233718307,False,sub-62,SD,eyesopen,70,0
F4,0.14477608654883586,0.06293628093241449,False,sub-62,SD,eyesopen,70,0
F6,0.1416568205979112,0.06663782127157977,False,sub-62,SD,eyesopen,70,0
F8,0.18244855071480987,0.10163659993304269,False,sub-62,SD,eyesopen,70,0
FC2,0.21130930911512608,0.08361684342339146,False,sub-62,SD,eyesopen,70,0
FC4,0.1815379428836597,0.07729348015233752,False,sub-62,SD,eyesopen,70,0
FC6,0.17740539543253636,0.07763124007656685,False,sub-62,SD,eyesopen,70,0
FT8,0.19258226986563617,0.0892767243959257,False,sub-62,SD,eyesopen,70,0
C2,0.21419815394774794,0.09492293872059443,False,sub-62,SD,eyesopen,70,0
C4,0.2211444658813645,0.09274079575284358,False,sub-62,SD,eyesopen,70,0
C6,0.22658124735453125,0.09923038191558024,False,sub-62,SD,eyesopen,70,0
T8,0.17358340539301345,0.07953004653928025,False,sub-62,SD,eyesopen,70,0
CPz,0.18575168383716645,0.09038318508621664,False,sub-62,SD,eyesopen,70,0
CP2,0.19037849506881027,0.09067614496819787,False,sub-62,SD,eyesopen,70,0
CP4,0.20081150278031254,0.09480511913690207,False,sub-62,SD,eyesopen,70,0
CP6,0.20647572352185736,0.09482595777215662,False,sub-62,SD,eyesopen,70,0
TP8,0.20467037431478388,0.09897141218385572,False,sub-62,SD,eyesopen,70,0
TP10,0.17493790416666055,0.09888192295635888,False,sub-62,SD,eyesopen,70,0
P2,0.17341302870858832,0.09228265890576322,False,sub-62,SD,eyesopen,70,0
P4,0.17139120326405743,0.09452899777418065,False,sub-62,SD,eyesopen,70,0
P6,0.1690981111778416,0.09295549590502443,False,sub-62,SD,eyesopen,70,0
P8,0.17684496291096127,0.09652815135954831,False,sub-62,SD,eyesopen,70,0
POz,0.15684451027368201,0.0920602340100886,False,sub-62,SD,eyesopen,70,0
PO4,0.148283443268774,0.09037646032856303,False,sub-62,SD,eyesopen,70,0
PO8,0.15314518679779268,0.0916985422568175,False,sub-62,SD,eyesopen,70,0
O2,0.1470770493309749,0.08875450634514376,False,sub-62,SD,eyesopen,70,0
Fp1,0.08755524991054348,0.050082362777669705,False,sub-63,NS,eyesopen,75,0
AF3,0.07341720615359958,0.039489023528705265,False,sub-63,NS,eyesopen,75,0
AF7,0.11166502592810033,0.064476810726565,False,sub-63,NS,eyesopen,75,0
Fz,0.163659049434859,0.08774225940546898,False,sub-63,NS,eyesopen,75,0
F1,0.14609888924993245,0.07258182914279755,False,sub-63,NS,eyesopen,75,0
F3,0.09449235008524302,0.04065118154375168,False,sub-63,NS,eyesopen,75,0
F5,0.10419844136686558,0.04827713230895575,False,sub-63,NS,eyesopen,75,0
F7,0.16013923566117394,0.06895986437229164,False,sub-63,NS,eyesopen,75,0
FC1,0.20228055416766186,0.0704515698540471,False,sub-63,NS,eyesopen,75,0
FC3,0.15219031254954443,0.05290747708851606,False,sub-63,NS,eyesopen,75,0
FC5,0.17401484576989715,0.05536021556897303,False,sub-63,NS,eyesopen,75,0
FT7,0.20629987289734128,0.0680038276192825,False,sub-63,NS,eyesopen,75,0
Cz,0.16829319754831332,0.08389180458286016,False,sub-63,NS,eyesopen,75,0
C1,0.1807110102626822,0.07182093494437707,False,sub-63,NS,eyesopen,75,0
C3,0.18949816600618333,0.07097368802709261,False,sub-63,NS,eyesopen,75,0
C5,0.15657534290053673,0.05145047319288928,False,sub-63,NS,eyesopen,75,0
T7,0.13908780882273114,0.04459934054729239,False,sub-63,NS,eyesopen,75,0
CP1,0.17770586988429854,0.08029749772368189,False,sub-63,NS,eyesopen,75,0
CP3,0.18688597075984403,0.07681626886672416,False,sub-63,NS,eyesopen,75,0
CP5,0.17662489830896336,0.0715041198044678,False,sub-63,NS,eyesopen,75,0
TP7,0.10751752664721272,0.039166820441182824,False,sub-63,NS,eyesopen,75,0
TP9,0.14970117537914596,0.05906793033124113,False,sub-63,NS,eyesopen,75,0
Pz,0.17640691726650762,0.08071301454265757,False,sub-63,NS,eyesopen,75,0
P1,0.1796618239096023,0.0786563019264809,False,sub-63,NS,eyesopen,75,0
P3,0.18802571435233673,0.08314992365038552,False,sub-63,NS,eyesopen,75,0
P5,0.19404302518104205,0.0854750606049709,False,sub-63,NS,eyesopen,75,0
P7,0.19634686232651521,0.0825845903892351,False,sub-63,NS,eyesopen,75,0
PO3,0.18654328418590357,0.08124559143541327,False,sub-63,NS,eyesopen,75,0
PO7,0.19463393820980576,0.08529649906519199,False,sub-63,NS,eyesopen,75,0
Oz,0.17291257555941406,0.0750166159501589,False,sub-63,NS,eyesopen,75,0
O1,0.17101001394485413,0.07604471608482531,False,sub-63,NS,eyesopen,75,0
Fpz,0.09951406228623616,0.05688138669481447,False,sub-63,NS,eyesopen,75,0
Fp2,0.08984813599422432,0.054059791276102116,False,sub-63,NS,eyesopen,75,0
AF4,0.11185194776794402,0.06186716893680195,False,sub-63,NS,eyesopen,75,0
AF8,0.1273320672015655,0.08012718033591447,False,sub-63,NS,eyesopen,75,0
F2,0.1807733885407337,0.09585736304899739,False,sub-63,NS,eyesopen,75,0
F4,0.1340166377916792,0.06816144926476354,False,sub-63,NS,eyesopen,75,0
F6,0.10951763863535004,0.05614170462956662,False,sub-63,NS,eyesopen,75,0
F8,0.1930840116855736,0.08976324495728016,False,sub-63,NS,eyesopen,75,0
FC2,0.2342084914409294,0.09815472841366363,False,sub-63,NS,eyesopen,75,0
FC4,0.20070826568962036,0.08257306391813224,False,sub-63,NS,eyesopen,75,0
FC6,0.20143678142904706,0.07774892265240363,False,sub-63,NS,eyesopen,75,0
FT8,0.22021974745657283,0.0863231562631179,False,sub-63,NS,eyesopen,75,0
C2,0.18407705106171035,0.08677125126148347,False,sub-63,NS,eyesopen,75,0
C4,0.20109953215060541,0.09093012846130161,False,sub-63,NS,eyesopen,75,0
C6,0.17268787034954647,0.06688886024333175,False,sub-63,NS,eyesopen,75,0
T8,0.08941702866358586,0.032441111807515334,False,sub-63,NS,eyesopen,75,0
CPz,0.17381571210352503,0.08205393879737899,False,sub-63,NS,eyesopen,75,0
CP2,0.1841273682550657,0.0894677760697755,False,sub-63,NS,eyesopen,75,0
CP4,0.18679775729211565,0.0905554656570387,False,sub-63,NS,eyesopen,75,0
CP6,0.1848337526243606,0.08355267633276861,False,sub-63,NS,eyesopen,75,0
TP8,0.1249036423507102,0.0480806513330815,False,sub-63,NS,eyesopen,75,0
TP10,0.14787342531625713,0.06168267679372443,False,sub-63,NS,eyesopen,75,0
P2,0.18427992805339793,0.09101913553724336,False,sub-63,NS,eyesopen,75,0
P4,0.19117563053798464,0.09129949765460152,False,sub-63,NS,eyesopen,75,0
P6,0.180663568903028,0.08404444475014361,False,sub-63,NS,eyesopen,75,0
P8,0.19846603418513784,0.08455949504748474,False,sub-63,NS,eyesopen,75,0
POz,0.1870674659152979,0.08719282756576845,False,sub-63,NS,eyesopen,75,0
PO4,0.195907199361418,0.0946504544746425,False,sub-63,NS,eyesopen,75,0
PO8,0.18420722398922632,0.08463351544018831,False,sub-63,NS,eyesopen,75,0
O2,0.16176968571151235,0.0686830037773525,False,sub-63,NS,eyesopen,75,0
Fp1,0.08777531503394007,0.06887327065940353,False,sub-63,SD,eyesopen,75,0
AF3,0.09243535032712863,0.06377929687909965,False,sub-63,SD,eyesopen,75,0
AF7,0.1026087845690426,0.08151964163684895,False,sub-63,SD,eyesopen,75,0
Fz,0.1345972172323371,0.10995287404228506,False,sub-63,SD,eyesopen,75,0
F1,0.13248424208905235,0.06978305546514982,False,sub-63,SD,eyesopen,75,0
F3,0.14173704734012396,0.05855691697225626,False,sub-63,SD,eyesopen,75,0
F5,0.15304324252310952,0.0760004680148779,False,sub-63,SD,eyesopen,75,0
F7,0.1970411061953352,0.09388474614972851,False,sub-63,SD,eyesopen,75,0
FC1,0.2504688498264951,0.0686038273391291,False,sub-63,SD,eyesopen,75,0
FC3,0.24634852090567083,0.07452405293840392,False,sub-63,SD,eyesopen,75,0
FC5,0.26519119358465343,0.08628585827336377,False,sub-63,SD,eyesopen,75,0
FT7,0.26003271934116007,0.09343027653455808,False,sub-63,SD,eyesopen,75,0
Cz,0.1469547057895958,0.08543599124155467,False,sub-63,SD,eyesopen,75,0
C1,0.16110614011747348,0.07771655051010985,False,sub-63,SD,eyesopen,75,0
C3,0.18447189035250205,0.07352290062487947,False,sub-63,SD,eyesopen,75,0
C5,0.21022106731070192,0.08058577402337372,False,sub-63,SD,eyesopen,75,0
T7,0.19005152443483234,0.08243037838369906,False,sub-63,SD,eyesopen,75,0
CP1,0.14596636715396752,0.0743244879041956,False,sub-63,SD,eyesopen,75,0
CP3,0.16518340803563045,0.07259481354984787,False,sub-63,SD,eyesopen,75,0
CP5,0.18796215155682944,0.0794239878191976,False,sub-63,SD,eyesopen,75,0
TP7,0.17972586540648203,0.07788197813023381,False,sub-63,SD,eyesopen,75,0
TP9,0.07076109532843491,0.031827330000903556,False,sub-63,SD,eyesopen,75,0
Pz,0.1342684982659578,0.06666330629719476,False,sub-63,SD,eyesopen,75,0
P1,0.136134312610694,0.06717860982482324,False,sub-63,SD,eyesopen,75,0
P3,0.15110642589194595,0.06901587163932191,False,sub-63,SD,eyesopen,75,0
P5,0.16361676297328256,0.07779452222482038,False,sub-63,SD,eyesopen,75,0
P7,0.17412295934121355,0.08502107250906302,False,sub-63,SD,eyesopen,75,0
PO3,0.14802150499933908,0.07331522788391512,False,sub-63,SD,eyesopen,75,0
PO7,0.15999560682623348,0.08023536719641512,False,sub-63,SD,eyesopen,75,0
Oz,0.14113203227526921,0.0745909580566488,False,sub-63,SD,eyesopen,75,0
O1,0.1473875901255524,0.07541769783307213,False,sub-63,SD,eyesopen,75,0
Fpz,0.09393305701260307,0.07366851749722048,False,sub-63,SD,eyesopen,75,0
Fp2,0.09218823309895795,0.07807170745568434,False,sub-63,SD,eyesopen,75,0
AF4,0.10692707802592225,0.09236944465390295,False,sub-63,SD,eyesopen,75,0
AF8,0.10209169629310369,0.08776021641855669,False,sub-63,SD,eyesopen,75,0
F2,0.1426824196740851,0.10114570613298501,False,sub-63,SD,eyesopen,75,0
F4,0.15510601415704875,0.09317521005240963,False,sub-63,SD,eyesopen,75,0
F6,0.12790351047729795,0.06870839043809401,False,sub-63,SD,eyesopen,75,0
F8,0.17827999556906615,0.08662815062069211,False,sub-63,SD,eyesopen,75,0
FC2,0.251986795297896,0.09099638536985581,False,sub-63,SD,eyesopen,75,0
FC4,0.2527063586547209,0.08546781522215356,False,sub-63,SD,eyesopen,75,0
FC6,0.24526911170843932,0.08131452996117512,False,sub-63,SD,eyesopen,75,0
FT8,0.24129385937932502,0.09084539411781897,False,sub-63,SD,eyesopen,75,0
C2,0.17299165101079675,0.08715633412150486,False,sub-63,SD,eyesopen,75,0
C4,0.19963889159794632,0.0878235519039708,False,sub-63,SD,eyesopen,75,0
C6,0.20636586431380355,0.08079168277393749,False,sub-63,SD,eyesopen,75,0
T8,0.15411523684077186,0.05919600092678301,False,sub-63,SD,eyesopen,75,0
CPz,0.13697013247016945,0.07233232242746555,False,sub-63,SD,eyesopen,75,0
CP2,0.15044114988768212,0.08163122549711732,False,sub-63,SD,eyesopen,75,0
CP4,0.17073918234328075,0.08368557513067049,False,sub-63,SD,eyesopen,75,0
CP6,0.18103134453012665,0.08496275814933289,False,sub-63,SD,eyesopen,75,0
TP8,0.16643940788320766,0.07726281868188271,False,sub-63,SD,eyesopen,75,0
TP10,0.13134880576808428,0.059460078901141605,False,sub-63,SD,eyesopen,75,0
P2,0.14207368174468626,0.07459673403804017,False,sub-63,SD,eyesopen,75,0
P4,0.1619450342887138,0.08144064341311623,False,sub-63,SD,eyesopen,75,0
P6,0.1748029760439387,0.08918241267510352,False,sub-63,SD,eyesopen,75,0
P8,0.17767168815184742,0.08843079225865173,False,sub-63,SD,eyesopen,75,0
POz,0.13978582305106288,0.07272455823908097,False,sub-63,SD,eyesopen,75,0
PO4,0.1577287523300972,0.08344431990902587,False,sub-63,SD,eyesopen,75,0
PO8,0.1713511672524391,0.09113362604884044,False,sub-63,SD,eyesopen,75,0
O2,0.13676031855408644,0.07200201934672064,False,sub-63,SD,eyesopen,75,0
Fp1,0.09612102101809465,0.0421000889140579,False,sub-64,NS,eyesopen,75,1
AF3,0.13816531631016293,0.05578146951981295,False,sub-64,NS,eyesopen,75,1
AF7,0.07010324162775804,0.032017374976250526,False,sub-64,NS,eyesopen,75,1
Fz,0.17324773373500194,0.06987396979763047,False,sub-64,NS,eyesopen,75,1
F1,0.20847410310347442,0.08760962614774599,False,sub-64,NS,eyesopen,75,1
F3,0.20115496594567464,0.0776069041599397,False,sub-64,NS,eyesopen,75,1
F5,0.14164032460989776,0.054603932675562454,False,sub-64,NS,eyesopen,75,1
F7,0.16117863408170985,0.06757247186290502,False,sub-64,NS,eyesopen,75,1
FC1,0.0786524168349708,0.03458990523243696,True,sub-64,NS,eyesopen,75,1
FC3,0.1664565087382274,0.06416726877408327,False,sub-64,NS,eyesopen,75,1
FC5,0.2046417345657516,0.07586067780866317,False,sub-64,NS,eyesopen,75,1
FT7,0.13673514038750836,0.05772026157304662,False,sub-64,NS,eyesopen,75,1
Cz,0.1566147526161127,0.05757036269735876,False,sub-64,NS,eyesopen,75,1
C1,0.11586049531026532,0.045269878599792396,False,sub-64,NS,eyesopen,75,1
C3,0.1781034956337022,0.06552055545609482,False,sub-64,NS,eyesopen,75,1
C5,0.18348343930351757,0.07346182672137061,False,sub-64,NS,eyesopen,75,1
T7,0.1908755299187032,0.07339334937133872,False,sub-64,NS,eyesopen,75,1
CP1,0.13081731505136757,0.04978604094252651,False,sub-64,NS,eyesopen,75,1
CP3,0.16459303493176453,0.06415920447694151,False,sub-64,NS,eyesopen,75,1
CP5,0.17880250837941966,0.06739209710693868,False,sub-64,NS,eyesopen,75,1
TP7,0.17244983189156476,0.0657303458592439,False,sub-64,NS,eyesopen,75,1
TP9,0.12553703702987862,0.04993876053753988,False,sub-64,NS,eyesopen,75,1
Pz,0.11941220569904341,0.060653344334027096,False,sub-64,NS,eyesopen,75,1
P1,0.14233207356303307,0.06151974372191727,False,sub-64,NS,eyesopen,75,1
P3,0.14850785916096337,0.06106073608847107,False,sub-64,NS,eyesopen,75,1
P5,0.17442163075712816,0.06970053243006584,False,sub-64,NS,eyesopen,75,1
P7,0.182986245666148,0.07139291342949543,False,sub-64,NS,eyesopen,75,1
PO3,0.14095732902641256,0.06335116588840124,False,sub-64,NS,eyesopen,75,1
PO7,0.1718730010650294,0.07363094865738988,False,sub-64,NS,eyesopen,75,1
Oz,0.13033683004067353,0.05869563122671136,False,sub-64,NS,eyesopen,75,1
O1,0.14599700448231953,0.06556305914860885,False,sub-64,NS,eyesopen,75,1
Fpz,0.12255233703820101,0.05543140019486938,False,sub-64,NS,eyesopen,75,1
Fp2,0.06652607179388205,0.028413622400211228,False,sub-64,NS,eyesopen,75,1
AF4,0.10160819285407237,0.039290983356214816,False,sub-64,NS,eyesopen,75,1
AF8,0.08540173980559156,0.04128942873842686,False,sub-64,NS,eyesopen,75,1
F2,0.2123130959099911,0.08082683775532404,False,sub-64,NS,eyesopen,75,1
F4,0.18998347076458613,0.06948572379576448,False,sub-64,NS,eyesopen,75,1
F6,0.09847233054537437,0.04322920070647538,False,sub-64,NS,eyesopen,75,1
F8,0.12922286355486154,0.059817413257684644,False,sub-64,NS,eyesopen,75,1
FC2,0.1530302124295845,0.056738819208193736,False,sub-64,NS,eyesopen,75,1
FC4,0.20191218398916583,0.07324286153328172,False,sub-64,NS,eyesopen,75,1
FC6,0.12076292737221583,0.04929015394606775,False,sub-64,NS,eyesopen,75,1
FT8,0.09940965898209382,0.04224234078570752,False,sub-64,NS,eyesopen,75,1
C2,0.12482981854003986,0.048013238841657764,False,sub-64,NS,eyesopen,75,1
C4,0.17002748386804623,0.06836886696724792,False,sub-64,NS,eyesopen,75,1
C6,0.16093493372363887,0.06231447323420856,False,sub-64,NS,eyesopen,75,1
T8,0.06650960360564469,0.02984903116265747,False,sub-64,NS,eyesopen,75,1
CPz,0.1287233849379377,0.06285437751165304,False,sub-64,NS,eyesopen,75,1
CP2,0.1345498694728474,0.059551315121151305,False,sub-64,NS,eyesopen,75,1
CP4,0.15563559275383748,0.06430011941243209,False,sub-64,NS,eyesopen,75,1
CP6,0.16578750713984058,0.06926180548954997,False,sub-64,NS,eyesopen,75,1
TP8,0.12140973517922421,0.0504939155882259,False,sub-64,NS,eyesopen,75,1
TP10,0.16636492739743233,0.06328992152732084,False,sub-64,NS,eyesopen,75,1
P2,0.10861554241122723,0.058606417680372426,False,sub-64,NS,eyesopen,75,1
P4,0.12123252956522698,0.06347059466038561,False,sub-64,NS,eyesopen,75,1
P6,0.1406032145931726,0.06590482317055002,False,sub-64,NS,eyesopen,75,1
P8,0.1638139286581132,0.07038704607798617,False,sub-64,NS,eyesopen,75,1
POz,0.10740184848049343,0.05786255426548151,False,sub-64,NS,eyesopen,75,1
PO4,0.1267564678689578,0.06415260529590536,False,sub-64,NS,eyesopen,75,1
PO8,0.14783537328482235,0.067931721243899,False,sub-64,NS,eyesopen,75,1
O2,0.12983585462525574,0.060724704520925744,False,sub-64,NS,eyesopen,75,1
Fp1,0.09178986029701981,0.03699321333007612,False,sub-64,SD,eyesopen,75,0
AF3,0.13106241884725564,0.0505543975617391,False,sub-64,SD,eyesopen,75,0
AF7,0.06800968193033631,0.03730713449510815,False,sub-64,SD,eyesopen,75,0
Fz,0.22464174829764494,0.098816046828544,False,sub-64,SD,eyesopen,75,0
F1,0.22671420284428834,0.08473349732938214,False,sub-64,SD,eyesopen,75,0
F3,0.18046282800511704,0.06320356089953645,False,sub-64,SD,eyesopen,75,0
F5,0.14247872962507532,0.051524820599529855,False,sub-64,SD,eyesopen,75,0
F7,0.07954660236416827,0.03766411901150045,False,sub-64,SD,eyesopen,75,0
FC1,0.1623828348261245,0.0563652610960202,False,sub-64,SD,eyesopen,75,0
FC3,0.20414930056498493,0.08244476417192044,False,sub-64,SD,eyesopen,75,0
FC5,0.16335055396961098,0.06507101387763699,False,sub-64,SD,eyesopen,75,0
FT7,0.10365323785438135,0.04548050084894895,False,sub-64,SD,eyesopen,75,0
Cz,0.1744889585000143,0.08902631859701614,False,sub-64,SD,eyesopen,75,0
C1,0.17819835136202877,0.07290035134162175,False,sub-64,SD,eyesopen,75,0
C3,0.16727891054115882,0.0713866438569244,False,sub-64,SD,eyesopen,75,0
C5,0.17049020218526303,0.06998948880366351,False,sub-64,SD,eyesopen,75,0
T7,0.1652906063514134,0.0700809797107069,False,sub-64,SD,eyesopen,75,0
CP1,0.1549547841858367,0.06905803277439174,False,sub-64,SD,eyesopen,75,0
CP3,0.15420095895513947,0.06313804449411498,False,sub-64,SD,eyesopen,75,0
CP5,0.16157211961410384,0.06868327368919233,False,sub-64,SD,eyesopen,75,0
TP7,0.15161713149059713,0.059338196031706834,False,sub-64,SD,eyesopen,75,0
TP9,0.13178734191617228,0.04721815040915169,False,sub-64,SD,eyesopen,75,0
Pz,0.11110086447046205,0.056591909567379535,False,sub-64,SD,eyesopen,75,0
P1,0.13071499670275533,0.05979422969651931,False,sub-64,SD,eyesopen,75,0
P3,0.12040711719448889,0.05396028323363177,False,sub-64,SD,eyesopen,75,0
P5,0.13210980681520587,0.058727397770936114,False,sub-64,SD,eyesopen,75,0
P7,0.14418889301527343,0.05707350020176436,False,sub-64,SD,eyesopen,75,0
PO3,0.11294210867129498,0.05901962637907146,False,sub-64,SD,eyesopen,75,0
PO7,0.12617060444586395,0.05866467973197885,False,sub-64,SD,eyesopen,75,0
Oz,0.10905291298140082,0.05208408443395097,False,sub-64,SD,eyesopen,75,0
O1,0.1134258390212789,0.05700601987560071,False,sub-64,SD,eyesopen,75,0
Fpz,0.12274673062937592,0.05413364739793008,False,sub-64,SD,eyesopen,75,0
Fp2,0.06820394600141412,0.029657217013003594,False,sub-64,SD,eyesopen,75,0
AF4,0.08973652203301083,0.03666081160085861,False,sub-64,SD,eyesopen,75,0
AF8,0.07936160307094528,0.03228780889081699,False,sub-64,SD,eyesopen,75,0
F2,0.22188272615464502,0.08684473188090734,False,sub-64,SD,eyesopen,75,0
F4,0.17651743025824607,0.0627375574364381,False,sub-64,SD,eyesopen,75,0
F6,0.13267259010244734,0.048444640015810406,False,sub-64,SD,eyesopen,75,0
F8,0.0781200806968773,0.03260664013508674,False,sub-64,SD,eyesopen,75,0
FC2,0.2106086536323631,0.08435333600654174,False,sub-64,SD,eyesopen,75,0
FC4,0.20445081782085667,0.08049090687135643,False,sub-64,SD,eyesopen,75,0
FC6,0.0885431393235702,0.04487074347660784,False,sub-64,SD,eyesopen,75,0
FT8,0.0865784536647417,0.03531779154645711,False,sub-64,SD,eyesopen,75,0
C2,0.1650555026089071,0.07010530970782011,False,sub-64,SD,eyesopen,75,0
C4,0.1594110402815487,0.06536023040682079,False,sub-64,SD,eyesopen,75,0
C6,0.1564129317948224,0.061863470231982375,False,sub-64,SD,eyesopen,75,0
T8,0.08865450365166191,0.04476017575804391,False,sub-64,SD,eyesopen,75,0
CPz,0.14760929657292177,0.07135314434139248,False,sub-64,SD,eyesopen,75,0
CP2,0.12641297488313002,0.05546766553047445,False,sub-64,SD,eyesopen,75,0
CP4,0.12770482423062093,0.05302362877125649,False,sub-64,SD,eyesopen,75,0
CP6,0.13443952013032928,0.05814635696920993,False,sub-64,SD,eyesopen,75,0
TP8,0.09627071278835009,0.038525119826000626,False,sub-64,SD,eyesopen,75,0
TP10,0.1254355348511045,0.06406102478701632,False,sub-64,SD,eyesopen,75,0
P2,0.10168011740333956,0.050420852740158124,False,sub-64,SD,eyesopen,75,0
P4,0.09753669148533425,0.04967792465077779,False,sub-64,SD,eyesopen,75,0
P6,0.10408539318117468,0.05255613502837275,False,sub-64,SD,eyesopen,75,0
P8,0.11055788658534735,0.05460474548911578,False,sub-64,SD,eyesopen,75,0
POz,0.09669780047442447,0.04985909766396904,False,sub-64,SD,eyesopen,75,0
PO4,0.09533395408819235,0.047232390854051266,False,sub-64,SD,eyesopen,75,0
PO8,0.10181504618380587,0.04850916102985352,False,sub-64,SD,eyesopen,75,0
O2,0.09810282482959938,0.04236133107254845,False,sub-64,SD,eyesopen,75,0
Fp1,0.1250732559379905,0.0565965631987754,False,sub-65,SD,eyesopen,75,0
AF3,0.12038585875632253,0.05556134095423613,False,sub-65,SD,eyesopen,75,0
AF7,0.1203224923830053,0.05176685106842061,False,sub-65,SD,eyesopen,75,0
Fz,0.15196285571984808,0.08346181031242818,False,sub-65,SD,eyesopen,75,0
F1,0.1378148322235962,0.059824237852152726,False,sub-65,SD,eyesopen,75,0
F3,0.1410497008092554,0.05744096229514869,False,sub-65,SD,eyesopen,75,0
F5,0.1365071662575462,0.05162997864233616,False,sub-65,SD,eyesopen,75,0
F7,0.12825941824437018,0.054174839936702135,False,sub-65,SD,eyesopen,75,0
FC1,0.17746039445820141,0.05184398283589894,False,sub-65,SD,eyesopen,75,0
FC3,0.1703831508614259,0.051592303578143324,False,sub-65,SD,eyesopen,75,0
FC5,0.15339850632112442,0.04661395441452092,False,sub-65,SD,eyesopen,75,0
FT7,0.14700199877135026,0.05172498462158306,False,sub-65,SD,eyesopen,75,0
Cz,0.14925158611338132,0.06925510276245647,False,sub-65,SD,eyesopen,75,0
C1,0.1653655527643678,0.06178348561982901,False,sub-65,SD,eyesopen,75,0
C3,0.1667725767346011,0.059036788487986276,False,sub-65,SD,eyesopen,75,0
C5,0.16397175335042435,0.056548520004236096,False,sub-65,SD,eyesopen,75,0
T7,0.12949795083555488,0.04433709828640533,False,sub-65,SD,eyesopen,75,0
CP1,0.15066441181625098,0.05946843247954217,False,sub-65,SD,eyesopen,75,0
CP3,0.15249821815428577,0.05636570884102784,False,sub-65,SD,eyesopen,75,0
CP5,0.1552787836496218,0.05647297328183012,False,sub-65,SD,eyesopen,75,0
TP7,0.1593878650223863,0.061783495836678116,False,sub-65,SD,eyesopen,75,0
TP9,0.15060782522489394,0.058824632367288264,False,sub-65,SD,eyesopen,75,0
Pz,0.1463726019158013,0.07338655682061544,False,sub-65,SD,eyesopen,75,0
P1,0.14158913411796814,0.059067735882696364,False,sub-65,SD,eyesopen,75,0
P3,0.14676606120093497,0.062160217604795884,False,sub-65,SD,eyesopen,75,0
P5,0.14130000588204347,0.05859878674923597,False,sub-65,SD,eyesopen,75,0
P7,0.146002605816473,0.06231715509948868,False,sub-65,SD,eyesopen,75,0
PO3,0.15171446126270033,0.07914207404086815,False,sub-65,SD,eyesopen,75,0
PO7,0.14026678413169388,0.07084710081888668,False,sub-65,SD,eyesopen,75,0
Oz,0.15160686658061498,0.08695004073733044,False,sub-65,SD,eyesopen,75,0
O1,0.14247584226856047,0.07598152411476478,False,sub-65,SD,eyesopen,75,0
Fpz,0.13754633596263735,0.06281740300418648,False,sub-65,SD,eyesopen,75,0
Fp2,0.12690885679261327,0.05528691687289022,False,sub-65,SD,eyesopen,75,0
AF4,0.13447341013604386,0.06347654245729334,False,sub-65,SD,eyesopen,75,0
AF8,0.133722926806346,0.06047109314941555,False,sub-65,SD,eyesopen,75,0
F2,0.13511725638038946,0.0657562264150318,False,sub-65,SD,eyesopen,75,0
F4,0.12523168427120707,0.059194418799716014,False,sub-65,SD,eyesopen,75,0
F6,0.1285402779507921,0.05860854390402412,False,sub-65,SD,eyesopen,75,0
F8,0.15249576502575096,0.06258216854639678,False,sub-65,SD,eyesopen,75,0
FC2,0.14838507624121125,0.05802428384928692,False,sub-65,SD,eyesopen,75,0
FC4,0.16595437723714668,0.06318640653795932,False,sub-65,SD,eyesopen,75,0
FC6,0.1596962072122701,0.06058316835558165,False,sub-65,SD,eyesopen,75,0
FT8,0.16950203333493544,0.055637276091983316,False,sub-65,SD,eyesopen,75,0
C2,0.15646735726943173,0.06628529149143918,False,sub-65,SD,eyesopen,75,0
C4,0.16980472214641804,0.06651041021892146,False,sub-65,SD,eyesopen,75,0
C6,0.16013631016493315,0.06026756607610478,False,sub-65,SD,eyesopen,75,0
T8,0.15425000997270585,0.055456479114840716,False,sub-65,SD,eyesopen,75,0
CPz,0.1427328424898089,0.0643344359181013,False,sub-65,SD,eyesopen,75,0
CP2,0.14525520115629809,0.0652812859486184,False,sub-65,SD,eyesopen,75,0
CP4,0.15174171447439547,0.06000862178484801,False,sub-65,SD,eyesopen,75,0
CP6,0.1294136792699602,0.05210391865769273,False,sub-65,SD,eyesopen,75,0
TP8,0.13151735825693808,0.051350387202095414,False,sub-65,SD,eyesopen,75,0
TP10,0.15119520973459305,0.05945424590682975,False,sub-65,SD,eyesopen,75,0
P2,0.14346046040922053,0.07425231571332434,False,sub-65,SD,eyesopen,75,0
P4,0.14305914645557208,0.07648795490030352,False,sub-65,SD,eyesopen,75,0
P6,0.13626275537798768,0.07164429361745725,False,sub-65,SD,eyesopen,75,0
P8,0.1297786408896319,0.06065935361448553,False,sub-65,SD,eyesopen,75,0
POz,0.1647115983222149,0.09672217352592898,False,sub-65,SD,eyesopen,75,0
PO4,0.15435085205459542,0.09564656298115827,False,sub-65,SD,eyesopen,75,0
PO8,0.12801756481134427,0.07507907490487538,False,sub-65,SD,eyesopen,75,0
O2,0.14537824558508922,0.08610365663861021,False,sub-65,SD,eyesopen,75,0
Fp1,0.09755570499174687,0.042953537801473214,False,sub-65,NS,eyesopen,59,0
AF3,0.1293770867958337,0.0526197563262645,False,sub-65,NS,eyesopen,59,0
AF7,0.09648866702733201,0.036360432169671004,False,sub-65,NS,eyesopen,59,0
Fz,0.1680806634473221,0.07749474374872732,False,sub-65,NS,eyesopen,59,0
F1,0.1706663379225603,0.06587871764143434,False,sub-65,NS,eyesopen,59,0
F3,0.1569628385578052,0.05882393682443038,False,sub-65,NS,eyesopen,59,0
F5,0.1346111960467558,0.05108224262640031,False,sub-65,NS,eyesopen,59,0
F7,0.1535305466509645,0.059471258159709287,False,sub-65,NS,eyesopen,59,0
FC1,0.17945063504631176,0.05695519342967871,False,sub-65,NS,eyesopen,59,0
FC3,0.1832690842330657,0.0663916533722834,False,sub-65,NS,eyesopen,59,0
FC5,0.17119321132548015,0.06868984007060693,False,sub-65,NS,eyesopen,59,0
FT7,0.17800198290061228,0.07427045335741793,False,sub-65,NS,eyesopen,59,0
Cz,0.15629537872798732,0.07341740130189302,False,sub-65,NS,eyesopen,59,0
C1,0.16792064263296838,0.06791967631118113,False,sub-65,NS,eyesopen,59,0
C3,0.1790279980147971,0.07196176560289526,False,sub-65,NS,eyesopen,59,0
C5,0.17607212592974555,0.07105227610952983,False,sub-65,NS,eyesopen,59,0
T7,0.16784386570395962,0.07369191047186319,False,sub-65,NS,eyesopen,59,0
CP1,0.1413591173100442,0.06503120133940174,False,sub-65,NS,eyesopen,59,0
CP3,0.15626630570311478,0.06566178267312005,False,sub-65,NS,eyesopen,59,0
CP5,0.16629081674121596,0.06804314954059006,False,sub-65,NS,eyesopen,59,0
TP7,0.16912925319614827,0.06738821298885816,False,sub-65,NS,eyesopen,59,0
TP9,0.179052988605356,0.07304475017847965,False,sub-65,NS,eyesopen,59,0
Pz,0.11963721339292178,0.06115070920096621,False,sub-65,NS,eyesopen,59,0
P1,0.12706428559675167,0.06066695457287852,False,sub-65,NS,eyesopen,59,0
P3,0.13239356215590276,0.057926874871454856,False,sub-65,NS,eyesopen,59,0
P5,0.14716678180734397,0.061266371416012905,False,sub-65,NS,eyesopen,59,0
P7,0.1704676066243558,0.06703831320183043,False,sub-65,NS,eyesopen,59,0
PO3,0.13848763332825642,0.06030048450334139,False,sub-65,NS,eyesopen,59,0
PO7,0.1636389395738,0.06405994733215238,False,sub-65,NS,eyesopen,59,0
Oz,0.14990924032964048,0.06208571011256968,False,sub-65,NS,eyesopen,59,0
O1,0.13835746962247006,0.05984098722749049,False,sub-65,NS,eyesopen,59,0
Fpz,0.11288675500438325,0.047524940717719434,False,sub-65,NS,eyesopen,59,0
Fp2,0.10514015587780366,0.0400908169715152,False,sub-65,NS,eyesopen,59,0
AF4,0.12086613505925616,0.043027680456754994,False,sub-65,NS,eyesopen,59,0
AF8,0.10171595664142037,0.041574474236835066,False,sub-65,NS,eyesopen,59,0
F2,0.14309992444922157,0.05759620655838284,False,sub-65,NS,eyesopen,59,0
F4,0.1350746112321256,0.0480983136928023,False,sub-65,NS,eyesopen,59,0
F6,0.1383983542317143,0.05236413127694908,False,sub-65,NS,eyesopen,59,0
F8,0.15886168231838133,0.06610994717779524,False,sub-65,NS,eyesopen,59,0
FC2,0.17248611309368778,0.05079667777769274,False,sub-65,NS,eyesopen,59,0
FC4,0.17377225414907826,0.06748453533554431,False,sub-65,NS,eyesopen,59,0
FC6,0.17169060077865128,0.07109146036420859,False,sub-65,NS,eyesopen,59,0
FT8,0.17409945606628102,0.07133874622833898,False,sub-65,NS,eyesopen,59,0
C2,0.18070874613014182,0.07468575313054476,False,sub-65,NS,eyesopen,59,0
C4,0.1785415151500449,0.07121576682335637,False,sub-65,NS,eyesopen,59,0
C6,0.17386394836309293,0.07065249254828285,False,sub-65,NS,eyesopen,59,0
T8,0.16669872219927553,0.06750437254440142,False,sub-65,NS,eyesopen,59,0
CPz,0.138964054967147,0.06910722816056887,False,sub-65,NS,eyesopen,59,0
CP2,0.14826088649648891,0.07115433954536982,False,sub-65,NS,eyesopen,59,0
CP4,0.15125833301539024,0.06807394033073709,False,sub-65,NS,eyesopen,59,0
CP6,0.15461185240275013,0.06728400858507513,False,sub-65,NS,eyesopen,59,0
TP8,0.15928945122420032,0.06447061601771262,False,sub-65,NS,eyesopen,59,0
TP10,0.17729439921937307,0.06914038526107474,False,sub-65,NS,eyesopen,59,0
P2,0.12366574772395572,0.06597270988361253,False,sub-65,NS,eyesopen,59,0
P4,0.12378668853627928,0.06432386110474608,False,sub-65,NS,eyesopen,59,0
P6,0.1306132315924091,0.06593034016715804,False,sub-65,NS,eyesopen,59,0
P8,0.15096311944011623,0.06893909160316186,False,sub-65,NS,eyesopen,59,0
POz,0.1291983056417949,0.06290924257378316,False,sub-65,NS,eyesopen,59,0
PO4,0.13354911835736613,0.06703583613295898,False,sub-65,NS,eyesopen,59,0
PO8,0.14780240724573224,0.06889629358628219,False,sub-65,NS,eyesopen,59,0
O2,0.1525730591626069,0.066121850235574,False,sub-65,NS,eyesopen,59,0
Fp1,0.14628668139372522,0.06252790296613489,False,sub-66,NS,eyesopen,75,0
AF3,0.1699503950048498,0.07298586044252067,False,sub-66,NS,eyesopen,75,0
AF7,0.10641022411808412,0.05724198234380778,False,sub-66,NS,eyesopen,75,0
Fz,0.18885784144235523,0.0698429741654066,False,sub-66,NS,eyesopen,75,0
F1,0.1870875059572533,0.07755137213498398,False,sub-66,NS,eyesopen,75,0
F3,0.18143372597581778,0.07101320282746772,False,sub-66,NS,eyesopen,75,0
F5,0.1594031781556793,0.06538983008223136,False,sub-66,NS,eyesopen,75,0
F7,0.16937697777298213,0.07774246947030819,False,sub-66,NS,eyesopen,75,0
FC1,0.1951728043188601,0.06634968268173926,False,sub-66,NS,eyesopen,75,0
FC3,0.18122855969204535,0.06930899416281068,False,sub-66,NS,eyesopen,75,0
FC5,0.1778163625443516,0.07116860380309406,False,sub-66,NS,eyesopen,75,0
FT7,0.1909014317247481,0.07172626162511894,False,sub-66,NS,eyesopen,75,0
Cz,0.1626681970909126,0.06781697184419895,False,sub-66,NS,eyesopen,75,0
C1,0.15710660711961164,0.08433105725216129,False,sub-66,NS,eyesopen,75,0
C3,0.17325228337509194,0.09690729161144225,False,sub-66,NS,eyesopen,75,0
C5,0.17180518479018334,0.07572915405037342,False,sub-66,NS,eyesopen,75,0
T7,0.18534459180162163,0.0727349570930253,False,sub-66,NS,eyesopen,75,0
CP1,0.14147006406797047,0.06789186740145489,False,sub-66,NS,eyesopen,75,0
CP3,0.15263283076256717,0.07539231328293086,False,sub-66,NS,eyesopen,75,0
CP5,0.18011225167691117,0.0790843623956407,False,sub-66,NS,eyesopen,75,0
TP7,0.20576129530603726,0.081320280499832,False,sub-66,NS,eyesopen,75,0
TP9,0.21157571788060636,0.0798549647749962,False,sub-66,NS,eyesopen,75,0
Pz,0.12883403216396586,0.05211262119943523,False,sub-66,NS,eyesopen,75,0
P1,0.12295434612665242,0.04978371058430246,False,sub-66,NS,eyesopen,75,0
P3,0.1422680022024592,0.057469582953889625,False,sub-66,NS,eyesopen,75,0
P5,0.17596629086504792,0.07144026853556823,False,sub-66,NS,eyesopen,75,0
P7,0.22160240761367167,0.09232130368339542,False,sub-66,NS,eyesopen,75,0
PO3,0.1392442556075871,0.053906978825764944,False,sub-66,NS,eyesopen,75,0
PO7,0.18312009194762452,0.07765971198226249,False,sub-66,NS,eyesopen,75,0
Oz,0.15769198775100093,0.061784559115198666,False,sub-66,NS,eyesopen,75,0
O1,0.15974915389390051,0.0649168321083552,False,sub-66,NS,eyesopen,75,0
Fpz,0.17086415502867447,0.0755968376952844,False,sub-66,NS,eyesopen,75,0
Fp2,0.15800474698970784,0.07253999629856882,False,sub-66,NS,eyesopen,75,0
AF4,0.17568839748262483,0.07626892241990069,False,sub-66,NS,eyesopen,75,0
AF8,0.1075968246892213,0.04362107639958343,False,sub-66,NS,eyesopen,75,0
F2,0.1872025334872039,0.06998820831233658,False,sub-66,NS,eyesopen,75,0
F4,0.1885090183581185,0.07402094124385881,False,sub-66,NS,eyesopen,75,0
F6,0.17504581475105588,0.07136301713147124,False,sub-66,NS,eyesopen,75,0
F8,0.170195047814608,0.07969109515332451,False,sub-66,NS,eyesopen,75,0
FC2,0.16678395058397233,0.060362483747181346,False,sub-66,NS,eyesopen,75,0
FC4,0.18344380405990277,0.07211057818613159,False,sub-66,NS,eyesopen,75,0
FC6,0.1843280565144518,0.07674994922671377,False,sub-66,NS,eyesopen,75,0
FT8,0.19166420987917532,0.07946058387382712,False,sub-66,NS,eyesopen,75,0
C2,0.14842267339036555,0.055814585422548704,False,sub-66,NS,eyesopen,75,0
C4,0.13861893432386657,0.05887535480842877,False,sub-66,NS,eyesopen,75,0
C6,0.16095932953226558,0.06393384708310985,False,sub-66,NS,eyesopen,75,0
T8,0.17564560390238923,0.06800069199412287,False,sub-66,NS,eyesopen,75,0
CPz,0.12448879223752465,0.06720495827328211,False,sub-66,NS,eyesopen,75,0
CP2,0.13859231903336824,0.054489351796599854,False,sub-66,NS,eyesopen,75,0
CP4,0.13741566081230397,0.05681198205924463,False,sub-66,NS,eyesopen,75,0
CP6,0.15081710737717588,0.06144580601221163,False,sub-66,NS,eyesopen,75,0
TP8,0.15678578892270836,0.06282912807592748,False,sub-66,NS,eyesopen,75,0
TP10,0.15866568704937206,0.05874661694940142,False,sub-66,NS,eyesopen,75,0
P2,0.13101249340500815,0.05177858628645597,False,sub-66,NS,eyesopen,75,0
P4,0.13888488970935356,0.05387369824274941,False,sub-66,NS,eyesopen,75,0
P6,0.15148964844480878,0.05856625817551328,False,sub-66,NS,eyesopen,75,0
P8,0.1633529820575579,0.06291861101695218,False,sub-66,NS,eyesopen,75,0
POz,0.13733889861385198,0.0552673698116657,False,sub-66,NS,eyesopen,75,0
PO4,0.1395503774499904,0.05266220399820218,False,sub-66,NS,eyesopen,75,0
PO8,0.15383249446422764,0.06284123951133627,False,sub-66,NS,eyesopen,75,0
O2,0.1516625276333011,0.06336379771552236,False,sub-66,NS,eyesopen,75,0
Fp1,0.2092704488392909,0.15576352600380297,False,sub-66,SD,eyesopen,75,0
Fp2,0.20238343266051523,0.14464403468760445,False,sub-66,SD,eyesopen,75,0
F3,0.24404134181223677,0.1391728744503089,False,sub-66,SD,eyesopen,75,0
F4,0.2502436612600245,0.1287726988870641,False,sub-66,SD,eyesopen,75,0
C3,0.2478011362819142,0.11550674441746209,False,sub-66,SD,eyesopen,75,0
C4,0.2086064377610361,0.11819671571792635,False,sub-66,SD,eyesopen,75,0
P3,0.22671600718918142,0.11061945364404548,False,sub-66,SD,eyesopen,75,0
P4,0.21986780612271437,0.116100845429062,False,sub-66,SD,eyesopen,75,0
O1,0.20674133075523735,0.10682269938442723,False,sub-66,SD,eyesopen,75,0
O2,0.19459830243115883,0.10237219304333581,False,sub-66,SD,eyesopen,75,0
F7,0.22007190825497105,0.1283667360906033,False,sub-66,SD,eyesopen,75,0
F8,0.22621830480054897,0.11437111460655293,False,sub-66,SD,eyesopen,75,0
T7,0.2594135513184254,0.10593296037842007,False,sub-66,SD,eyesopen,75,0
T8,0.22551720199637346,0.10056001443272687,False,sub-66,SD,eyesopen,75,0
P7,0.2553260674239292,0.11773723069489264,False,sub-66,SD,eyesopen,75,0
P8,0.2156532228109778,0.1064633301872874,False,sub-66,SD,eyesopen,75,0
Fz,0.2645570455008999,0.15022229077446828,False,sub-66,SD,eyesopen,75,0
Cz,0.25092609265145693,0.12627044441806276,False,sub-66,SD,eyesopen,75,0
Pz,0.2184918614850587,0.11337367964945172,False,sub-66,SD,eyesopen,75,0
Oz,0.20149580594031466,0.11012658742175552,False,sub-66,SD,eyesopen,75,0
FC1,0.25615757760658836,0.11580761053434344,False,sub-66,SD,eyesopen,75,0
FC2,0.2023700870414559,0.09676093243267596,False,sub-66,SD,eyesopen,75,0
CP1,0.23135588805900953,0.10627723608468079,False,sub-66,SD,eyesopen,75,0
CP2,0.22824465535656377,0.12354039341959187,False,sub-66,SD,eyesopen,75,0
FC5,0.25650433914936543,0.11761776755704047,False,sub-66,SD,eyesopen,75,0
FC6,0.22052646999395256,0.10965584310556746,False,sub-66,SD,eyesopen,75,0
CP5,0.2549166915128795,0.11006165402620467,False,sub-66,SD,eyesopen,75,0
CP6,0.21895122094935668,0.10859435741520257,False,sub-66,SD,eyesopen,75,0
TP9,0.22650350144585527,0.11550099912282012,False,sub-66,SD,eyesopen,75,0
TP10,0.2169412028923721,0.10560121509952636,False,sub-66,SD,eyesopen,75,0
POz,0.23024054793880439,0.1245416434279564,False,sub-66,SD,eyesopen,75,0
F1,0.24991545274735302,0.1431539087090571,False,sub-66,SD,eyesopen,75,0
F2,0.26140330767714254,0.1459188656714254,False,sub-66,SD,eyesopen,75,0
C1,0.2459552976411507,0.11055555316672445,False,sub-66,SD,eyesopen,75,0
C2,0.22720027375434856,0.1249091662968562,False,sub-66,SD,eyesopen,75,0
P1,0.22433777789057818,0.1136047327712923,False,sub-66,SD,eyesopen,75,0
P2,0.2281601707848879,0.12052150976005908,False,sub-66,SD,eyesopen,75,0
AF3,0.23358835491150315,0.15585835614060747,False,sub-66,SD,eyesopen,75,0
AF4,0.23380154816742205,0.14910173902870213,False,sub-66,SD,eyesopen,75,0
FC3,0.2618318986217353,0.12075775011300915,False,sub-66,SD,eyesopen,75,0
FC4,0.2269752631825871,0.11845561627539847,False,sub-66,SD,eyesopen,75,0
CP3,0.2429381559555449,0.1109907730414117,False,sub-66,SD,eyesopen,75,0
CP4,0.21219690420703982,0.10751417450779734,False,sub-66,SD,eyesopen,75,0
PO3,0.2164969125512437,0.10991289424753976,False,sub-66,SD,eyesopen,75,0
PO4,0.22339042691746017,0.11718582097339353,False,sub-66,SD,eyesopen,75,0
F5,0.2349966399797417,0.13719814672882416,False,sub-66,SD,eyesopen,75,0
F6,0.235394173853185,0.1182375096409389,False,sub-66,SD,eyesopen,75,0
C5,0.26339290775333735,0.11355633866993296,False,sub-66,SD,eyesopen,75,0
C6,0.20944977578803325,0.10500770257961008,False,sub-66,SD,eyesopen,75,0
P5,0.238532263251499,0.11254792822334157,False,sub-66,SD,eyesopen,75,0
P6,0.21548160633400643,0.10740754098825414,False,sub-66,SD,eyesopen,75,0
AF7,0.203011438283359,0.14653892532820528,False,sub-66,SD,eyesopen,75,0
AF8,0.20496192443331696,0.13784918767782306,False,sub-66,SD,eyesopen,75,0
FT7,0.253290281733529,0.11564418365787736,False,sub-66,SD,eyesopen,75,0
FT8,0.22441321243153386,0.09876156182550198,False,sub-66,SD,eyesopen,75,0
TP7,0.25205219504168297,0.11150995130786634,False,sub-66,SD,eyesopen,75,0
TP8,0.2223994316101999,0.10330820702510463,False,sub-66,SD,eyesopen,75,0
PO7,0.20657324911895722,0.1064545840839406,False,sub-66,SD,eyesopen,75,0
PO8,0.20858048677581664,0.10710479311623892,False,sub-66,SD,eyesopen,75,0
Fpz,0.22133243623587476,0.16034991060060436,False,sub-66,SD,eyesopen,75,0
CPz,0.2380211778705686,0.12079300121321267,False,sub-66,SD,eyesopen,75,0
Fp1,0.10027638272841112,0.04786684486330268,False,sub-67,SD,eyesopen,75,0
Fp2,0.11006980210594869,0.055769297409977395,False,sub-67,SD,eyesopen,75,0
F3,0.10522390507926946,0.04906313871933438,False,sub-67,SD,eyesopen,75,0
F4,0.12745937815837358,0.06477473975642373,False,sub-67,SD,eyesopen,75,0
C3,0.13018982294615625,0.06654628016047792,False,sub-67,SD,eyesopen,75,0
C4,0.13040724053497266,0.054637655426150025,False,sub-67,SD,eyesopen,75,0
P3,0.1272019256417325,0.05133997872571479,False,sub-67,SD,eyesopen,75,0
P4,0.12887306817851724,0.05820634260748211,False,sub-67,SD,eyesopen,75,0
O1,0.20450067391295737,0.0728820927683828,False,sub-67,SD,eyesopen,75,0
O2,0.18349706533647311,0.06510034500323146,False,sub-67,SD,eyesopen,75,0
F7,0.17720629787878772,0.06657935180821817,False,sub-67,SD,eyesopen,75,0
F8,0.18635896599617424,0.0734059574497123,False,sub-67,SD,eyesopen,75,0
T7,0.1347144046346459,0.05727645625284772,False,sub-67,SD,eyesopen,75,0
T8,0.15750391063771474,0.05956010380457523,False,sub-67,SD,eyesopen,75,0
P7,0.18912858478024622,0.06418000791470724,False,sub-67,SD,eyesopen,75,0
P8,0.1900076744243906,0.06931549914784073,False,sub-67,SD,eyesopen,75,0
Fz,0.1935665687396196,0.07336254147402708,False,sub-67,SD,eyesopen,75,0
Cz,0.13936583912220604,0.05588894467550429,False,sub-67,SD,eyesopen,75,0
Pz,0.15287049742556577,0.0568516284649455,False,sub-67,SD,eyesopen,75,0
Oz,0.1735148477994101,0.0614878702192236,False,sub-67,SD,eyesopen,75,0
FC1,0.15723232644798726,0.057757214534651415,False,sub-67,SD,eyesopen,75,0
FC2,0.14219567326433538,0.05543173790864851,False,sub-67,SD,eyesopen,75,0
CP1,0.1259779245190165,0.0560236857000167,False,sub-67,SD,eyesopen,75,0
CP2,0.12760481558239278,0.05101217001856555,False,sub-67,SD,eyesopen,75,0
FC5,0.13794591758711833,0.05125162630013895,False,sub-67,SD,eyesopen,75,0
FC6,0.16083948705800302,0.052857565528253006,False,sub-67,SD,eyesopen,75,0
CP5,0.1613378096509126,0.05844010665257306,False,sub-67,SD,eyesopen,75,0
CP6,0.12263386043068877,0.043326155852982134,False,sub-67,SD,eyesopen,75,0
TP9,0.15282075873445197,0.05892032163988893,False,sub-67,SD,eyesopen,75,0
TP10,0.1322709866451307,0.05796635486301719,False,sub-67,SD,eyesopen,75,0
POz,0.1332933895435959,0.05537664866308331,False,sub-67,SD,eyesopen,75,0
F1,0.09933579265498546,0.04794622552506747,False,sub-67,SD,eyesopen,75,0
F2,0.09542032925201632,0.044618264883338726,False,sub-67,SD,eyesopen,75,0
C1,0.10435411489563513,0.04984589670065256,False,sub-67,SD,eyesopen,75,0
C2,0.10224760482988259,0.0482680099037453,False,sub-67,SD,eyesopen,75,0
P1,0.1255540732393531,0.05901676454617401,False,sub-67,SD,eyesopen,75,0
P2,0.12938814949223096,0.05824418607187829,False,sub-67,SD,eyesopen,75,0
AF3,0.14319689123237422,0.06258597821490085,False,sub-67,SD,eyesopen,75,0
AF4,0.15515400815510627,0.07103736312653355,False,sub-67,SD,eyesopen,75,0
FC3,0.20821721572016086,0.07339265320099594,False,sub-67,SD,eyesopen,75,0
FC4,0.20248002749955735,0.07303179320909953,False,sub-67,SD,eyesopen,75,0
CP3,0.19717797897282735,0.075908935207082,False,sub-67,SD,eyesopen,75,0
CP4,0.22742494147820613,0.09155263342542638,False,sub-67,SD,eyesopen,75,0
PO3,0.15674402875143773,0.06008980892481406,False,sub-67,SD,eyesopen,75,0
PO4,0.18178206013904488,0.06604941983100415,False,sub-67,SD,eyesopen,75,0
F5,0.1964505378673941,0.07562393490866211,False,sub-67,SD,eyesopen,75,0
F6,0.1659124543475654,0.07440076327446464,False,sub-67,SD,eyesopen,75,0
C5,0.13255425141279284,0.05727425239456047,False,sub-67,SD,eyesopen,75,0
C6,0.13531374163974874,0.056312020069593904,False,sub-67,SD,eyesopen,75,0
P5,0.14665923276262555,0.05422284122584918,False,sub-67,SD,eyesopen,75,0
P6,0.16402590271242412,0.060499015065908116,False,sub-67,SD,eyesopen,75,0
AF7,0.17091082523617837,0.06600891010883429,False,sub-67,SD,eyesopen,75,0
AF8,0.15891769078670298,0.06956008805499844,False,sub-67,SD,eyesopen,75,0
FT7,0.11985486218309416,0.05220422446531915,False,sub-67,SD,eyesopen,75,0
FT8,0.12901673618100706,0.053369188041979446,False,sub-67,SD,eyesopen,75,0
TP7,0.1473471771819885,0.05709681052749235,False,sub-67,SD,eyesopen,75,0
TP8,0.16094238649974502,0.06523724891583049,False,sub-67,SD,eyesopen,75,0
PO7,0.12237793012656885,0.04914354184977423,False,sub-67,SD,eyesopen,75,0
PO8,0.12238939305318763,0.05111065644506133,False,sub-67,SD,eyesopen,75,0
Fpz,0.13914358358627585,0.0582257426434425,False,sub-67,SD,eyesopen,75,0
CPz,0.1347002955246526,0.059838014458678326,False,sub-67,SD,eyesopen,75,0
Fp1,0.08990771660324355,0.07417919853104822,False,sub-67,NS,eyesopen,75,0
AF3,0.09767751502939089,0.06638261100039292,False,sub-67,NS,eyesopen,75,0
AF7,0.13297372353950968,0.10960056111799019,False,sub-67,NS,eyesopen,75,0
Fz,0.15308570174240546,0.09061820854299615,False,sub-67,NS,eyesopen,75,0
F1,0.15878640349250334,0.09410048895578893,False,sub-67,NS,eyesopen,75,0
F3,0.15248256516819694,0.0862800689382443,False,sub-67,NS,eyesopen,75,0
F5,0.1576289091106111,0.08972457725868013,False,sub-67,NS,eyesopen,75,0
F7,0.18255763334916975,0.11192453601101968,False,sub-67,NS,eyesopen,75,0
FC1,0.1894216241388709,0.07468143794356007,False,sub-67,NS,eyesopen,75,0
FC3,0.20553041997347687,0.07768545028046644,False,sub-67,NS,eyesopen,75,0
FC5,0.18764783167701743,0.09403863438244006,False,sub-67,NS,eyesopen,75,0
FT7,0.21014365030828933,0.08734545160554309,False,sub-67,NS,eyesopen,75,0
Cz,0.15359804977456287,0.07815477398399892,False,sub-67,NS,eyesopen,75,0
C1,0.1725626664492433,0.07222633762485339,False,sub-67,NS,eyesopen,75,0
C3,0.20207299484194832,0.07991103741889723,False,sub-67,NS,eyesopen,75,0
C5,0.20834584899387762,0.07532124954261618,False,sub-67,NS,eyesopen,75,0
T7,0.2162967945777241,0.08109962012090524,False,sub-67,NS,eyesopen,75,0
CP1,0.17057063236963624,0.07813080820380991,False,sub-67,NS,eyesopen,75,0
CP3,0.19471200021263657,0.08021044893456017,False,sub-67,NS,eyesopen,75,0
CP5,0.2104350451844611,0.08568679620938097,False,sub-67,NS,eyesopen,75,0
TP7,0.21646269161237675,0.08123275576712716,False,sub-67,NS,eyesopen,75,0
TP9,0.1708487617594388,0.07247771366485169,False,sub-67,NS,eyesopen,75,0
Pz,0.16652755855609155,0.07455521217560619,False,sub-67,NS,eyesopen,75,0
P1,0.16756624314217583,0.07109034695625563,False,sub-67,NS,eyesopen,75,0
P3,0.18647980523603627,0.07552938302583376,False,sub-67,NS,eyesopen,75,0
P5,0.21667058222445548,0.08780103482525901,False,sub-67,NS,eyesopen,75,0
P7,0.2281372881433463,0.08875042596449938,False,sub-67,NS,eyesopen,75,0
PO3,0.1836941935966561,0.07986684937174005,False,sub-67,NS,eyesopen,75,0
PO7,0.20869642659770682,0.09157370877164368,False,sub-67,NS,eyesopen,75,0
Oz,0.1848281178238895,0.09018824643165044,False,sub-67,NS,eyesopen,75,0
O1,0.19824485436074168,0.09364199598133519,False,sub-67,NS,eyesopen,75,0
Fpz,0.10213451340692174,0.08346219906758978,False,sub-67,NS,eyesopen,75,0
Fp2,0.08380610856437208,0.06252700011894413,False,sub-67,NS,eyesopen,75,0
AF4,0.1085537782259167,0.07418559146789769,False,sub-67,NS,eyesopen,75,0
AF8,0.10755857358660587,0.0788799537848879,False,sub-67,NS,eyesopen,75,0
F2,0.16417596803059464,0.09059718495953507,False,sub-67,NS,eyesopen,75,0
F4,0.12869340149603165,0.06972052295870432,False,sub-67,NS,eyesopen,75,0
F6,0.12576769184071412,0.07692925080479442,False,sub-67,NS,eyesopen,75,0
F8,0.16530761354883008,0.09981091712433464,False,sub-67,NS,eyesopen,75,0
FC2,0.20434300848724143,0.06809666127475199,False,sub-67,NS,eyesopen,75,0
FC4,0.2082846698438741,0.07535974194780555,False,sub-67,NS,eyesopen,75,0
FC6,0.12470452865347298,0.061808001932833805,False,sub-67,NS,eyesopen,75,0
FT8,0.1958186851754159,0.0881156180320008,False,sub-67,NS,eyesopen,75,0
C2,0.1876094847476102,0.08587639439641337,False,sub-67,NS,eyesopen,75,0
C4,0.2067143052730512,0.08725233299094502,False,sub-67,NS,eyesopen,75,0
C6,0.1835058235206206,0.08090320975087173,False,sub-67,NS,eyesopen,75,0
T8,0.17197364698486212,0.08157662857980565,False,sub-67,NS,eyesopen,75,0
CPz,0.1664047979803164,0.07885382990171395,False,sub-67,NS,eyesopen,75,0
CP2,0.17335985183527158,0.0821028786333552,False,sub-67,NS,eyesopen,75,0
CP4,0.19313584914423682,0.08759073352047635,False,sub-67,NS,eyesopen,75,0
CP6,0.20903811328989608,0.08930497900468873,False,sub-67,NS,eyesopen,75,0
TP8,0.209328403347301,0.08614965361649814,False,sub-67,NS,eyesopen,75,0
TP10,0.19980484167857804,0.09985508413321659,False,sub-67,NS,eyesopen,75,0
P2,0.16510222875895983,0.07653503364750537,False,sub-67,NS,eyesopen,75,0
P4,0.1814977547808366,0.08308804242339579,False,sub-67,NS,eyesopen,75,0
P6,0.20171915652807898,0.08610164643043709,False,sub-67,NS,eyesopen,75,0
P8,0.20504594719100525,0.08606449245211902,False,sub-67,NS,eyesopen,75,0
POz,0.1639403426061782,0.0725728429853371,False,sub-67,NS,eyesopen,75,0
PO4,0.17485155404683556,0.08033791158407491,False,sub-67,NS,eyesopen,75,0
PO8,0.2006403830125377,0.08993810249037436,False,sub-67,NS,eyesopen,75,0
O2,0.18070942955360592,0.0860749295955835,False,sub-67,NS,eyesopen,75,0
Fp1,0.08334446560548231,0.07959760397728746,False,sub-68,SD,eyesopen,75,0
AF3,0.11425703869874645,0.08362644070804946,False,sub-68,SD,eyesopen,75,0
AF7,0.1421464708757207,0.08801802358144399,False,sub-68,SD,eyesopen,75,0
Fz,0.17334434109524446,0.08592404991791748,False,sub-68,SD,eyesopen,75,0
F1,0.19799532447281654,0.08624660398518712,False,sub-68,SD,eyesopen,75,0
F3,0.19919366801448157,0.0775304854744164,False,sub-68,SD,eyesopen,75,0
F5,0.2024754886818741,0.07456918357360992,False,sub-68,SD,eyesopen,75,0
F7,0.220239108140499,0.06945419419513751,False,sub-68,SD,eyesopen,75,0
FC1,0.1650023471682196,0.04474397716300298,False,sub-68,SD,eyesopen,75,0
FC3,0.1471207788454165,0.03858635004633533,False,sub-68,SD,eyesopen,75,0
FC5,0.17930059731124348,0.05020034887169521,False,sub-68,SD,eyesopen,75,0
FT7,0.19618933374463046,0.05811192215203442,False,sub-68,SD,eyesopen,75,0
Cz,0.13679128922681486,0.05070044565753453,False,sub-68,SD,eyesopen,75,0
C1,0.11806222457174895,0.045597120004555396,False,sub-68,SD,eyesopen,75,0
C3,0.1109464525202244,0.03682220017821955,False,sub-68,SD,eyesopen,75,0
C5,0.1502848063598656,0.04466213403460963,False,sub-68,SD,eyesopen,75,0
T7,0.10890067904226948,0.04303203418645338,False,sub-68,SD,eyesopen,75,0
CP1,0.10726552304617028,0.04267261646473923,False,sub-68,SD,eyesopen,75,0
CP3,0.11420334379780551,0.044627291612482724,False,sub-68,SD,eyesopen,75,0
CP5,0.1512344797358648,0.05467463526838573,False,sub-68,SD,eyesopen,75,0
TP7,0.1665588553376772,0.05922217154788546,False,sub-68,SD,eyesopen,75,0
TP9,0.17335771281441134,0.06819406594127998,False,sub-68,SD,eyesopen,75,0
Pz,0.10541568496379898,0.04273418867271007,False,sub-68,SD,eyesopen,75,0
P1,0.10527698914879152,0.04304543424592666,False,sub-68,SD,eyesopen,75,0
P3,0.10950166011667295,0.04912296062885182,False,sub-68,SD,eyesopen,75,0
P5,0.13540602364411955,0.058470741292168796,False,sub-68,SD,eyesopen,75,0
P7,0.20521654837874967,0.08221572181108214,False,sub-68,SD,eyesopen,75,0
PO3,0.12385651819430504,0.05931756092082528,False,sub-68,SD,eyesopen,75,0
PO7,0.1631698839064139,0.07258577894717488,False,sub-68,SD,eyesopen,75,0
Oz,0.13955215356738526,0.0590647349764133,False,sub-68,SD,eyesopen,75,0
O1,0.14914776122191725,0.06601305745767409,False,sub-68,SD,eyesopen,75,0
Fpz,0.0917805059835036,0.07920110404837065,False,sub-68,SD,eyesopen,75,0
Fp2,0.08512886292447842,0.07780946647982331,False,sub-68,SD,eyesopen,75,0
AF4,0.11355957477655544,0.08120556142812263,False,sub-68,SD,eyesopen,75,0
AF8,0.1111680677371622,0.07599359349518986,False,sub-68,SD,eyesopen,75,0
F2,0.17677238292499478,0.08113146098488346,False,sub-68,SD,eyesopen,75,0
F4,0.1600244956468332,0.07306601760729975,False,sub-68,SD,eyesopen,75,0
F6,0.1530085658750291,0.0652056758458635,False,sub-68,SD,eyesopen,75,0
F8,0.17378620968439304,0.06711081431321461,False,sub-68,SD,eyesopen,75,0
FC2,0.21170917564702624,0.06330960286945606,False,sub-68,SD,eyesopen,75,0
FC4,0.14461472144919055,0.0475103987022031,False,sub-68,SD,eyesopen,75,0
FC6,0.11111963243160526,0.040194972574849414,False,sub-68,SD,eyesopen,75,0
FT8,0.16749876386144913,0.05489344469992036,False,sub-68,SD,eyesopen,75,0
C2,0.11173873343474158,0.03889401763696418,False,sub-68,SD,eyesopen,75,0
C4,0.10085240028625247,0.03720690111014208,False,sub-68,SD,eyesopen,75,0
C6,0.13103733477114293,0.046926267101342796,False,sub-68,SD,eyesopen,75,0
T8,0.1564731039363149,0.05190098493122848,False,sub-68,SD,eyesopen,75,0
CPz,0.10907454810681841,0.042347800062200125,False,sub-68,SD,eyesopen,75,0
CP2,0.10023203791979579,0.040704862463885105,False,sub-68,SD,eyesopen,75,0
CP4,0.10440956426080057,0.040216903725871035,False,sub-68,SD,eyesopen,75,0
CP6,0.12423115326971972,0.04722115163257557,False,sub-68,SD,eyesopen,75,0
TP8,0.15637890104046184,0.05317845725526484,False,sub-68,SD,eyesopen,75,0
TP10,0.16612545084056857,0.06076246891555618,False,sub-68,SD,eyesopen,75,0
P2,0.09722148531696312,0.04276287449801267,False,sub-68,SD,eyesopen,75,0
P4,0.10120883525111397,0.046648031401524855,False,sub-68,SD,eyesopen,75,0
P6,0.11697471628313055,0.049940248780056214,False,sub-68,SD,eyesopen,75,0
P8,0.14464834384762304,0.051631302665193994,False,sub-68,SD,eyesopen,75,0
POz,0.11233601621816604,0.050267804687692506,False,sub-68,SD,eyesopen,75,0
PO4,0.11351240708549631,0.051037008690834294,False,sub-68,SD,eyesopen,75,0
PO8,0.13492273335758545,0.05397130540253938,False,sub-68,SD,eyesopen,75,0
O2,0.13391031769386696,0.05427223747469636,False,sub-68,SD,eyesopen,75,0
Fp1,0.06726770827037404,0.06644303330560127,False,sub-68,NS,eyesopen,75,0
Fp2,0.06868337420801342,0.06059021483816734,False,sub-68,NS,eyesopen,75,0
F3,0.1734663152818711,0.07719236417766089,False,sub-68,NS,eyesopen,75,0
F4,0.145651450930835,0.07737156090947463,False,sub-68,NS,eyesopen,75,0
C3,0.13686384842872515,0.07682939250590086,False,sub-68,NS,eyesopen,75,0
C4,0.12079348633340657,0.071762376938776,False,sub-68,NS,eyesopen,75,0
P3,0.12965545168207795,0.06826235059317298,False,sub-68,NS,eyesopen,75,0
P4,0.12347207993221543,0.06571769773264154,False,sub-68,NS,eyesopen,75,0
O1,0.1484819700422542,0.06304157586700526,False,sub-68,NS,eyesopen,75,0
O2,0.14313602357541352,0.062214935653416195,False,sub-68,NS,eyesopen,75,0
F7,0.191141231597414,0.08166204582404915,False,sub-68,NS,eyesopen,75,0
F8,0.16252621200426312,0.07361226004134279,False,sub-68,NS,eyesopen,75,0
T7,0.13310074612778544,0.05112669693279547,False,sub-68,NS,eyesopen,75,0
T8,0.1611384966233258,0.07277168457383165,False,sub-68,NS,eyesopen,75,0
P7,0.1786649384158256,0.07590799970829416,False,sub-68,NS,eyesopen,75,0
P8,0.15978667828635526,0.06827942102620331,False,sub-68,NS,eyesopen,75,0
Fz,0.1379507850924277,0.08557954024520882,False,sub-68,NS,eyesopen,75,0
Cz,0.1392555739239405,0.07611850518303273,False,sub-68,NS,eyesopen,75,0
Pz,0.12354035732361043,0.06550484045380002,False,sub-68,NS,eyesopen,75,0
Oz,0.14520621485994692,0.0633885605311579,False,sub-68,NS,eyesopen,75,0
FC1,0.18218910707326808,0.08634370618140995,False,sub-68,NS,eyesopen,75,0
FC2,0.1866568746160413,0.07194118572482791,False,sub-68,NS,eyesopen,75,0
CP1,0.12157832454235833,0.06918699786494259,False,sub-68,NS,eyesopen,75,0
CP2,0.11446989994231864,0.06206078871250382,False,sub-68,NS,eyesopen,75,0
FC5,0.16449620284357622,0.07420843050792296,False,sub-68,NS,eyesopen,75,0
FC6,0.15782530895712604,0.07551529840418872,False,sub-68,NS,eyesopen,75,0
CP5,0.1541681221492553,0.06430434930987142,False,sub-68,NS,eyesopen,75,0
CP6,0.14139241885687676,0.06660965663441386,False,sub-68,NS,eyesopen,75,0
TP9,0.1637295284693866,0.06933119354969208,False,sub-68,NS,eyesopen,75,0
TP10,0.17807646262892057,0.0678537201174266,False,sub-68,NS,eyesopen,75,0
POz,0.13128535077386605,0.06819573870600343,False,sub-68,NS,eyesopen,75,0
F1,0.1679836992542339,0.07976858794027115,False,sub-68,NS,eyesopen,75,0
F2,0.14726473589503727,0.07968312263904506,False,sub-68,NS,eyesopen,75,0
C1,0.13375956976441386,0.08105387039024795,False,sub-68,NS,eyesopen,75,0
C2,0.12546490377657474,0.06771617525748191,False,sub-68,NS,eyesopen,75,0
P1,0.12883159757416843,0.0683145714118078,False,sub-68,NS,eyesopen,75,0
P2,0.11821855771251916,0.06501350438008717,False,sub-68,NS,eyesopen,75,0
AF3,0.09623594409349595,0.07091157594642941,False,sub-68,NS,eyesopen,75,0
AF4,0.08264666616967752,0.06460848203570665,False,sub-68,NS,eyesopen,75,0
FC3,0.17127699058050896,0.0812599791275345,False,sub-68,NS,eyesopen,75,0
FC4,0.15877560812987673,0.07050341229724988,False,sub-68,NS,eyesopen,75,0
CP3,0.13084655991903021,0.07024683309813903,False,sub-68,NS,eyesopen,75,0
CP4,0.11957780605142418,0.06581893442759851,False,sub-68,NS,eyesopen,75,0
PO3,0.13345276944566303,0.06917194815812203,False,sub-68,NS,eyesopen,75,0
PO4,0.12257982944500954,0.06133185665871942,False,sub-68,NS,eyesopen,75,0
F5,0.16550364084982203,0.0775589838494554,False,sub-68,NS,eyesopen,75,0
F6,0.12347015364543128,0.0631019658707373,False,sub-68,NS,eyesopen,75,0
C5,0.14276486367050312,0.06095114263458195,False,sub-68,NS,eyesopen,75,0
C6,0.13537901248164008,0.06160660417150326,False,sub-68,NS,eyesopen,75,0
P5,0.14414525993669383,0.06396977991289766,False,sub-68,NS,eyesopen,75,0
P6,0.13340982580607513,0.06595271448461806,False,sub-68,NS,eyesopen,75,0
AF7,0.10271044644811424,0.07189315697255336,False,sub-68,NS,eyesopen,75,0
AF8,0.07762044336661429,0.06062103147003985,False,sub-68,NS,eyesopen,75,0
FT7,0.16610602973394342,0.07187284984087211,False,sub-68,NS,eyesopen,75,0
FT8,0.15932999180344892,0.07369019594500667,False,sub-68,NS,eyesopen,75,0
TP7,0.15264575815446668,0.06501237082715283,False,sub-68,NS,eyesopen,75,0
TP8,0.16773387039920395,0.06996735594368526,False,sub-68,NS,eyesopen,75,0
PO7,0.14974056647887554,0.06509305754003075,False,sub-68,NS,eyesopen,75,0
PO8,0.1456603972137295,0.06599782132439416,False,sub-68,NS,eyesopen,75,0
Fpz,0.07009283675978562,0.06279180103579696,False,sub-68,NS,eyesopen,75,0
CPz,0.12188354675413493,0.06455840431251952,False,sub-68,NS,eyesopen,75,0
Fp1,0.1595339101157196,0.08136501209946252,False,sub-69,NS,eyesopen,75,0
AF3,0.1802188519622622,0.0852996153402662,False,sub-69,NS,eyesopen,75,0
AF7,0.20587093768107648,0.08903736475922273,False,sub-69,NS,eyesopen,75,0
Fz,0.21953270931115274,0.09576816803667533,False,sub-69,NS,eyesopen,75,0
F1,0.2329278765098951,0.10224298316367852,False,sub-69,NS,eyesopen,75,0
F3,0.22559869744972125,0.09081256238872557,False,sub-69,NS,eyesopen,75,0
F5,0.22687048515634137,0.08418988127166631,False,sub-69,NS,eyesopen,75,0
F7,0.2346811343297333,0.08581460227783506,False,sub-69,NS,eyesopen,75,0
FC1,0.20421998970664132,0.07394034357524784,False,sub-69,NS,eyesopen,75,0
FC3,0.21684167782593936,0.07681092421722678,False,sub-69,NS,eyesopen,75,0
FC5,0.22026479769007565,0.08389058510685057,False,sub-69,NS,eyesopen,75,0
FT7,0.2121480643414304,0.08370272807869135,False,sub-69,NS,eyesopen,75,0
Cz,0.16780356977836064,0.08073209287933901,False,sub-69,NS,eyesopen,75,0
C1,0.16127207800287388,0.07776391795365241,False,sub-69,NS,eyesopen,75,0
C3,0.17166209550999634,0.08368860038546275,False,sub-69,NS,eyesopen,75,0
C5,0.19065510262591145,0.08278107519525818,False,sub-69,NS,eyesopen,75,0
T7,0.15919684356589264,0.06604668766459795,False,sub-69,NS,eyesopen,75,0
CP1,0.14897673998344363,0.07485384374356366,False,sub-69,NS,eyesopen,75,0
CP3,0.15946897184071132,0.08041963140103603,False,sub-69,NS,eyesopen,75,0
CP5,0.1789830677809869,0.08469887703834948,False,sub-69,NS,eyesopen,75,0
TP7,0.18906848135236345,0.08170530132173326,False,sub-69,NS,eyesopen,75,0
TP9,0.19348227622526754,0.08172728314726262,False,sub-69,NS,eyesopen,75,0
Pz,0.14651491563758695,0.06917897761901183,False,sub-69,NS,eyesopen,75,0
P1,0.15184928640467588,0.07166672590036285,False,sub-69,NS,eyesopen,75,0
P3,0.1557702744023416,0.07011534666555824,False,sub-69,NS,eyesopen,75,0
P5,0.1579076979063387,0.06788648728677496,False,sub-69,NS,eyesopen,75,0
P7,0.1698167915787919,0.07131071324354277,False,sub-69,NS,eyesopen,75,0
PO3,0.15426935803765635,0.06304574242725965,False,sub-69,NS,eyesopen,75,0
PO7,0.14654597532124009,0.05869122442962819,False,sub-69,NS,eyesopen,75,0
Oz,0.15405913523814146,0.056359774979963397,False,sub-69,NS,eyesopen,75,0
O1,0.14953874453555205,0.057746252968611037,False,sub-69,NS,eyesopen,75,0
Fpz,0.14706237697752095,0.0764734742510685,False,sub-69,NS,eyesopen,75,0
Fp2,0.1460355649752558,0.07559016763680262,False,sub-69,NS,eyesopen,75,0
AF4,0.15972652355583297,0.08017175162206211,False,sub-69,NS,eyesopen,75,0
AF8,0.20026127222340395,0.09369912853556743,False,sub-69,NS,eyesopen,75,0
F2,0.23402724530327315,0.0964608359364012,False,sub-69,NS,eyesopen,75,0
F4,0.2213278387070056,0.09295284275825047,False,sub-69,NS,eyesopen,75,0
F6,0.20535433710740322,0.09276039976916833,False,sub-69,NS,eyesopen,75,0
F8,0.2373789758853498,0.08828695560817588,False,sub-69,NS,eyesopen,75,0
FC2,0.22472598136988936,0.08726895715978539,False,sub-69,NS,eyesopen,75,0
FC4,0.2584156509491456,0.0947096805993605,False,sub-69,NS,eyesopen,75,0
FC6,0.24224468938715982,0.08183705634606299,False,sub-69,NS,eyesopen,75,0
FT8,0.2382545890384369,0.07903846934158096,False,sub-69,NS,eyesopen,75,0
C2,0.18433935641219384,0.07073000415398754,False,sub-69,NS,eyesopen,75,0
C4,0.1953531244615813,0.07284391742850523,False,sub-69,NS,eyesopen,75,0
C6,0.20792832408700934,0.06847701779563843,False,sub-69,NS,eyesopen,75,0
T8,0.15284874509596405,0.05267280696135071,False,sub-69,NS,eyesopen,75,0
CPz,0.14360348223096012,0.06743690944394803,False,sub-69,NS,eyesopen,75,0
CP2,0.14001880474957878,0.06208358858198159,False,sub-69,NS,eyesopen,75,0
CP4,0.1572529938846921,0.06428220855768749,False,sub-69,NS,eyesopen,75,0
CP6,0.18068126844819163,0.06476860818600455,False,sub-69,NS,eyesopen,75,0
TP8,0.19680025055848327,0.06852237072559302,False,sub-69,NS,eyesopen,75,0
TP10,0.2097784989220846,0.07892721205751003,False,sub-69,NS,eyesopen,75,0
P2,0.14503047611596726,0.06348147731340428,False,sub-69,NS,eyesopen,75,0
P4,0.14849818790940758,0.05971542065391751,False,sub-69,NS,eyesopen,75,0
P6,0.16225278317285968,0.06041834182898904,False,sub-69,NS,eyesopen,75,0
P8,0.182820760800248,0.06749632677279352,False,sub-69,NS,eyesopen,75,0
POz,0.15141789369699118,0.06145493745857853,False,sub-69,NS,eyesopen,75,0
PO4,0.1433312868185234,0.05570636741673304,False,sub-69,NS,eyesopen,75,0
PO8,0.16153840792675145,0.061901231880915376,False,sub-69,NS,eyesopen,75,0
O2,0.14216330889416193,0.05160581128058868,False,sub-69,NS,eyesopen,75,0
Fp1,0.09776901135179522,0.08661537774635429,False,sub-69,SD,eyesopen,75,0
Fp2,0.09895096713861026,0.09237215032143613,False,sub-69,SD,eyesopen,75,0
F3,0.17486477385430574,0.10397329044916587,False,sub-69,SD,eyesopen,75,0
F4,0.17049625019605066,0.10594756695675987,False,sub-69,SD,eyesopen,75,0
C3,0.18194870753185588,0.07111312614110066,False,sub-69,SD,eyesopen,75,0
C4,0.1928413818948791,0.11611281835905621,False,sub-69,SD,eyesopen,75,0
P3,0.19844090315429774,0.12996484797280222,False,sub-69,SD,eyesopen,75,0
P4,0.1818621275484641,0.11554406215494499,False,sub-69,SD,eyesopen,75,0
O1,0.1980723649469951,0.11795441353105364,False,sub-69,SD,eyesopen,75,0
O2,0.18450132802992197,0.10666101671814854,False,sub-69,SD,eyesopen,75,0
F7,0.16899300975404263,0.10582922913978197,False,sub-69,SD,eyesopen,75,0
F8,0.17762651674633656,0.10682232922224401,False,sub-69,SD,eyesopen,75,0
T7,0.2105049123476901,0.10974635551174089,False,sub-69,SD,eyesopen,75,0
T8,0.21338275449857966,0.11072478549364623,False,sub-69,SD,eyesopen,75,0
P7,0.21161847390912092,0.11816180107407717,False,sub-69,SD,eyesopen,75,0
P8,0.2049208093891855,0.11291253847906137,False,sub-69,SD,eyesopen,75,0
Fz,0.1684492739795164,0.09531286500196916,False,sub-69,SD,eyesopen,75,0
Cz,0.20494812880987,0.12361720896005712,False,sub-69,SD,eyesopen,75,0
Pz,0.19674522337072017,0.12435257596703801,False,sub-69,SD,eyesopen,75,0
Oz,0.1999337436493063,0.11808439165203599,False,sub-69,SD,eyesopen,75,0
FC1,0.18124680384705255,0.10364920939650703,False,sub-69,SD,eyesopen,75,0
FC2,0.17390532182143092,0.10729622904013396,False,sub-69,SD,eyesopen,75,0
CP1,0.20285810548580227,0.12621849362135806,False,sub-69,SD,eyesopen,75,0
CP2,0.1819490555625307,0.12062300730367885,False,sub-69,SD,eyesopen,75,0
FC5,0.19346687380154348,0.10779073271447098,False,sub-69,SD,eyesopen,75,0
FC6,0.19657970827901147,0.11218939180357262,False,sub-69,SD,eyesopen,75,0
CP5,0.20458476313705845,0.11801143363848123,False,sub-69,SD,eyesopen,75,0
CP6,0.20030858537745586,0.11496785287132567,False,sub-69,SD,eyesopen,75,0
TP9,0.21480005985532064,0.11460860523704929,False,sub-69,SD,eyesopen,75,0
TP10,0.21798262006831587,0.11276405376508059,False,sub-69,SD,eyesopen,75,0
POz,0.2003267473213433,0.12973082972589525,False,sub-69,SD,eyesopen,75,0
F1,0.17404433283191378,0.1006307715475242,False,sub-69,SD,eyesopen,75,0
F2,0.1672779835320529,0.10315032366835636,False,sub-69,SD,eyesopen,75,0
C1,0.19719699906959412,0.1124300090331807,False,sub-69,SD,eyesopen,75,0
C2,0.19380196907237515,0.11782857242343041,False,sub-69,SD,eyesopen,75,0
P1,0.2017927760039824,0.12985008875227225,False,sub-69,SD,eyesopen,75,0
P2,0.18664769162250056,0.11659491809580458,False,sub-69,SD,eyesopen,75,0
AF3,0.13810525368735016,0.09733042757330679,False,sub-69,SD,eyesopen,75,0
AF4,0.12790608750874022,0.09649707435271337,False,sub-69,SD,eyesopen,75,0
FC3,0.19377273393598754,0.10378166043347302,False,sub-69,SD,eyesopen,75,0
FC4,0.19518939283773007,0.11105541858109312,False,sub-69,SD,eyesopen,75,0
CP3,0.19624981603334854,0.1281849505438943,False,sub-69,SD,eyesopen,75,0
CP4,0.18766778778495363,0.11488612550726533,False,sub-69,SD,eyesopen,75,0
PO3,0.19673292215869417,0.13584894579875265,False,sub-69,SD,eyesopen,75,0
PO4,0.18078327361755572,0.11916753837431929,False,sub-69,SD,eyesopen,75,0
F5,0.16708193238904367,0.1047052931511019,False,sub-69,SD,eyesopen,75,0
F6,0.16853110798568974,0.10625938960632011,False,sub-69,SD,eyesopen,75,0
C5,0.20516135292099208,0.11365950686730335,False,sub-69,SD,eyesopen,75,0
C6,0.2059650359396524,0.11404918405942466,False,sub-69,SD,eyesopen,75,0
P5,0.2017497419887112,0.13093463759295684,False,sub-69,SD,eyesopen,75,0
P6,0.18808484876877465,0.1151163119653955,False,sub-69,SD,eyesopen,75,0
AF7,0.12686812693291682,0.09590317948924625,False,sub-69,SD,eyesopen,75,0
AF8,0.13475196593090757,0.10479562162067413,False,sub-69,SD,eyesopen,75,0
FT7,0.19785115908063072,0.10772076185195904,False,sub-69,SD,eyesopen,75,0
FT8,0.19843315712024737,0.11759218388456477,False,sub-69,SD,eyesopen,75,0
TP7,0.21720223649993448,0.1135182425892214,False,sub-69,SD,eyesopen,75,0
TP8,0.2086348217152971,0.1140748410458046,False,sub-69,SD,eyesopen,75,0
PO7,0.2038646009319202,0.12425428139185317,False,sub-69,SD,eyesopen,75,0
PO8,0.19063874180919244,0.11140819916237578,False,sub-69,SD,eyesopen,75,0
Fpz,0.10285510323189934,0.09190808038391407,False,sub-69,SD,eyesopen,75,0
CPz,0.2030308478005418,0.12437797273304042,False,sub-69,SD,eyesopen,75,0
Fp1,0.18763390307617922,0.0663441465918748,False,sub-70,NS,eyesopen,75,0
AF3,0.17883681259799286,0.07613306520996478,False,sub-70,NS,eyesopen,75,0
AF7,0.2369850946615525,0.0792270200332177,False,sub-70,NS,eyesopen,75,0
Fz,0.20368315916042345,0.06867625028081675,False,sub-70,NS,eyesopen,75,0
F1,0.1438437554514433,0.04732223201672045,False,sub-70,NS,eyesopen,75,0
F3,0.20393827386177873,0.07214465912454393,False,sub-70,NS,eyesopen,75,0
F5,0.1626946889810147,0.06405962020081031,False,sub-70,NS,eyesopen,75,0
F7,0.19162185524261977,0.08124331359353464,False,sub-70,NS,eyesopen,75,0
FC1,0.15959880675067076,0.05681200892529251,False,sub-70,NS,eyesopen,75,0
FC3,0.08770217759268115,0.035552534920426704,False,sub-70,NS,eyesopen,75,0
FC5,0.16874279372199094,0.06261149073351983,False,sub-70,NS,eyesopen,75,0
FT7,0.19312233899455528,0.08273415117433264,False,sub-70,NS,eyesopen,75,0
Cz,0.20063930435637045,0.07259012183753634,False,sub-70,NS,eyesopen,75,0
C1,0.18880903400885457,0.06822526462909646,False,sub-70,NS,eyesopen,75,0
C3,0.17848590872188477,0.07582234710355239,False,sub-70,NS,eyesopen,75,0
C5,0.19395872557488966,0.06518436639371891,False,sub-70,NS,eyesopen,75,0
T7,0.1505600419377297,0.06297151005739603,False,sub-70,NS,eyesopen,75,0
CP1,0.19014967650487455,0.07286830419297767,False,sub-70,NS,eyesopen,75,0
CP3,0.1601959996347097,0.05688126460078885,False,sub-70,NS,eyesopen,75,0
CP5,0.11998632976316173,0.04608301107449554,False,sub-70,NS,eyesopen,75,0
TP7,0.18501697019029187,0.07058821066212487,False,sub-70,NS,eyesopen,75,0
TP9,0.14041116974549592,0.06148835806528838,False,sub-70,NS,eyesopen,75,0
Pz,0.1634166487628671,0.06446926536586194,False,sub-70,NS,eyesopen,75,0
P1,0.20445331988115567,0.07833028563573657,False,sub-70,NS,eyesopen,75,0
P3,0.1616612102716678,0.05555462684063294,False,sub-70,NS,eyesopen,75,0
P5,0.1628285618984054,0.07230733908005049,False,sub-70,NS,eyesopen,75,0
P7,0.16920139709282483,0.061710435926328314,False,sub-70,NS,eyesopen,75,0
PO3,0.17676679684217064,0.06561461914908677,False,sub-70,NS,eyesopen,75,0
PO7,0.1904757071540427,0.07706547616022673,False,sub-70,NS,eyesopen,75,0
Oz,0.15396695698693788,0.06241501933297864,False,sub-70,NS,eyesopen,75,0
O1,0.17978578856834534,0.0767586558131048,False,sub-70,NS,eyesopen,75,0
Fpz,0.1250698029412064,0.05710827749875049,False,sub-70,NS,eyesopen,75,0
Fp2,0.2010558004607789,0.06535283080038827,False,sub-70,NS,eyesopen,75,0
AF4,0.14065341717262086,0.05656102250562623,False,sub-70,NS,eyesopen,75,0
AF8,0.25168983692973335,0.08860918132004132,False,sub-70,NS,eyesopen,75,0
F2,0.1520968327207824,0.04588938752594164,False,sub-70,NS,eyesopen,75,0
F4,0.19882151755084285,0.07997902414101567,False,sub-70,NS,eyesopen,75,0
F6,0.13877710727853354,0.0555966484168546,False,sub-70,NS,eyesopen,75,0
F8,0.19793349179675115,0.08538770189456957,False,sub-70,NS,eyesopen,75,0
FC2,0.15203442341846457,0.04564310259975631,False,sub-70,NS,eyesopen,75,0
FC4,0.09555706152936394,0.03541019225039882,False,sub-70,NS,eyesopen,75,0
FC6,0.17338015881063834,0.06882970720945972,False,sub-70,NS,eyesopen,75,0
FT8,0.18009100943263087,0.07755149042123044,False,sub-70,NS,eyesopen,75,0
C2,0.19932432296688465,0.06345023358089552,False,sub-70,NS,eyesopen,75,0
C4,0.16695789318556065,0.07565083121779409,False,sub-70,NS,eyesopen,75,0
C6,0.19275871481650778,0.07238977831534685,False,sub-70,NS,eyesopen,75,0
T8,0.13581993923352628,0.05943716338732791,False,sub-70,NS,eyesopen,75,0
CPz,0.12466989449592997,0.0503176426538276,False,sub-70,NS,eyesopen,75,0
CP2,0.17736876608714877,0.06813107357540547,False,sub-70,NS,eyesopen,75,0
CP4,0.16623751410707463,0.06185116471017118,False,sub-70,NS,eyesopen,75,0
CP6,0.13794566708114672,0.05491212578788618,False,sub-70,NS,eyesopen,75,0
TP8,0.1809001493258223,0.06533819417125075,False,sub-70,NS,eyesopen,75,0
TP10,0.09865472397156762,0.039278454766328075,False,sub-70,NS,eyesopen,75,0
P2,0.20622950236627513,0.08156404222604456,False,sub-70,NS,eyesopen,75,0
P4,0.16562689155407712,0.053286521982340414,False,sub-70,NS,eyesopen,75,0
P6,0.24850578044515467,0.0870803491116372,False,sub-70,NS,eyesopen,75,0
P8,0.1790080810152053,0.06283081526151035,False,sub-70,NS,eyesopen,75,0
POz,0.1679255575840469,0.06219513154865729,False,sub-70,NS,eyesopen,75,0
PO4,0.1544183539352206,0.06023878680689,False,sub-70,NS,eyesopen,75,0
PO8,0.1926492334834349,0.08074719558124346,False,sub-70,NS,eyesopen,75,0
O2,0.21963495459956506,0.07888295219658006,False,sub-70,NS,eyesopen,75,0
Fp1,0.10994931655752273,0.05725034080124976,False,sub-70,SD,eyesopen,75,1
AF3,0.11327828898147328,0.0590337030090808,False,sub-70,SD,eyesopen,75,1
AF7,0.13345913506841472,0.059423693292894465,False,sub-70,SD,eyesopen,75,1
Fz,0.16522051329778786,0.08187550460874729,False,sub-70,SD,eyesopen,75,1
F1,0.1704589066068345,0.07004644866657855,False,sub-70,SD,eyesopen,75,1
F3,0.15690000710826563,0.06201592400806621,False,sub-70,SD,eyesopen,75,1
F5,0.13189999595792504,0.05765220979524763,False,sub-70,SD,eyesopen,75,1
F7,0.12570749836444067,0.05890259125702408,False,sub-70,SD,eyesopen,75,1
FC1,0.12830644664299273,0.05526404614703338,True,sub-70,SD,eyesopen,75,1
FC3,0.15193825982791817,0.06827584556543762,False,sub-70,SD,eyesopen,75,1
FC5,0.16172653300965997,0.06502293481669442,False,sub-70,SD,eyesopen,75,1
FT7,0.16119129911391758,0.06559236486834852,False,sub-70,SD,eyesopen,75,1
Cz,0.19961957674167724,0.09102527475557486,False,sub-70,SD,eyesopen,75,1
C1,0.17823974533688317,0.0731176127997519,False,sub-70,SD,eyesopen,75,1
C3,0.15671465740271032,0.06526920755017267,False,sub-70,SD,eyesopen,75,1
C5,0.15233069309702277,0.0670022448138265,False,sub-70,SD,eyesopen,75,1
T7,0.14059291118682352,0.06131618643529971,False,sub-70,SD,eyesopen,75,1
CP1,0.18694137578996253,0.06935707244063717,False,sub-70,SD,eyesopen,75,1
CP3,0.17668417075202691,0.07358625368569915,False,sub-70,SD,eyesopen,75,1
CP5,0.1650934176725803,0.07045723637286058,False,sub-70,SD,eyesopen,75,1
TP7,0.1813899282843788,0.0762655327874187,False,sub-70,SD,eyesopen,75,1
TP9,0.1638615981240074,0.06879514523060233,False,sub-70,SD,eyesopen,75,1
Pz,0.1900677485315308,0.07193929077567668,False,sub-70,SD,eyesopen,75,1
P1,0.19183838844203463,0.075342888494651,False,sub-70,SD,eyesopen,75,1
P3,0.19447277052776965,0.07845887923450494,False,sub-70,SD,eyesopen,75,1
P5,0.19508536567766357,0.07919035671762073,False,sub-70,SD,eyesopen,75,1
P7,0.19510283881976184,0.07939668015965351,False,sub-70,SD,eyesopen,75,1
PO3,0.19616756908964494,0.07926204239423727,False,sub-70,SD,eyesopen,75,1
PO7,0.20595887537968494,0.08458920366191038,False,sub-70,SD,eyesopen,75,1
Oz,0.19000273345087879,0.08055333572382692,False,sub-70,SD,eyesopen,75,1
O1,0.20168222322822474,0.08413194177985768,False,sub-70,SD,eyesopen,75,1
Fpz,0.12613710206212245,0.06851655303474458,False,sub-70,SD,eyesopen,75,1
Fp2,0.09944175732634299,0.057391134749493644,False,sub-70,SD,eyesopen,75,1
AF4,0.125474549672438,0.06629155394386718,False,sub-70,SD,eyesopen,75,1
AF8,0.10045977981116855,0.05743561058242556,False,sub-70,SD,eyesopen,75,1
F2,0.1728362061440876,0.08027823589023234,False,sub-70,SD,eyesopen,75,1
F4,0.15161771887026912,0.06881727302161109,False,sub-70,SD,eyesopen,75,1
F6,0.15052647949077286,0.0676851458830661,False,sub-70,SD,eyesopen,75,1
F8,0.15068712092620348,0.0678748795676022,False,sub-70,SD,eyesopen,75,1
FC2,0.1755138332301056,0.07691883176672717,False,sub-70,SD,eyesopen,75,1
FC4,0.12513930475002857,0.06157825909074553,False,sub-70,SD,eyesopen,75,1
FC6,0.1379426138920486,0.06820017346794931,False,sub-70,SD,eyesopen,75,1
FT8,0.13864001266980805,0.0690547852143748,False,sub-70,SD,eyesopen,75,1
C2,0.16829312498487378,0.06423406297598837,False,sub-70,SD,eyesopen,75,1
C4,0.14869674178805434,0.05918426558507872,False,sub-70,SD,eyesopen,75,1
C6,0.1547090438123635,0.060594877941876214,False,sub-70,SD,eyesopen,75,1
T8,0.1486233374910335,0.06453424455480489,False,sub-70,SD,eyesopen,75,1
CPz,0.1896806482629424,0.0752527472898825,False,sub-70,SD,eyesopen,75,1
CP2,0.18050783283279054,0.06537413039184367,False,sub-70,SD,eyesopen,75,1
CP4,0.17273564168246686,0.0631121434485759,False,sub-70,SD,eyesopen,75,1
CP6,0.1787655253445076,0.06362396952195742,False,sub-70,SD,eyesopen,75,1
TP8,0.18114712761332818,0.06435792819011918,False,sub-70,SD,eyesopen,75,1
TP10,0.1793569220257951,0.07019834566289361,False,sub-70,SD,eyesopen,75,1
P2,0.18545097119485565,0.06997084109201115,False,sub-70,SD,eyesopen,75,1
P4,0.184530844705896,0.06617453859356298,False,sub-70,SD,eyesopen,75,1
P6,0.18461580332596056,0.06689888390013934,False,sub-70,SD,eyesopen,75,1
P8,0.19551865153522752,0.0689932921697247,False,sub-70,SD,eyesopen,75,1
POz,0.194546866642785,0.07693695912126684,False,sub-70,SD,eyesopen,75,1
PO4,0.18932047540594177,0.07511890340622568,False,sub-70,SD,eyesopen,75,1
PO8,0.19575310668433482,0.0733148378769058,False,sub-70,SD,eyesopen,75,1
O2,0.18389912169744943,0.07747199815910921,False,sub-70,SD,eyesopen,75,1
Fp1,0.15164400784821547,0.07663893054679227,False,sub-71,NS,eyesopen,75,1
AF3,0.15140834438150233,0.058348285901864846,False,sub-71,NS,eyesopen,75,1
AF7,0.1465213451098292,0.06108827003282229,False,sub-71,NS,eyesopen,75,1
Fz,0.17791960258161477,0.06234603825328409,False,sub-71,NS,eyesopen,75,1
F1,0.15238150995082483,0.09080595324301917,False,sub-71,NS,eyesopen,75,1
F3,0.14157349038089673,0.05900239340007573,False,sub-71,NS,eyesopen,75,1
F5,0.1537751368200762,0.05847443026150015,False,sub-71,NS,eyesopen,75,1
F7,0.14330087840181382,0.05508511549594943,False,sub-71,NS,eyesopen,75,1
FC1,0.1441332451606835,0.06838007999403183,False,sub-71,NS,eyesopen,75,1
FC3,0.14989614285396574,0.07656110637804221,False,sub-71,NS,eyesopen,75,1
FC5,0.18016666313617108,0.05779781821548974,False,sub-71,NS,eyesopen,75,1
FT7,0.12297936154779977,0.06168722327469035,False,sub-71,NS,eyesopen,75,1
Cz,0.18669442562819066,0.08122662620833311,False,sub-71,NS,eyesopen,75,1
C1,0.14427572051744744,0.06361469579690719,False,sub-71,NS,eyesopen,75,1
C3,0.12218885768491441,0.060545652091534514,False,sub-71,NS,eyesopen,75,1
C5,0.14822811871028235,0.06899521309258969,False,sub-71,NS,eyesopen,75,1
T7,0.149355336050777,0.07627049656374638,False,sub-71,NS,eyesopen,75,1
CP1,0.16307537817805495,0.06073642882656871,False,sub-71,NS,eyesopen,75,1
CP3,0.14396171290814264,0.0654547649503879,False,sub-71,NS,eyesopen,75,1
CP5,0.15818611365098215,0.06878303856372961,False,sub-71,NS,eyesopen,75,1
TP7,0.14395013335092222,0.0635863566374444,False,sub-71,NS,eyesopen,75,1
TP9,0.12592901746575336,0.0706088618830156,False,sub-71,NS,eyesopen,75,1
Pz,0.1527066327371425,0.058037608045782355,False,sub-71,NS,eyesopen,75,1
P1,0.1515439279843022,0.061100067255070986,False,sub-71,NS,eyesopen,75,1
P3,0.15955662708161508,0.08950624951910015,False,sub-71,NS,eyesopen,75,1
P5,0.11649274330362343,0.0680600581173365,False,sub-71,NS,eyesopen,75,1
P7,0.14428014046400295,0.06599513804536573,False,sub-71,NS,eyesopen,75,1
PO3,0.17845833501870972,0.06286511279784972,False,sub-71,NS,eyesopen,75,1
PO7,0.16270739665833436,0.05817943247500987,False,sub-71,NS,eyesopen,75,1
Oz,0.17279380527489882,0.07362435207879744,False,sub-71,NS,eyesopen,75,1
O1,0.14421642429913706,0.06143866998508844,False,sub-71,NS,eyesopen,75,1
Fpz,0.1481316869296397,0.0670949534128021,False,sub-71,NS,eyesopen,75,1
Fp2,0.14698505662583417,0.058765413630141976,False,sub-71,NS,eyesopen,75,1
AF4,0.15525104200022907,0.0831291253140729,False,sub-71,NS,eyesopen,75,1
AF8,0.1666201987574998,0.06294168558931466,False,sub-71,NS,eyesopen,75,1
F2,0.1535401047422245,0.08432049309832915,False,sub-71,NS,eyesopen,75,1
F4,0.15398453935207915,0.08017670322727456,False,sub-71,NS,eyesopen,75,1
F6,0.15555835494952674,0.08267749028456625,False,sub-71,NS,eyesopen,75,1
F8,0.13772450148894605,0.07624718762459126,False,sub-71,NS,eyesopen,75,1
FC2,0.14365853585102176,0.07200281243252099,False,sub-71,NS,eyesopen,75,1
FC4,0.1591324989385545,0.08469208563643121,False,sub-71,NS,eyesopen,75,1
FC6,0.18040073253325348,0.07999392724444919,False,sub-71,NS,eyesopen,75,1
FT8,0.11846744950747355,0.06836367008695339,False,sub-71,NS,eyesopen,75,1
C2,0.1498359143340468,0.06905984642982518,False,sub-71,NS,eyesopen,75,1
C4,0.11592343142392532,0.06962242480333702,False,sub-71,NS,eyesopen,75,1
C6,0.12960040635819026,0.07300196951755003,False,sub-71,NS,eyesopen,75,1
T8,0.13284049946132814,0.07902249496702676,False,sub-71,NS,eyesopen,75,1
CPz,0.1508554193044052,0.07124629374498101,False,sub-71,NS,eyesopen,75,1
CP2,0.14654971637694658,0.0647591577819863,False,sub-71,NS,eyesopen,75,1
CP4,0.1494655345775948,0.07610558919089687,False,sub-71,NS,eyesopen,75,1
CP6,0.15484247746771523,0.08199546449777631,False,sub-71,NS,eyesopen,75,1
TP8,0.18328661018994938,0.08843662677540579,False,sub-71,NS,eyesopen,75,1
TP10,0.15675875923729327,0.0810520682812326,False,sub-71,NS,eyesopen,75,1
P2,0.16771468638712989,0.08152831063172353,False,sub-71,NS,eyesopen,75,1
P4,0.15513641934637257,0.08302947891003055,False,sub-71,NS,eyesopen,75,1
P6,0.1713684234630348,0.07584328620046069,True,sub-71,NS,eyesopen,75,1
P8,0.1417696285304556,0.07421856628964879,False,sub-71,NS,eyesopen,75,1
POz,0.17475956655250863,0.07702543474863724,False,sub-71,NS,eyesopen,75,1
PO4,0.18845011995430924,0.08366995400089694,False,sub-71,NS,eyesopen,75,1
PO8,0.1551469780066168,0.0822491736159814,False,sub-71,NS,eyesopen,75,1
O2,0.17637322726131185,0.07511385683226318,False,sub-71,NS,eyesopen,75,1
Fp1,0.13739722880027444,0.07435203898913059,False,sub-71,SD,eyesopen,75,0
AF3,0.1480084037576306,0.07629992585686464,False,sub-71,SD,eyesopen,75,0
AF7,0.13755414253544018,0.07090621383465141,False,sub-71,SD,eyesopen,75,0
Fz,0.18508839398068835,0.09024332226537393,False,sub-71,SD,eyesopen,75,0
F1,0.18481213817602193,0.09389534735249763,False,sub-71,SD,eyesopen,75,0
F3,0.16677514408300584,0.06851842624513782,False,sub-71,SD,eyesopen,75,0
F5,0.16619606134647352,0.06816405482945058,False,sub-71,SD,eyesopen,75,0
F7,0.16927107314630843,0.06850485809936921,False,sub-71,SD,eyesopen,75,0
FC1,0.19818948038949374,0.07352369172654862,False,sub-71,SD,eyesopen,75,0
FC3,0.22800618519346125,0.08844154628334802,False,sub-71,SD,eyesopen,75,0
FC5,0.22698991254971812,0.08909105124996065,False,sub-71,SD,eyesopen,75,0
FT7,0.2016067228804845,0.08696015898472974,False,sub-71,SD,eyesopen,75,0
Cz,0.183030913489374,0.07992693041267779,False,sub-71,SD,eyesopen,75,0
C1,0.191515093135167,0.0837603137409206,False,sub-71,SD,eyesopen,75,0
C3,0.2139204795802052,0.09332018671396555,False,sub-71,SD,eyesopen,75,0
C5,0.24223599827553136,0.09831353311602158,False,sub-71,SD,eyesopen,75,0
T7,0.21659608246170794,0.08702376368357743,False,sub-71,SD,eyesopen,75,0
CP1,0.18874695601837638,0.09088671301800774,False,sub-71,SD,eyesopen,75,0
CP3,0.1944318462864217,0.09435245288287236,False,sub-71,SD,eyesopen,75,0
CP5,0.23073421005351008,0.09504429616887472,False,sub-71,SD,eyesopen,75,0
TP7,0.23162986240322836,0.09696397809647517,False,sub-71,SD,eyesopen,75,0
TP9,0.21878462788541622,0.09102040756965639,False,sub-71,SD,eyesopen,75,0
Pz,0.17066403656213833,0.09600004971817686,False,sub-71,SD,eyesopen,75,0
P1,0.18045507663390228,0.09580547201877627,False,sub-71,SD,eyesopen,75,0
P3,0.20163338473557946,0.09471165814714447,False,sub-71,SD,eyesopen,75,0
P5,0.2021699684780557,0.09542996510671696,False,sub-71,SD,eyesopen,75,0
P7,0.21611276022140805,0.10003999190042735,False,sub-71,SD,eyesopen,75,0
PO3,0.20070121928924234,0.09507551314680887,False,sub-71,SD,eyesopen,75,0
PO7,0.17121060880812397,0.07548345241438112,False,sub-71,SD,eyesopen,75,0
Oz,0.17935817693891062,0.0925800369618419,False,sub-71,SD,eyesopen,75,0
O1,0.16997060362771532,0.08088861848551834,False,sub-71,SD,eyesopen,75,0
Fpz,0.1403245616783421,0.08092288065576071,False,sub-71,SD,eyesopen,75,0
Fp2,0.1400785166358555,0.08411957011014348,False,sub-71,SD,eyesopen,75,0
AF4,0.15138979362145397,0.08755190209043402,False,sub-71,SD,eyesopen,75,0
AF8,0.14126908184026066,0.07892640664386714,False,sub-71,SD,eyesopen,75,0
F2,0.18715891589361724,0.09567246477893167,False,sub-71,SD,eyesopen,75,0
F4,0.17156804272491827,0.08097154995931105,False,sub-71,SD,eyesopen,75,0
F6,0.14842247656397276,0.07139458029934889,False,sub-71,SD,eyesopen,75,0
F8,0.1416373678972129,0.07131366757103472,False,sub-71,SD,eyesopen,75,0
FC2,0.20934756599145252,0.07096874328761132,False,sub-71,SD,eyesopen,75,0
FC4,0.18319586829811443,0.08044373940706326,False,sub-71,SD,eyesopen,75,0
FC6,0.18380246759669505,0.07831135692846437,False,sub-71,SD,eyesopen,75,0
FT8,0.15672654316882234,0.06331087731529096,False,sub-71,SD,eyesopen,75,0
C2,0.20075533269599974,0.08025305059102056,False,sub-71,SD,eyesopen,75,0
C4,0.22519911448131996,0.09303014411852133,False,sub-71,SD,eyesopen,75,0
C6,0.21724081867945855,0.08405040899986443,False,sub-71,SD,eyesopen,75,0
T8,0.16239452351700778,0.07390654268927575,False,sub-71,SD,eyesopen,75,0
CPz,0.1681767455786823,0.08564392504069378,False,sub-71,SD,eyesopen,75,0
CP2,0.19269616018396388,0.09319627526480548,False,sub-71,SD,eyesopen,75,0
CP4,0.21464522497244232,0.09834088577605661,False,sub-71,SD,eyesopen,75,0
CP6,0.21398764129073058,0.09876505160349955,False,sub-71,SD,eyesopen,75,0
TP8,0.16649813498508217,0.08271295181187625,False,sub-71,SD,eyesopen,75,0
TP10,0.19778072152537346,0.09045166685978272,False,sub-71,SD,eyesopen,75,0
P2,0.18200582116306208,0.09381549949236469,False,sub-71,SD,eyesopen,75,0
P4,0.20217900646466921,0.10670150306775893,False,sub-71,SD,eyesopen,75,0
P6,0.20235873746591032,0.10627178195994208,False,sub-71,SD,eyesopen,75,0
P8,0.2033039006361031,0.10704144331996983,False,sub-71,SD,eyesopen,75,0
POz,0.17032097645795272,0.10175984439483407,False,sub-71,SD,eyesopen,75,0
PO4,0.17366511742947993,0.10419679594673056,False,sub-71,SD,eyesopen,75,0
PO8,0.20187667566106568,0.10665120630290544,False,sub-71,SD,eyesopen,75,0
O2,0.18063958586420711,0.0899730662572613,False,sub-71,SD,eyesopen,75,0
